Cluster ID,confidence_score,MAROB_ID,IID,MESSZEIT,KENNUNG,GEOGR_BREITE,GEOGR_LAENGE,FEUCHTTEMPERATUR,WASSERTEMPERATUR,LUFTDRUCK_REDUZIERT,HORIZONTALE_SICHT,WETTER
0,0.99998385,8773461,10256,2019-04-15 01:00,9V8896, 28.5000,-068.6000,, 23.80, 1021.60,20000,3
0,0.99998385,8773443,256,2019-04-15 01:00,9V8896, 28.5000,-068.6000,, 23.80, 1021.60,20010,3
1,0.99998385,8827342,10256,2019-04-15 01:00,A8RH6, 01.1000, 004.0000, 25.20, 29.50, 1011.10,20000,3
1,0.99998385,8827339,256,2019-04-15 01:00,A8RH6, 01.1000, 004.0000,, 29.50, 1011.10,20010,3
239,,8826978,256,2019-04-15 01:00,A8ZU9,-23.4000,-044.0000,,, 1016.50,20010,2
240,,8763675,10384,2019-04-15 01:00,DBBA, 54.4000, 012.4000,, 05.90, 1032.50,,509
2,0.99993086,8824802,10384,2019-04-15 01:00,DBEA, 54.0000, 008.2000,, 07.20, 1029.10,,509
2,0.99993086,8763352,10384,2019-04-15 01:00,DBEA, 54.0000, 008.2000,, 07.00, 1031.00,,509
241,,8780265,10384,2019-04-15 01:00,DBFC, 54.4000, 012.4000,, 05.50, 1032.30,,509
242,,8763674,10384,2019-04-15 01:00,DBFH, 53.5000, 008.6000,, 07.10, 1029.00,,509
243,,8780111,10384,2019-04-15 01:00,DBFI, 53.9000, 008.7000,, 09.40, 1030.70,,509
244,,8780067,10384,2019-04-15 01:00,DBFX, 53.5000, 008.6000,, 10.20, 1029.70,,509
245,,8763679,10384,2019-04-15 01:00,DBJM, 54.0000, 008.5000,, 07.30, 1030.90,,509
3,0.9999308586120605,8789156,384,2019-04-15 01:00,DBKR, 54.1000, 012.1000,, 09.20, 1032.20,,509
3,0.9999308586120605,8789376,384,2019-04-15 01:00,DBKR, 54.1000, 012.1000,, 08.80, 1032.30,,509
3,0.9999308586120605,8789380,10384,2019-04-15 01:00,DBKR, 54.1000, 012.1000,, 08.80, 1032.30,,509
3,0.9999308586120605,8789317,10384,2019-04-15 01:00,DBKR, 54.1000, 012.1000,, 09.20, 1032.20,,509
4,0.99993086,8826904,10384,2019-04-15 01:00,DBLK,-53.2000,-070.9000,, 08.30, 0993.60,,509
4,0.99993086,8826865,384,2019-04-15 01:00,DBLK,-53.2000,-070.9000,, 08.30, 0993.60,,509
5,0.99998385,8773442,256,2019-04-15 01:00,DCPX2, 06.9000, 136.1000,, 28.00, 1011.00,20010,3
5,0.99998385,8773460,10256,2019-04-15 01:00,DCPX2, 06.9000, 136.1000, 29.00, 28.00, 1011.00,20000,3
246,,8826727,10384,2019-04-15 01:00,EUCDE14, 08.8600,-079.4800,,, 1012.10,,
247,,8784272,10384,2019-04-15 02:00,DBFC, 54.4000, 012.4000,, 05.50, 1032.60,,509
248,,8784271,10384,2019-04-15 02:00,DBFI, 53.9000, 008.7000,, 09.30, 1030.70,,509
249,,8784260,10384,2019-04-15 02:00,DBFX, 53.5000, 008.6000,, 10.20, 1029.70,,509
6,0.99993086,8789366,384,2019-04-15 02:00,DBKR, 54.1000, 012.1000,, 08.70, 1032.10,,509
6,0.99993086,8789358,10384,2019-04-15 02:00,DBKR, 54.1000, 012.1000,, 08.70, 1032.10,,509
250,,8831853,384,2019-04-15 02:00,DBKV, 54.3000, 010.2000,, 07.90, 1029.40,,509
251,,8831858,384,2019-04-15 02:00,DBND, 54.3000, 010.2000,, 08.20, 1029.50,,509
252,,8831859,384,2019-04-15 02:00,EUCDE08, 49.9000,-003.5000,, 10.90, 1012.40,,509
253,,8831881,384,2019-04-15 02:00,EUCDE09, 48.9000,-067.9000,, 02.90, 1000.50,,509
254,,8831888,384,2019-04-15 02:00,EUCDE19, 33.1000, 137.7000,,, 1014.80,,509
255,,8831872,384,2019-04-15 02:00,EUCDE25, 32.7000,-016.7000,,, 1020.80,,509
7,0.99993086,8836740,384,2019-04-15 03:00,6201065, 54.0000, 006.6000,,, 1026.70,,509
7,0.99993086,8775437,384,2019-04-15 03:00,6201065, 54.0000, 006.6000,,, 1031.00,,509
8,0.99993086,8836739,384,2019-04-15 03:00,6201066, 55.2000, 007.2000,,, 1029.00,,509
8,0.99993086,8775447,384,2019-04-15 03:00,6201066, 55.2000, 007.2000,,, 1033.20,,509
9,0.99998385,8776196,10256,2019-04-15 03:00,A8EG9, 12.1000,-073.7000, 24.50,, 1012.20,10000,5
9,0.99998385,8776336,256,2019-04-15 03:00,A8EG9, 12.1000,-073.7000,,, 1012.20,10010,5
10,0.99998385,8775347,256,2019-04-15 03:00,A8NQ6, 26.5000,-114.8000,,, 1012.00,20010,2
10,0.99998385,8775312,10256,2019-04-15 03:00,A8NQ6, 26.5000,-114.8000, 19.00,, 1012.00,20000,2
11,0.99999994,8781276,256,2019-04-15 03:00,A8PC7, 12.7000,-082.0000,,, 1014.00,20010,510
11,0.99999994,8781305,10256,2019-04-15 03:00,A8PC7, 12.7000,-082.0000, 24.50,, 1014.00,20000,
12,0.99999994,8778955,10256,2019-04-15 03:00,A8PG8, 16.2000,-082.7000, 25.00, 28.00, 1012.00,10000,0
12,0.99999994,8779297,256,2019-04-15 03:00,A8PG8, 16.2000,-082.7000,, 28.00, 1012.00,10010,0
13,0.99998385,8776604,256,2019-04-15 03:00,A8VE3, 21.0000, 121.0000,, 28.20, 1014.00,10010,58
13,0.99998385,8776253,10256,2019-04-15 03:00,A8VE3, 21.0000, 121.0000, 23.60, 28.20, 1014.00,10000,58
14,0.99998385,8836629,10256,2019-04-15 03:00,A8ZE4, 08.0000, 108.5000,, 30.80, 1009.10,10000,3
14,0.99998385,8836653,256,2019-04-15 03:00,A8ZE4, 08.0000, 108.5000,, 30.80, 1009.10,10010,3
256,,8774424,10384,2019-04-15 03:00,DBBA, 54.4000, 012.4000,, 05.90, 1032.60,,509
257,,8835796,10384,2019-04-15 03:00,DBBA, 54.1000, 012.1000,, 09.00, 1028.80,,509
258,,8836794,10384,2019-04-15 03:00,DBBE, 13.4000,-123.2000,, 26.90, 1011.90,,509
259,,8775409,10384,2019-04-15 03:00,DBBE, 12.9000,-120.9000,, 27.00, 1011.30,,509
16,0.9999838471412659,8837149,10256,2019-04-15 03:00,DBBH, 16.7000,-062.1000,, 26.50, 1017.90,20000,2
16,0.9999838471412659,8837201,256,2019-04-15 03:00,DBBH, 16.7000,-062.1000,, 26.50, 1017.90,20010,2
15,0.9999308586120605,8775615,384,2019-04-15 03:00,DBBH, 16.5000,-061.9000,, 26.70, 1016.70,,509
15,0.9999308586120605,8775669,10384,2019-04-15 03:00,DBBH, 16.5000,-061.9000,, 26.70, 1016.70,,509
17,0.99993086,8836680,10384,2019-04-15 03:00,DBBT,-29.3000,-037.0000,, 24.50, 1020.50,,509
17,0.99993086,8836709,384,2019-04-15 03:00,DBBT,-29.3000,-037.0000,, 24.50, 1020.50,,509
260,,8774154,10384,2019-04-15 03:00,DBEA, 54.0000, 008.2000,, 07.00, 1030.80,,509
261,,8789432,10384,2019-04-15 03:00,DBFC, 54.4000, 012.4000,, 05.50, 1032.50,,509
262,,8774425,10384,2019-04-15 03:00,DBFH, 53.5000, 008.6000,, 06.50, 1029.30,,509
18,0.99993086,8851105,10384,2019-04-15 03:00,DBFI, 53.9000, 008.7000,, 09.50, 1026.80,,509
18,0.99993086,8789430,10384,2019-04-15 03:00,DBFI, 53.9000, 008.7000,, 09.30, 1030.80,,509
263,,8789357,10384,2019-04-15 03:00,DBFX, 53.5000, 008.6000,, 10.20, 1030.00,,509
264,,8835823,10384,2019-04-15 03:00,DBJM, 53.9000, 008.9000,, 08.90, 1027.40,,509
265,,8774444,10384,2019-04-15 03:00,DBJM, 54.0000, 008.5000,, 07.60, 1031.10,,509
19,0.99993086,8789544,384,2019-04-15 03:00,DBKR, 54.1000, 012.1000,, 08.70, 1031.80,,509
19,0.99993086,8789546,10384,2019-04-15 03:00,DBKR, 54.1000, 012.1000,, 08.70, 1031.80,,509
20,0.9999155425529358,8836692,384,2019-04-15 03:00,DBKV, 54.3000, 010.2000,, 08.00, 1028.70,,509
20,0.9999155425529358,8775336,384,2019-04-15 03:00,DBKV, 54.3000, 010.2000,, 07.70, 1032.30,,509
20,0.999902606010437,8775972,10384,2019-04-15 03:00,DBKV, 54.3300, 010.1800,, 07.74, 1032.30,,
21,0.99993086,8776178,10384,2019-04-15 03:00,DBLK,-52.9000,-070.8000,, 08.00, 0996.30,,509
21,0.99993086,8776108,384,2019-04-15 03:00,DBLK,-52.9000,-070.8000,, 08.00, 0996.30,,509
22,0.9941968473433799,8836637,384,2019-04-15 03:00,DBND, 54.3000, 010.2000,, 08.30, 1028.90,,509
22,0.9917933940645022,8775973,10384,2019-04-15 03:00,DBND, 54.3300, 010.1500,, 07.94, 1032.50,,
22,0.9941968473433799,8775337,384,2019-04-15 03:00,DBND, 54.3000, 010.2000,, 07.90, 1032.50,,509
24,0.9999838471412659,8836791,10256,2019-04-15 03:00,DDSD2, 35.4000,-008.1000,, 17.90, 1019.50,10000,3
24,0.9999838471412659,8836738,256,2019-04-15 03:00,DDSD2, 35.4000,-008.1000,, 17.90, 1019.50,10010,3
23,0.9999838471412659,8775121,256,2019-04-15 03:00,DDSD2, 34.2000,-012.5000,, 17.90, 1015.50,10010,3
23,0.9999838471412659,8775125,10256,2019-04-15 03:00,DDSD2, 34.2000,-012.5000,, 17.90, 1015.50,10000,3
25,0.99998385,8778612,10256,2019-04-15 03:00,DDYL2, 45.5000, 154.3000,, 01.00, 1022.70,10000,2
25,0.99998385,8778627,256,2019-04-15 03:00,DDYL2, 45.5000, 154.3000,, 01.00, 1022.70,10010,2
26,0.99998385,8775311,10256,2019-04-15 03:00,DEFY, 39.5000,-023.9000, 10.90, 15.00, 1013.60,10000,1
26,0.99998385,8775331,256,2019-04-15 03:00,DEFY, 39.5000,-023.9000,, 15.00, 1013.60,10010,1
27,0.99998385,8776675,10256,2019-04-15 03:00,DFGX2, 36.7000, 132.4000, 11.60, 12.00, 1017.80,20000,2
27,0.99998385,8776730,256,2019-04-15 03:00,DFGX2, 36.7000, 132.4000,, 12.00, 1017.80,20010,2
28,0.99999994,8778881,256,2019-04-15 03:00,DFNB2, 34.6000, 122.2000,, 09.00, 1021.90,4010,0
28,0.99999994,8778901,10256,2019-04-15 03:00,DFNB2, 34.6000, 122.2000,, 09.00, 1021.90,4000,0
29,0.99998385,8778500,10256,2019-04-15 03:00,DGWD2, 10.8000, 108.7000,, 29.00, 1012.20,20000,2
29,0.99998385,8778558,256,2019-04-15 03:00,DGWD2, 10.8000, 108.7000,, 29.00, 1012.20,20010,2
30,0.9999838471412659,8836607,256,2019-04-15 03:00,DHBN,-34.1000, 163.0000,, 23.00, 1023.70,20010,3
30,0.9999838471412659,8836486,10256,2019-04-15 03:00,DHBN,-34.1000, 163.0000, 16.00, 23.00, 1023.70,20000,3
266,,8775131,10256,2019-04-15 03:00,DHBN,-34.2000, 167.3000, 15.50, 23.00, 1022.30,20000,2
31,0.99998385,8775126,10256,2019-04-15 03:00,DIHC, 47.0000, 161.3000, 03.10, 02.00, 1024.90,20000,1
31,0.99998385,8775123,256,2019-04-15 03:00,DIHC, 47.0000, 161.3000,, 02.00, 1024.90,20010,1
32,0.99998385,8779299,256,2019-04-15 03:00,DITI2, 26.4000,-095.2000,,, 1018.00,20010,2
32,0.99998385,8778960,10256,2019-04-15 03:00,DITI2, 26.4000,-095.2000, 16.00,, 1018.00,20000,2
34,0.9999838471412659,8836628,10256,2019-04-15 03:00,DJQB2, 14.3000,-072.2000,, 25.00, 1015.20,20000,3
34,0.9999838471412659,8836528,256,2019-04-15 03:00,DJQB2, 14.3000,-072.2000,, 25.00, 1015.20,20010,3
33,0.9999838471412659,8776025,256,2019-04-15 03:00,DJQB2, 16.7000,-069.6000,, 25.00, 1016.20,20010,2
33,0.9999838471412659,8776073,10256,2019-04-15 03:00,DJQB2, 16.7000,-069.6000,, 25.00, 1016.20,20000,2
35,0.9999838471412659,8775993,256,2019-04-15 03:00,DJQC2,-19.8000,-075.2000,, 21.00, 1015.70,20010,2
35,0.9999838471412659,8776074,10256,2019-04-15 03:00,DJQC2,-19.8000,-075.2000,, 21.00, 1015.70,20000,2
267,,8837213,256,2019-04-15 03:00,DJQC2,-15.7000,-076.3000,, 22.00, 1013.60,20010,2
36,0.9955557583755333,8775976,10384,2019-04-15 03:00,EUCDE08, 50.6600, 000.7400,, 09.99, 1024.40,,
36,0.9955557583755333,8775340,384,2019-04-15 03:00,EUCDE08, 50.7000, 000.7000,, 10.00, 1024.40,,509
268,,8836687,384,2019-04-15 03:00,EUCDE08, 49.9000,-003.9000,, 11.00, 1012.20,,509
269,,8775913,10384,2019-04-15 03:00,EUCDE09, 47.2000,-070.6000,, 02.69, 1010.20,,
270,,8836700,384,2019-04-15 03:00,EUCDE09, 49.0000,-067.7000,, 02.80, 0998.70,,509
271,,8836701,384,2019-04-15 03:00,EUCDE19, 33.2000, 138.1000,,, 1014.00,,509
37,0.9999826550483704,8775912,10384,2019-04-15 03:00,EUCDE19, 31.9100, 134.2200,,, 1013.50,,
37,0.9999826550483704,8775345,384,2019-04-15 03:00,EUCDE19, 31.9000, 134.2000,,, 1013.50,,509
272,,8836632,384,2019-04-15 03:00,EUCDE27, 36.7000,-045.6000,,, 1019.90,,509
273,,8780590,384,2019-04-15 04:00,6201065, 54.0000, 006.6000,,, 1031.00,,509
274,,8780591,384,2019-04-15 04:00,6201066, 55.2000, 007.2000,,, 1032.90,,509
38,0.99993086,8781251,10256,2019-04-15 04:00,A8OH4, 12.4000,-087.2000, 26.00,, 1010.00,,2
38,0.99993086,8781176,256,2019-04-15 04:00,A8OH4, 12.4000,-087.2000,,, 1010.00,,2
275,,8779335,10384,2019-04-15 04:00,DBBA, 54.4000, 012.4000,, 05.90, 1032.20,,509
276,,8780629,10384,2019-04-15 04:00,DBBE, 12.9000,-121.1000,, 26.80, 1011.90,,509
39,0.99993086,8780775,384,2019-04-15 04:00,DBBH, 16.5000,-061.9000,, 26.60, 1016.80,,509
39,0.99993086,8780776,10384,2019-04-15 04:00,DBBH, 16.5000,-061.9000,, 26.60, 1016.80,,509
277,,8780052,10384,2019-04-15 04:00,DBBT,-30.2000,-036.9000,, 24.40, 1020.80,,509
278,,8779192,10384,2019-04-15 04:00,DBEA, 54.0000, 008.2000,, 07.10, 1030.90,,509
279,,8794718,10384,2019-04-15 04:00,DBFC, 54.4000, 012.4000,, 05.50, 1032.10,,509
280,,8779336,10384,2019-04-15 04:00,DBFH, 53.5000, 008.6000,, 06.30, 1029.20,,509
281,,8794717,10384,2019-04-15 04:00,DBFI, 53.9000, 008.7000,, 09.30, 1030.60,,509
282,,8794685,10384,2019-04-15 04:00,DBFX, 53.5000, 008.6000,, 10.20, 1030.00,,509
283,,8780109,10384,2019-04-15 04:00,DBJM, 54.0000, 008.5000,, 07.40, 1030.70,,509
40,0.99993086,8789157,384,2019-04-15 04:00,DBKR, 54.1000, 012.1000,, 09.00, 1032.00,,509
40,0.99993086,8789318,10384,2019-04-15 04:00,DBKR, 54.1000, 012.1000,, 09.00, 1032.00,,509
41,0.9999026,8781026,10384,2019-04-15 04:00,DBKV, 54.3300, 010.1800,, 07.74, 1032.20,,
41,0.9999026,8780384,384,2019-04-15 04:00,DBKV, 54.3000, 010.2000,, 07.70, 1032.20,,509
43,0.9999308586120605,8842453,10384,2019-04-15 04:00,DBLK,-53.2000,-070.9000,, 08.40, 0992.90,,509
43,0.9999308586120605,8842486,384,2019-04-15 04:00,DBLK,-53.2000,-070.9000,, 08.40, 0992.90,,509
42,0.9999308586120605,8781252,10384,2019-04-15 04:00,DBLK,-52.9000,-070.8000,, 08.20, 0996.30,,509
42,0.9999308586120605,8781178,384,2019-04-15 04:00,DBLK,-52.9000,-070.8000,, 08.20, 0996.30,,509
44,0.9917934,8780381,384,2019-04-15 04:00,DBND, 54.3000, 010.2000,, 07.90, 1032.20,,509
44,0.9917934,8781025,10384,2019-04-15 04:00,DBND, 54.3300, 010.1500,, 07.86, 1032.20,,
45,0.99998474,8782258,10256,2019-04-15 04:00,DCCR2, 25.9000, 035.3000,, 25.00, 1011.30,4000,10
45,0.99998474,8782256,256,2019-04-15 04:00,DCCR2, 25.9000, 035.3000,, 25.00, 1011.30,4010,10
284,,8841813,384,2019-04-15 04:00,EUCDE04, 53.5000,-003.6000,,, 1013.40,,509
46,0.9989855,8781029,10384,2019-04-15 04:00,EUCDE08, 50.5600, 000.3700,, 10.17, 1023.70,,
46,0.9989855,8780388,384,2019-04-15 04:00,EUCDE08, 50.6000, 000.4000,, 10.20, 1023.70,,509
47,0.99920696,8780428,384,2019-04-15 04:00,EUCDE09, 47.4000,-070.4000,, 02.70, 1009.30,,509
47,0.99920696,8780991,10384,2019-04-15 04:00,EUCDE09, 47.4200,-070.4400,, 02.69, 1009.30,,
48,0.99966544,8780391,384,2019-04-15 04:00,EUCDE19, 32.0000, 134.6000,,, 1013.50,,509
48,0.99966544,8780976,10384,2019-04-15 04:00,EUCDE19, 32.0100, 134.5600,,, 1013.50,,
49,0.99993086,8784693,384,2019-04-15 05:00,6201065, 54.0000, 006.6000,,, 1030.90,,509
49,0.99993086,8846832,384,2019-04-15 05:00,6201065, 54.0000, 006.6000,,, 1025.50,,509
50,0.99993086,8846830,384,2019-04-15 05:00,6201066, 55.2000, 007.2000,,, 1027.80,,509
50,0.99993086,8784692,384,2019-04-15 05:00,6201066, 55.2000, 007.2000,,, 1032.80,,509
51,0.99998385,8787523,256,2019-04-15 05:00,A8TL8,-04.3000, 107.2000,, 30.60, 1011.00,10010,62
51,0.99998385,8787584,10256,2019-04-15 05:00,A8TL8,-04.3000, 107.2000, 28.00, 30.60, 1011.00,10000,62
52,0.99998385,8785832,10256,2019-04-15 05:00,A8UL3, 36.3000, 024.6000, 16.00, 17.00, 1012.00,10000,3
52,0.99998385,8785816,256,2019-04-15 05:00,A8UL3, 36.3000, 024.6000,, 17.00, 1012.00,10010,3
53,0.99998385,8787524,256,2019-04-15 05:00,CQIB6,-31.4000, 033.6000,, 24.00, 1009.60,20010,3
53,0.99998385,8787583,10256,2019-04-15 05:00,CQIB6,-31.4000, 033.6000, 23.00, 24.00, 1009.60,20000,3
54,0.99993086,8783595,384,2019-04-15 05:00,DBBA, 54.4000, 012.4000,, 05.90, 1032.20,,509
54,0.99993086,8783610,10384,2019-04-15 05:00,DBBA, 54.4000, 012.4000,, 05.90, 1032.20,,509
285,,8784718,10384,2019-04-15 05:00,DBBE, 13.0000,-121.3000,, 26.90, 1012.20,,509
286,,8846853,10384,2019-04-15 05:00,DBBE, 13.5000,-123.6000,, 27.00, 1013.70,,509
56,0.9999308586120605,8847254,384,2019-04-15 05:00,DBBH, 16.7000,-062.1000,, 26.80, 1016.70,,509
56,0.9999308586120605,8847324,10384,2019-04-15 05:00,DBBH, 16.7000,-062.1000,, 26.80, 1016.70,,509
55,0.9999308586120605,8785193,384,2019-04-15 05:00,DBBH, 16.6000,-061.9000,, 26.50, 1016.50,,509
55,0.9999308586120605,8785177,10384,2019-04-15 05:00,DBBH, 16.6000,-061.9000,, 26.50, 1016.50,,509
287,,8846813,10384,2019-04-15 05:00,DBBT,-29.3000,-037.0000,, 24.50, 1019.90,,509
288,,8785810,10384,2019-04-15 05:00,DBBT,-30.2000,-036.9000,, 24.50, 1020.30,,509
289,,8783508,10384,2019-04-15 05:00,DBEA, 54.0000, 008.2000,, 07.10, 1030.50,,509
290,,8800173,10384,2019-04-15 05:00,DBFC, 54.3000, 012.2000,, 05.10, 1032.10,,509
291,,8783611,10384,2019-04-15 05:00,DBFH, 53.5000, 008.6000,, 05.90, 1029.20,,509
292,,8800172,10384,2019-04-15 05:00,DBFI, 53.9000, 008.7000,, 09.20, 1030.60,,509
293,,8800160,10384,2019-04-15 05:00,DBFX, 53.5000, 008.6000,, 10.10, 1030.00,,509
294,,8783632,10384,2019-04-15 05:00,DBJM, 54.0000, 008.5000,, 07.20, 1030.50,,509
57,0.9999308586120605,8789315,10384,2019-04-15 05:00,DBKR, 54.1000, 012.1000,, 08.60, 1032.00,,509
57,0.9999308586120605,8851030,384,2019-04-15 05:00,DBKR, 54.1000, 012.1000,, 09.90, 1028.30,,509
57,0.9999308586120605,8789154,384,2019-04-15 05:00,DBKR, 54.1000, 012.1000,, 08.60, 1032.00,,509
58,0.9999204778724637,8847314,10384,2019-04-15 05:00,DBKV, 54.3300, 010.1800,, 07.99, 1028.00,,
58,0.9999110211449609,8846807,384,2019-04-15 05:00,DBKV, 54.3000, 010.2000,, 08.00, 1028.00,,509
58,0.9999110211449609,8784526,384,2019-04-15 05:00,DBKV, 54.3000, 010.2000,, 07.80, 1032.20,,509
58,0.9999204778724637,8785152,10384,2019-04-15 05:00,DBKV, 54.3300, 010.1800,, 07.79, 1032.20,,
59,0.7711993490248171,8785356,10384,2019-04-15 05:00,DBLK,-52.9000,-070.8000,, 08.20, 0996.50,,509
59,0.7711993490248171,8785325,384,2019-04-15 05:00,DBLK,-52.9000,-070.8000,, 08.20, 0996.50,,509
59,0.7711993490248171,8847501,10384,2019-04-15 05:00,DBLK,-53.2000,-070.8000,, 08.30, 0992.80,,509
59,0.7711993490248171,8847436,384,2019-04-15 05:00,DBLK,-53.2000,-070.8000,, 08.30, 0992.80,,509
60,0.9917933940645022,8784528,384,2019-04-15 05:00,DBND, 54.3000, 010.2000,, 08.00, 1032.30,,509
60,0.9941970532869737,8847309,10384,2019-04-15 05:00,DBND, 54.3300, 010.1500,, 08.38, 1028.10,,
60,0.9941970532869737,8785153,10384,2019-04-15 05:00,DBND, 54.3300, 010.1500,, 08.02, 1032.30,,
295,,8847281,10384,2019-04-15 05:00,EUCDE08, 49.7900,-004.6500,, 11.05, 1010.90,,
61,0.9999906420707703,8784509,384,2019-04-15 05:00,EUCDE08, 50.5000, 000.0000,, 10.50, 1023.10,,509
61,0.9999906420707703,8785125,10384,2019-04-15 05:00,EUCDE08, 50.4800,-000.0100,, 10.53, 1023.10,,
62,0.9807534810943171,8784499,384,2019-04-15 05:00,EUCDE09, 47.5000,-070.1000,, 02.90, 1009.00,,509
296,,8847283,10384,2019-04-15 05:00,EUCDE09, 49.1300,-067.1600,, 01.95, 0993.00,,
62,0.9807534810943171,8785130,10384,2019-04-15 05:00,EUCDE09, 47.5400,-070.1500,, 02.92, 1009.00,,
63,0.9999960660934448,8784527,384,2019-04-15 05:00,EUCDE19, 32.1000, 134.9000,,, 1013.60,,509
297,,8847289,10384,2019-04-15 05:00,EUCDE19, 33.3900, 138.7900,,, 1013.50,,
63,0.9999960660934448,8785126,10384,2019-04-15 05:00,EUCDE19, 32.1100, 134.8900,,, 1013.60,,
298,,8785128,10384,2019-04-15 05:00,EUCDE25, 32.7400,-016.7100,,, 1018.00,,
64,0.99998385,8787691,256,2019-04-15 05:00,V7WU3, 33.0000, 159.7000,, 17.00, 1028.00,20010,3
64,0.99998385,8787680,10256,2019-04-15 05:00,V7WU3, 33.0000, 159.7000, 09.50, 17.00, 1028.00,20000,3
299,,8789886,384,2019-04-15 06:00,6201065, 54.0000, 006.6000,,, 1030.60,,509
300,,8789887,384,2019-04-15 06:00,6201066, 55.2000, 007.2000,,, 1032.80,,509
65,0.99998474,8791207,256,2019-04-15 06:00,9HA3769, 36.2000, 121.1000,,, 1017.50,4010,5
65,0.99998474,8791209,10256,2019-04-15 06:00,9HA3769, 36.2000, 121.1000, 10.50,, 1017.50,4000,5
66,0.99998385,8790358,10256,2019-04-15 06:00,9HA4143, 15.7000, 113.0000, 26.00, 30.00, 1011.00,20000,2
66,0.99998385,8790667,256,2019-04-15 06:00,9HA4143, 15.7000, 113.0000,, 30.00, 1011.00,20010,2
67,0.99998385,8885298,10256,2019-04-15 06:00,9V8402,-10.4000, 140.4000,, 29.00, 1009.50,20000,2
67,0.99998385,8885261,256,2019-04-15 06:00,9V8402,-10.4000, 140.4000,, 29.00, 1009.50,20010,2
68,0.99998385,8794715,10256,2019-04-15 06:00,A8GU6, 33.7000,-076.9000, 22.00, 22.00, 1006.00,10000,3
68,0.99998385,8794747,256,2019-04-15 06:00,A8GU6, 33.7000,-076.9000,, 22.00, 1006.00,10010,3
69,0.99998385,8794748,256,2019-04-15 06:00,A8IE9, 47.8000,-172.5000,, 04.20, 1003.50,20010,3
69,0.99998385,8794716,10256,2019-04-15 06:00,A8IE9, 47.8000,-172.5000, 07.00, 04.20, 1003.50,20000,3
70,0.99998474,8790953,10256,2019-04-15 06:00,A8KM8, 05.7000, 081.4000, 26.00, 31.00, 1013.00,4000,63
70,0.99998474,8791537,256,2019-04-15 06:00,A8KM8, 05.7000, 081.4000,, 31.00, 1013.00,4010,63
71,0.99998385,8791533,256,2019-04-15 06:00,A8KY7, 31.5000, 126.8000,, 12.00, 1019.00,10010,2
71,0.99998385,8789381,10256,2019-04-15 06:00,A8KY7, 31.5000, 126.8000,, 12.00, 1019.00,10000,2
72,0.99993086,8803909,256,2019-04-15 06:00,A8LK7, 45.0000,-035.8000,,, 0990.00,,50
72,0.99993086,8803807,10256,2019-04-15 06:00,A8LK7, 45.0000,-035.8000, 12.00,, 0990.00,,50
73,0.99998385,8797964,10256,2019-04-15 06:00,A8LN2, 36.8000,-009.2000, 15.40, 17.20, 1013.00,10000,1
73,0.99998385,8797995,256,2019-04-15 06:00,A8LN2, 36.8000,-009.2000,, 17.20, 1013.00,10010,1
74,0.99998385,8790898,256,2019-04-15 06:00,A8RH6, 01.5000, 005.5000,, 32.10, 1012.20,20010,1
74,0.99998385,8790644,10256,2019-04-15 06:00,A8RH6, 01.5000, 005.5000, 24.50, 32.10, 1012.20,20000,1
75,0.99998385,8792677,10256,2019-04-15 06:00,A8VE3, 21.6000, 121.2000, 25.00, 28.00, 1012.00,20000,50
75,0.99998385,8792711,256,2019-04-15 06:00,A8VE3, 21.6000, 121.2000,, 28.00, 1012.00,20010,50
76,0.99998385,8789885,256,2019-04-15 06:00,CQIK3, 05.8000, 089.5000,, 30.00, 1012.20,10010,2
76,0.99998385,8789831,10256,2019-04-15 06:00,CQIK3, 05.8000, 089.5000, 25.00, 30.00, 1012.20,10000,2
77,0.99998385,8792846,256,2019-04-15 06:00,CQIN5, 12.6000, 044.9000,, 28.00, 1013.00,10010,3
77,0.99998385,8792833,10256,2019-04-15 06:00,CQIN5, 12.6000, 044.9000, 27.00, 28.00, 1013.00,10000,3
78,0.99998385,8792845,256,2019-04-15 06:00,CQIT,-11.8000, 042.6000,, 29.00, 1013.70,10010,3
78,0.99998385,8792835,10256,2019-04-15 06:00,CQIT,-11.8000, 042.6000, 25.00, 29.00, 1013.70,10000,3
79,0.99998385,8792843,256,2019-04-15 06:00,D5QI4, 04.0000, 052.8000,, 29.00, 1014.10,20010,1
79,0.99998385,8792831,10256,2019-04-15 06:00,D5QI4, 04.0000, 052.8000,, 29.00, 1014.10,20000,1
80,0.99998385,8792830,10256,2019-04-15 06:00,D5RG3, 36.4000,-008.9000,,, 1015.20,10000,2
80,0.99998385,8792844,256,2019-04-15 06:00,D5RG3, 36.4000,-008.9000,,, 1015.20,10010,2
81,0.99998385,8794713,10256,2019-04-15 06:00,D5RZ3, 16.4000, 111.0000, 30.00,, 1012.50,10000,2
81,0.99998385,8794745,256,2019-04-15 06:00,D5RZ3, 16.4000, 111.0000,,, 1012.50,10010,2
82,0.99998385,8794714,10256,2019-04-15 06:00,D5SI8, 15.3000, 113.1000, 32.00, 29.00, 1011.80,20000,509
82,0.99998385,8794746,256,2019-04-15 06:00,D5SI8, 15.3000, 113.1000,, 29.00, 1011.80,20010,509
301,,8788663,10384,2019-04-15 06:00,DBBA, 54.4000, 012.4000,, 05.80, 1032.30,,509
302,,8789918,10384,2019-04-15 06:00,DBBE, 13.0000,-121.5000,, 26.90, 1012.90,,509
83,0.99993086,8789339,384,2019-04-15 06:00,DBBT,-30.0000,-036.9000,, 24.60, 1019.90,,509
83,0.99993086,8789351,10384,2019-04-15 06:00,DBBT,-30.0000,-036.9000,, 24.60, 1019.90,,509
303,,8788431,10384,2019-04-15 06:00,DBEA, 54.0000, 008.2000,, 07.20, 1030.70,,509
304,,8788664,10384,2019-04-15 06:00,DBFH, 53.5000, 008.6000,, 05.50, 1029.50,,509
305,,8805417,10384,2019-04-15 06:00,DBFI, 53.9000, 008.7000,, 09.20, 1030.80,,509
306,,8850451,10384,2019-04-15 06:00,DBFR, 53.5000, 008.6000,, 09.30, 1024.50,,509
307,,8805399,10384,2019-04-15 06:00,DBFX, 53.5000, 008.6000,, 10.20, 1030.30,,509
308,,8788666,10384,2019-04-15 06:00,DBJM, 54.0000, 008.5000,, 06.90, 1030.40,,509
84,0.99993086,8794660,384,2019-04-15 06:00,DBKR, 54.1000, 012.1000,, 08.20, 1032.20,,509
84,0.99993086,8794656,10384,2019-04-15 06:00,DBKR, 54.1000, 012.1000,, 08.20, 1032.20,,509
85,0.9999026,8790140,10384,2019-04-15 06:00,DBKV, 54.3300, 010.1800,, 07.71, 1032.30,,
85,0.9999026,8791567,384,2019-04-15 06:00,DBKV, 54.3000, 010.2000,, 07.70, 1032.30,,509
86,0.99993086,8790517,10384,2019-04-15 06:00,DBLK,-53.1000,-070.8000,, 08.30, 0996.60,,509
86,0.99993086,8790483,384,2019-04-15 06:00,DBLK,-53.1000,-070.8000,, 08.30, 0996.60,,509
87,0.9999026,8790136,10384,2019-04-15 06:00,DBND, 54.3300, 010.1800,, 07.28, 1032.40,,
87,0.9999026,8791558,384,2019-04-15 06:00,DBND, 54.3000, 010.2000,, 07.30, 1032.40,,509
88,0.99998385,8790899,256,2019-04-15 06:00,DCPI2, 06.9000,-080.2000,, 26.00, 1010.60,10010,2
88,0.99998385,8790645,10256,2019-04-15 06:00,DCPI2, 06.9000,-080.2000,, 26.00, 1010.60,10000,2
89,0.99998385,8803908,256,2019-04-15 06:00,DCPX2, 08.0000, 135.1000,, 28.00, 1010.00,20010,2
89,0.99998385,8803806,10256,2019-04-15 06:00,DCPX2, 08.0000, 135.1000, 31.00, 28.00, 1010.00,20000,2
90,0.99998385,8789332,256,2019-04-15 06:00,DEFY, 39.6000,-023.6000,, 14.60, 1012.90,10010,1
90,0.99998385,8789325,10256,2019-04-15 06:00,DEFY, 39.6000,-023.6000, 12.10, 14.60, 1012.90,10000,1
309,,8793136,256,2019-04-15 06:00,DFDE2, 36.4000, 035.7000,,, 1013.00,10010,3
91,0.99998385,8794883,256,2019-04-15 06:00,DFDG2, 14.7000,-077.9000,, 27.50, 1012.50,10010,2
91,0.99998385,8794276,10256,2019-04-15 06:00,DFDG2, 14.7000,-077.9000, 24.00, 27.50, 1012.50,10000,2
92,0.99998385,8790897,256,2019-04-15 06:00,DFGX2, 37.3000, 133.4000,, 12.00, 1016.60,20010,2
92,0.99998385,8790643,10256,2019-04-15 06:00,DFGX2, 37.3000, 133.4000,, 12.00, 1016.60,20000,2
94,0.9999838471412659,8851175,256,2019-04-15 06:00,DFPH2, 05.7000, 096.4000,, 32.00, 1010.00,20010,3
93,0.9999838471412659,8791222,10256,2019-04-15 06:00,DFPH2, 06.0000, 094.0000, 27.00, 31.50, 1011.50,20000,15
94,0.9999838471412659,8851147,10256,2019-04-15 06:00,DFPH2, 05.7000, 096.4000, 25.00, 32.00, 1010.00,20000,3
93,0.9999838471412659,8791213,256,2019-04-15 06:00,DFPH2, 06.0000, 094.0000,, 31.50, 1011.50,20010,15
310,,8793139,256,2019-04-15 06:00,DHDT2, 37.2000, 011.4000,, 16.00, 1014.10,20010,2
95,0.99998385,8792977,256,2019-04-15 06:00,DHEB, 21.7000, 038.6000,, 23.00, 1011.50,20010,2
95,0.99998385,8792971,10256,2019-04-15 06:00,DHEB, 21.7000, 038.6000,, 23.00, 1011.50,20000,2
96,0.99998385,8790965,10256,2019-04-15 06:00,DHEH2,-43.3000,-030.0000, 06.20, 13.00, 1016.30,20000,51
96,0.99998385,8791360,256,2019-04-15 06:00,DHEH2,-43.3000,-030.0000,, 13.00, 1016.30,20010,51
97,0.99998385,8790464,256,2019-04-15 06:00,DJPZ2, 48.3000,-019.4000,, 12.00, 0998.10,20010,3
97,0.99998385,8790453,10256,2019-04-15 06:00,DJPZ2, 48.3000,-019.4000,, 12.00, 0998.10,20000,3
98,0.99998385,8791008,10256,2019-04-15 06:00,DJQA2, 49.8000,-002.6000,, 09.00, 1016.90,20000,3
98,0.99998385,8790977,256,2019-04-15 06:00,DJQA2, 49.8000,-002.6000,, 09.00, 1016.90,20010,3
99,0.99998385,8791383,256,2019-04-15 06:00,DJQB2, 16.1000,-070.2000,, 25.00, 1014.40,20010,2
99,0.99998385,8791237,10256,2019-04-15 06:00,DJQB2, 16.1000,-070.2000,, 25.00, 1014.40,20000,2
100,0.9999838471412659,8791557,256,2019-04-15 06:00,DKBW2,-02.3000, 107.1000,, 30.00, 1009.00,20010,2
311,,8851061,10256,2019-04-15 06:00,DKBW2,-00.1000, 106.5000, 26.00, 29.00, 1010.00,20000,
100,0.9999838471412659,8790952,10256,2019-04-15 06:00,DKBW2,-02.3000, 107.1000, 26.00, 30.00, 1009.00,20000,2
101,0.99999607,8790127,10384,2019-04-15 06:00,EUCDE08, 50.4100,-000.4100,, 10.53, 1022.30,,
101,0.99999607,8791571,384,2019-04-15 06:00,EUCDE08, 50.4000,-000.4000,, 10.50, 1022.30,,509
102,0.9994525,8791545,384,2019-04-15 06:00,EUCDE09, 47.8000,-069.9000,, 03.10, 1007.40,,509
102,0.9994525,8790122,10384,2019-04-15 06:00,EUCDE09, 47.7500,-069.8800,, 03.10, 1007.40,,
103,0.99999064,8791535,384,2019-04-15 06:00,EUCDE19, 32.2000, 135.2000,,, 1014.10,,509
103,0.99999064,8790120,10384,2019-04-15 06:00,EUCDE19, 32.2200, 135.2100,,, 1014.10,,
104,0.99998385,8792847,256,2019-04-15 06:00,OXCQ2, 03.6000,-027.3000,, 29.00, 1011.50,20010,2
104,0.99998385,8792834,10256,2019-04-15 06:00,OXCQ2, 03.6000,-027.3000,, 29.00, 1011.50,20000,2
105,0.99998385,8792832,10256,2019-04-15 06:00,ZDNC5, 05.2000,-010.2000,, 31.00, 1010.50,20000,2
105,0.99998385,8792848,256,2019-04-15 06:00,ZDNC5, 05.2000,-010.2000,, 31.00, 1010.50,20010,2
312,,8795203,384,2019-04-15 07:00,6201065, 54.0000, 006.6000,,, 1031.00,,509
313,,8795204,384,2019-04-15 07:00,6201066, 55.2000, 007.2000,,, 1032.60,,509
106,0.99998385,8798229,10256,2019-04-15 07:00,A8CH2,-08.7000, 013.2000, 27.00, 27.00, 1013.00,10000,1
106,0.99998385,8798222,256,2019-04-15 07:00,A8CH2,-08.7000, 013.2000,, 27.00, 1013.00,10010,1
314,,8795263,10384,2019-04-15 07:00,DBBE, 13.1000,-121.7000,, 26.50, 1013.20,,509
107,0.99993086,8795148,10384,2019-04-15 07:00,DBBT,-29.9000,-036.9000,, 24.50, 1019.80,,509
107,0.99993086,8795147,384,2019-04-15 07:00,DBBT,-29.9000,-036.9000,, 24.50, 1019.80,,509
108,0.99993086,8800152,384,2019-04-15 07:00,DBKR, 54.1000, 012.1000,, 08.30, 1032.20,,509
108,0.99993086,8800139,10384,2019-04-15 07:00,DBKR, 54.1000, 012.1000,, 08.30, 1032.20,,509
109,0.9999026,8795729,10384,2019-04-15 07:00,DBKV, 54.3300, 010.1800,, 07.58, 1032.50,,
109,0.9999026,8794966,384,2019-04-15 07:00,DBKV, 54.3000, 010.2000,, 07.60, 1032.50,,509
315,,8795868,10384,2019-04-15 07:00,DBLK,-53.2000,-070.9000,, 08.30, 0996.50,,509
110,0.9917934,8795735,10384,2019-04-15 07:00,DBND, 54.3300, 010.1500,, 07.10, 1032.70,,
110,0.9917934,8794995,384,2019-04-15 07:00,DBND, 54.3000, 010.2000,, 07.10, 1032.70,,509
316,,8856470,384,2019-04-15 07:00,EUCDE06, 49.9000,-017.3000,,, 1001.30,,509
111,0.9999474,8794957,384,2019-04-15 07:00,EUCDE08, 50.3000,-000.8000,, 10.60, 1021.30,,509
111,0.9999474,8795704,10384,2019-04-15 07:00,EUCDE08, 50.3400,-000.8100,, 10.64, 1021.30,,
112,0.99853104,8795714,10384,2019-04-15 07:00,EUCDE09, 48.0100,-069.6500,, 03.23, 1006.60,,
112,0.99853104,8794984,384,2019-04-15 07:00,EUCDE09, 48.0000,-069.6000,, 03.20, 1006.60,,509
317,,8795728,10384,2019-04-15 07:00,EUCDE10, 53.5300, 008.5800,,, 1030.00,,
113,0.999572,8795718,10384,2019-04-15 07:00,EUCDE19, 32.3300, 135.5300,,, 1013.60,,
113,0.999572,8794962,384,2019-04-15 07:00,EUCDE19, 32.3000, 135.5000,,, 1013.60,,509
318,,8856562,384,2019-04-15 07:00,EUCDE29, 10.7000, 075.7000,,, 1010.20,,509
114,0.99998385,8798230,10256,2019-04-15 07:00,LXYO,-37.8000, 120.1000,, 15.00, 1002.50,10000,3
114,0.99998385,8798223,256,2019-04-15 07:00,LXYO,-37.8000, 120.1000,, 15.00, 1002.50,10010,3
115,0.9999815097783828,8905730,256,2019-04-15 08:00,A8TL8,-00.7000, 106.7000,, 29.70, 1009.30,20010,1
115,0.9999815097783828,8906311,256,2019-04-15 08:00,A8TL8,-00.7000, 106.7000,, 29.70, 1009.30,20010,1
115,0.9999838471412659,8905775,10256,2019-04-15 08:00,A8TL8,-00.7000, 106.7000, 25.30, 29.70, 1009.30,20000,1
319,,8808692,10256,2019-04-15 08:00,CQIX3, 06.1000, 058.7000, 26.00, 31.10, 1013.70,10000,3
320,,8799485,10384,2019-04-15 08:00,DBBA, 54.2000, 012.1000,, 05.50, 1032.40,,509
321,,8799296,10384,2019-04-15 08:00,DBEA, 54.0000, 008.2000,, 07.20, 1030.50,,509
322,,8799486,10384,2019-04-15 08:00,DBFH, 53.5000, 008.6000,, 06.10, 1029.10,,509
323,,8799495,10384,2019-04-15 08:00,DBJM, 53.8000, 008.9000,, 08.00, 1030.70,,509
116,0.99993086,8805241,384,2019-04-15 08:00,DBKR, 54.1000, 012.1000,, 07.90, 1032.00,,509
116,0.99993086,8805271,10384,2019-04-15 08:00,DBKR, 54.1000, 012.1000,, 07.90, 1032.00,,509
117,0.9999308586120605,8801698,10384,2019-04-15 08:00,DBLK,-53.2000,-070.9000,, 08.30, 0996.00,,509
118,0.9999308586120605,8863244,384,2019-04-15 08:00,DBLK,-52.7000,-070.0000,, 08.40, 0994.70,,509
118,0.9999308586120605,8863329,10384,2019-04-15 08:00,DBLK,-52.7000,-070.0000,, 08.40, 0994.70,,509
117,0.9999308586120605,8801621,384,2019-04-15 08:00,DBLK,-53.2000,-070.9000,, 08.30, 0996.00,,509
119,0.99998385,8803910,256,2019-04-15 08:00,DNDD, 29.8000, 123.1000,, 15.00, 1018.00,10010,2
119,0.99998385,8803808,10256,2019-04-15 08:00,DNDD, 29.8000, 123.1000, 12.00, 15.00, 1018.00,10000,2
324,,8801430,10384,2019-04-15 08:00,EUCDE10, 53.5300, 008.5800,,, 1029.70,,
325,,8805884,384,2019-04-15 09:00,6201065, 54.0000, 006.6000,,, 1030.30,,509
326,,8805883,384,2019-04-15 09:00,6201066, 55.2000, 007.2000,,, 1032.60,,509
327,,8868161,256,2019-04-15 09:00,A8ZU9,-23.1000,-043.1000,,, 1016.20,20010,2
328,,8808691,10256,2019-04-15 09:00,CQIB6,-31.8000, 032.5000,, 24.00, 1011.50,20000,60
329,,8804694,10384,2019-04-15 09:00,DBBA, 54.2000, 012.1000,, 05.90, 1032.00,,509
330,,8805865,10384,2019-04-15 09:00,DBBE, 13.2000,-122.1000,, 26.50, 1011.80,,509
120,0.99993086,8805733,10384,2019-04-15 09:00,DBBT,-29.7000,-037.0000,, 24.60, 1020.10,,509
120,0.99993086,8805717,384,2019-04-15 09:00,DBBT,-29.7000,-037.0000,, 24.60, 1020.10,,509
331,,8804695,10384,2019-04-15 09:00,DBFH, 53.5000, 008.6000,, 09.50, 1029.00,,509
121,0.99993086,8820479,10384,2019-04-15 09:00,DBFI, 53.9000, 008.7000,, 09.10, 1030.30,,509
121,0.99993086,8820536,384,2019-04-15 09:00,DBFI, 53.9000, 008.7000,, 09.10, 1030.30,,509
332,,8820453,10384,2019-04-15 09:00,DBFX, 53.5000, 008.6000,, 10.10, 1029.70,,509
333,,8804703,10384,2019-04-15 09:00,DBJM, 53.9000, 008.9000,, 08.00, 1030.30,,509
122,0.9999026,8805709,384,2019-04-15 09:00,DBKV, 54.3000, 010.2000,, 07.60, 1032.20,,509
122,0.9999026,8806228,10384,2019-04-15 09:00,DBKV, 54.3300, 010.1800,, 07.56, 1032.20,,
123,0.99993086,8806376,384,2019-04-15 09:00,DBLK,-53.2000,-070.9000,, 08.40, 0996.10,,509
123,0.99993086,8806459,10384,2019-04-15 09:00,DBLK,-53.2000,-070.9000,, 08.40, 0996.10,,509
334,,8806226,10384,2019-04-15 09:00,DBND, 54.3300, 010.1500,, 07.51, 1032.30,,
124,0.99998385,8806882,10256,2019-04-15 09:00,DDSD2, 34.8000,-010.2000,, 17.50, 1017.00,20000,3
124,0.99998385,8806891,256,2019-04-15 09:00,DDSD2, 34.8000,-010.2000,, 17.50, 1017.00,20010,3
125,0.99998385,8805239,256,2019-04-15 09:00,DFGX2, 37.8000, 134.3000,, 12.00, 1016.50,20010,2
125,0.99998385,8805269,10256,2019-04-15 09:00,DFGX2, 37.8000, 134.3000, 07.60, 12.00, 1016.50,20000,2
126,0.99998385,8806827,10256,2019-04-15 09:00,DGEN, 54.6000, 008.0000, 04.50, 05.50, 1031.50,20000,1
126,0.99998385,8806466,256,2019-04-15 09:00,DGEN, 54.6000, 008.0000,, 05.50, 1031.50,20010,1
335,,8808693,10256,2019-04-15 09:00,DGQD2, 03.3000, 100.4000, 25.00, 32.20, 1008.80,20000,2
127,0.99998385,8804784,10256,2019-04-15 09:00,DGWD2, 11.8000, 109.7000,, 30.00, 1008.20,20000,1
127,0.99998385,8804785,256,2019-04-15 09:00,DGWD2, 11.8000, 109.7000,, 30.00, 1008.20,20010,1
336,,8806714,256,2019-04-15 09:00,DJQB2, 15.5000,-070.8000,, 24.00, 1014.00,20010,2
128,0.99998385,8806259,10256,2019-04-15 09:00,DMRX, 45.5000,-125.1000,, 11.00, 1011.50,10000,1
128,0.99998385,8806281,256,2019-04-15 09:00,DMRX, 45.5000,-125.1000,, 11.00, 1011.50,10010,1
129,0.99999833,8805707,384,2019-04-15 09:00,EUCDE08, 50.2000,-001.6000,, 10.80, 1019.40,,509
129,0.99999833,8806238,10384,2019-04-15 09:00,EUCDE08, 50.2000,-001.6100,, 10.82, 1019.40,,
337,,8806216,10384,2019-04-15 09:00,EUCDE09, 48.3300,-069.2000,, 03.30, 1004.90,,
338,,8867767,10384,2019-04-15 09:00,EUCDE16, 51.8900, 004.4300,,, 1018.60,,
130,0.9555283,8806211,10384,2019-04-15 09:00,EUCDE19, 32.5500, 136.1500,,, 1014.40,,
130,0.9555283,8805703,384,2019-04-15 09:00,EUCDE19, 32.6000, 136.2000,,, 1014.40,,509
339,,8810797,384,2019-04-15 10:00,6201065, 54.0000, 006.6000,,, 1030.30,,509
340,,8810798,384,2019-04-15 10:00,6201066, 55.2000, 007.2000,,, 1032.20,,509
341,,8810826,10384,2019-04-15 10:00,DBBE, 13.2000,-122.3000,, 26.90, 1010.80,,509
131,0.99993086,8810663,384,2019-04-15 10:00,DBBT,-29.7000,-037.0000,, 24.60, 1020.10,,509
131,0.99993086,8810664,10384,2019-04-15 10:00,DBBT,-29.7000,-037.0000,, 24.60, 1020.10,,509
342,,8809557,10384,2019-04-15 10:00,DBEA, 54.0000, 008.2000,, 07.00, 1030.40,,509
343,,8811143,10384,2019-04-15 10:00,DBKV, 54.3300, 010.1800,, 07.66, 1031.70,,
344,,8811142,10384,2019-04-15 10:00,DBND, 54.3300, 010.1500,, 07.53, 1031.90,,
345,,8811123,10384,2019-04-15 10:00,EUCDE08, 50.1400,-002.0100,, 10.82, 1018.00,,
346,,8811121,10384,2019-04-15 10:00,EUCDE09, 48.4700,-068.9500,, 03.02, 1004.10,,
347,,8810575,384,2019-04-15 10:00,EUCDE12,-29.8000, 031.2000,,, 1012.10,,509
348,,8811091,10384,2019-04-15 10:00,EUCDE19, 32.6500, 136.4700,,, 1015.30,,
132,0.99993086,8820419,384,2019-04-15 11:00,DBKR, 54.1000, 012.1000,, 08.30, 1030.10,,509
132,0.99993086,8820244,10384,2019-04-15 11:00,DBKR, 54.1000, 012.1000,, 08.30, 1030.10,,509
133,0.99993086,8816415,384,2019-04-15 11:00,DBLK,-53.2000,-070.9000,, 08.40, 0995.50,,509
133,0.99993086,8816434,10384,2019-04-15 11:00,DBLK,-53.2000,-070.9000,, 08.40, 0995.50,,509
134,0.99998385,8885297,10256,2019-04-15 11:00,VRGJ3, 45.3000,-026.3000, 12.00, 13.00, 0991.00,10000,3
134,0.99998385,8885260,256,2019-04-15 11:00,VRGJ3, 45.3000,-026.3000,, 13.00, 0991.00,10010,3
135,0.99993086,8759434,384,2019-04-15 12:00,6201065, 54.0000, 006.6000,,, 1031.00,,509
135,0.99993086,8820894,384,2019-04-15 12:00,6201065, 54.0000, 006.6000,,, 1029.20,,509
136,0.99993086,8759436,384,2019-04-15 12:00,6201066, 55.2000, 007.2000,,, 1033.10,,509
136,0.99993086,8820896,384,2019-04-15 12:00,6201066, 55.2000, 007.2000,,, 1031.30,,509
137,0.99998474,8763481,10256,2019-04-15 12:00,9HA3769, 36.4000, 121.8000,, 07.50, 1017.50,4000,5
137,0.99998474,8763486,256,2019-04-15 12:00,9HA3769, 36.4000, 121.8000,, 07.50, 1017.50,4010,5
138,0.99998385,8762481,10256,2019-04-15 12:00,9V9325, 43.1000,-038.9000,, 15.10, 1000.40,20000,2
138,0.99998385,8762306,256,2019-04-15 12:00,9V9325, 43.1000,-038.9000,, 15.10, 1000.40,20010,2
139,0.99998385,8762484,10256,2019-04-15 12:00,A8IE9, 47.8000,-175.0000, 06.00, 04.00, 1006.00,20000,2
139,0.99998385,8762307,256,2019-04-15 12:00,A8IE9, 47.8000,-175.0000,, 04.00, 1006.00,20010,2
349,,8763353,10256,2019-04-15 12:00,A8KY7, 30.7000, 126.0000, 10.00, 14.00, 1020.00,10000,3
140,0.99998385,8773459,10256,2019-04-15 12:00,A8LL4, 11.2000, 101.6000, 27.00, 30.00, 1010.00,20000,3
140,0.99998385,8773441,256,2019-04-15 12:00,A8LL4, 11.2000, 101.6000,, 30.00, 1010.00,20010,3
141,0.99998385,8762480,10256,2019-04-15 12:00,A8UC5, 34.2000, 128.4000, 11.00,, 1019.00,10000,3
141,0.99998385,8762308,256,2019-04-15 12:00,A8UC5, 34.2000, 128.4000,,, 1019.00,10010,3
143,0.9999838471412659,8824644,10256,2019-04-15 12:00,A8UL3, 35.3000, 026.4000, 15.50, 17.00, 1012.50,20000,3
143,0.9999838471412659,8824874,256,2019-04-15 12:00,A8UL3, 35.3000, 026.4000,, 17.00, 1012.50,20010,3
142,0.9999838471412659,8762543,256,2019-04-15 12:00,A8UL3, 37.1000, 023.9000,, 16.50, 1012.00,20010,2
142,0.9999838471412659,8762558,10256,2019-04-15 12:00,A8UL3, 37.1000, 023.9000, 13.00, 16.50, 1012.00,20000,2
144,0.9999873,8759188,256,2019-04-15 12:00,A8ZE4, 04.7000, 106.3000,, 30.50, 1008.50,50010,1
144,0.9999873,8759305,10256,2019-04-15 12:00,A8ZE4, 04.7000, 106.3000, 25.50, 30.50, 1008.50,55000,1
145,0.99998385,8763563,256,2019-04-15 12:00,CQEC, 17.4000, 040.2000,, 28.00, 1010.00,10010,2
145,0.99998385,8763532,10256,2019-04-15 12:00,CQEC, 17.4000, 040.2000, 24.50, 28.00, 1010.00,10000,2
146,0.99998385,8761116,10256,2019-04-15 12:00,D5OB2, 33.5000,-054.6000, 15.00, 21.10, 1027.30,20000,1
146,0.99998385,8761181,256,2019-04-15 12:00,D5OB2, 33.5000,-054.6000,, 21.10, 1027.30,20010,1
147,0.99998385,8762486,10256,2019-04-15 12:00,D5RG3, 37.3000,-009.5000, 16.00, 16.00, 1014.80,20000,3
147,0.99998385,8762312,256,2019-04-15 12:00,D5RG3, 37.3000,-009.5000,, 16.00, 1014.80,20010,3
350,,8758397,10384,2019-04-15 12:00,DBBA, 54.4000, 012.4000,, 06.00, 1032.50,,509
351,,8759469,10384,2019-04-15 12:00,DBBE, 12.7000,-120.4000,, 26.80, 1009.40,,509
352,,8820874,10384,2019-04-15 12:00,DBBE, 13.3000,-122.7000,, 26.80, 1010.20,,509
148,0.8861049363965993,8821311,10256,2019-04-15 12:00,DBBH, 16.7000,-062.0000,, 26.50, 1017.70,20000,16
148,0.8861049297828848,8759667,10384,2019-04-15 12:00,DBBH, 16.6000,-062.0000,, 26.60, 1016.00,,509
148,0.8861049363965993,8821326,256,2019-04-15 12:00,DBBH, 16.7000,-062.0000,, 26.50, 1017.70,20010,16
148,0.8861049297828848,8759662,384,2019-04-15 12:00,DBBH, 16.6000,-062.0000,, 26.60, 1016.00,,509
149,0.9999308586120605,8820759,384,2019-04-15 12:00,DBBT,-29.5000,-037.0000,, 24.40, 1021.10,,509
353,,8759006,10384,2019-04-15 12:00,DBBT,-30.1000,-036.4000,, 24.20, 1021.60,,509
149,0.9999308586120605,8820776,10384,2019-04-15 12:00,DBBT,-29.5000,-037.0000,, 24.40, 1021.10,,509
354,,8758061,10384,2019-04-15 12:00,DBEA, 54.0000, 008.2000,, 07.00, 1030.70,,509
355,,8758396,10384,2019-04-15 12:00,DBFH, 53.5000, 008.6000,, 07.20, 1029.30,,509
356,,8819820,10384,2019-04-15 12:00,DBJM, 53.9000, 008.9000,, 08.80, 1029.40,,509
357,,8758399,10384,2019-04-15 12:00,DBJM, 54.0000, 008.5000,, 07.40, 1031.10,,509
150,0.99993086,8788936,384,2019-04-15 12:00,DBKR, 54.1000, 012.1000,, 08.60, 1032.10,,509
150,0.99993086,8789145,10384,2019-04-15 12:00,DBKR, 54.1000, 012.1000,, 08.60, 1032.10,,509
151,0.9999311315852488,8759926,10384,2019-04-15 12:00,DBKV, 54.3300, 010.1800,, 07.61, 1032.50,,
151,0.9999311315852488,8821266,10384,2019-04-15 12:00,DBKV, 54.3300, 010.1800,, 07.71, 1030.90,,
151,0.999902606010437,8761173,384,2019-04-15 12:00,DBKV, 54.3000, 010.2000,, 07.60, 1032.50,,509
152,0.9941970532869737,8821261,10384,2019-04-15 12:00,DBND, 54.3300, 010.1500,, 07.81, 1031.00,,
152,0.9917933940645022,8761165,384,2019-04-15 12:00,DBND, 54.3000, 010.2000,, 08.00, 1032.60,,509
152,0.9941970532869737,8759920,10384,2019-04-15 12:00,DBND, 54.3300, 010.1500,, 08.03, 1032.60,,
153,0.99998385,8762487,10256,2019-04-15 12:00,DCPP2, 32.5000, 029.4000, 18.00, 17.00, 1014.70,10000,2
153,0.99998385,8762313,256,2019-04-15 12:00,DCPP2, 32.5000, 029.4000,, 17.00, 1014.70,10010,2
358,,8824526,256,2019-04-15 12:00,DCVJ2, 39.6000, 004.7000,,, 1017.60,20010,510
154,0.9999838471412659,8760545,10256,2019-04-15 12:00,DCVJ2, 41.9000, 007.6000, 11.60,, 1014.60,20000,510
154,0.9999838471412659,8761080,256,2019-04-15 12:00,DCVJ2, 41.9000, 007.6000,,, 1014.60,20010,510
155,0.99998385,8761147,256,2019-04-15 12:00,DDKK2, 50.2000,-000.8000,, 10.00, 1023.50,20010,1
155,0.99998385,8759172,10256,2019-04-15 12:00,DDKK2, 50.2000,-000.8000, 06.60, 10.00, 1023.50,20000,1
359,,8760402,256,2019-04-15 12:00,DDSD2, 33.9000,-013.5000,, 18.10, 1016.50,10010,2
156,0.99999994,8759128,256,2019-04-15 12:00,DEFY, 39.4000,-024.2000,, 14.80, 1014.00,20010,0
156,0.99999994,8759142,10256,2019-04-15 12:00,DEFY, 39.4000,-024.2000, 10.50, 14.80, 1014.00,20000,0
157,0.99998385,8763230,10256,2019-04-15 12:00,DFDE2, 36.2000, 034.8000, 16.00, 18.60, 1012.00,10000,3
157,0.99998385,8762959,256,2019-04-15 12:00,DFDE2, 36.2000, 034.8000,, 18.60, 1012.00,10010,3
158,0.99998385,8758654,10256,2019-04-15 12:00,DFGX2, 36.0000, 131.3000, 08.80, 14.00, 1017.60,20000,1
158,0.99998385,8758826,256,2019-04-15 12:00,DFGX2, 36.0000, 131.3000,, 14.00, 1017.60,20010,1
159,0.99999964,8762231,10256,2019-04-15 12:00,DGEN, 54.5000, 008.0000, 05.00, 07.50, 1031.60,,0
159,0.99999964,8762250,256,2019-04-15 12:00,DGEN, 54.5000, 008.0000,, 07.50, 1031.60,,0
160,0.99998385,8760971,256,2019-04-15 12:00,DGWD2, 10.3000, 107.8000,, 29.00, 1011.60,20010,2
160,0.99998385,8760731,10256,2019-04-15 12:00,DGWD2, 10.3000, 107.8000,, 29.00, 1011.60,20000,2
161,0.99998623,8759983,256,2019-04-15 12:00,DGZR2, 41.3000,-165.6000,, 09.00, 1012.60,510,61
161,0.99998623,8759984,10256,2019-04-15 12:00,DGZR2, 41.3000,-165.6000,, 09.00, 1012.60,500,61
162,0.99998385,8759265,256,2019-04-15 12:00,DHBN,-34.2000, 168.4000,, 21.00, 1023.00,20010,2
162,0.99998385,8759039,10256,2019-04-15 12:00,DHBN,-34.2000, 168.4000,, 21.00, 1023.00,20000,2
163,0.99998385,8759094,10256,2019-04-15 12:00,DIHC, 46.7000, 159.9000,, 02.00, 1024.90,20000,3
163,0.99998385,8759110,256,2019-04-15 12:00,DIHC, 46.7000, 159.9000,, 02.00, 1024.90,20010,3
360,,8824699,10256,2019-04-15 12:00,DITI2, 28.0000,-094.4000, 18.00,, 1018.60,20000,1
164,0.9999838471412659,8763620,256,2019-04-15 12:00,DITI2, 25.8000,-095.6000,,, 1016.50,20010,1
164,0.9999838471412659,8763164,10256,2019-04-15 12:00,DITI2, 25.8000,-095.6000, 18.00,, 1016.50,20000,1
165,0.99998385,8759634,256,2019-04-15 12:00,DJPZ2, 48.7000,-016.8000,, 12.00, 1001.10,10010,2
165,0.99998385,8759571,10256,2019-04-15 12:00,DJPZ2, 48.7000,-016.8000,, 12.00, 1001.10,10000,2
361,,8759135,10256,2019-04-15 12:00,DJQB2, 17.4000,-068.9000,, 24.00, 1015.00,20000,1
166,0.9999838471412659,8759122,256,2019-04-15 12:00,DJQC2,-20.8000,-075.0000,, 21.00, 1014.40,20010,2
166,0.9999838471412659,8759134,10256,2019-04-15 12:00,DJQC2,-20.8000,-075.0000, 15.50, 21.00, 1014.40,20000,2
167,0.9999838471412659,8820436,10256,2019-04-15 12:00,DJQC2,-16.8000,-076.0000, 19.00, 23.00, 1012.20,20000,1
167,0.9999838471412659,8820424,256,2019-04-15 12:00,DJQC2,-16.8000,-076.0000,, 23.00, 1012.20,20010,1
362,,8821247,10384,2019-04-15 12:00,EUCDE08, 50.0300,-002.7300,, 10.92, 1014.70,,
168,0.9999589323997498,8759925,10384,2019-04-15 12:00,EUCDE08, 51.1800, 001.6800,, 10.23, 1026.40,,
168,0.9999589323997498,8761172,384,2019-04-15 12:00,EUCDE08, 51.2000, 001.7000,, 10.20, 1026.40,,509
169,0.9999589323997498,8759874,10384,2019-04-15 12:00,EUCDE09, 46.7200,-071.3800,, 03.42, 1011.70,,
169,0.9999589323997498,8761134,384,2019-04-15 12:00,EUCDE09, 46.7000,-071.4000,, 03.40, 1011.70,,509
363,,8821235,10384,2019-04-15 12:00,EUCDE09, 48.7000,-068.4100,, 03.06, 1002.40,,
170,0.9998589158058167,8759863,10384,2019-04-15 12:00,EUCDE19, 31.6000, 133.2400,,, 1014.10,,
364,,8821249,10384,2019-04-15 12:00,EUCDE19, 32.8600, 137.1000,,, 1016.70,,
170,0.9998589158058167,8761121,384,2019-04-15 12:00,EUCDE19, 31.6000, 133.2000,,, 1014.10,,509
365,,8822575,384,2019-04-15 12:00,EUCDE25, 32.7000,-016.7000,,, 1020.90,,509
171,0.99998385,8762482,10256,2019-04-15 12:00,LXVQ, 39.0000,-010.0000,, 16.00, 1012.90,10000,2
171,0.99998385,8762309,256,2019-04-15 12:00,LXVQ, 39.0000,-010.0000,, 16.00, 1012.90,10010,2
172,0.99998385,8762310,256,2019-04-15 12:00,OXCQ2, 05.4000,-026.5000,, 28.00, 1014.00,20010,3
172,0.99998385,8762485,10256,2019-04-15 12:00,OXCQ2, 05.4000,-026.5000,, 28.00, 1014.00,20000,3
173,0.9999822546584874,8787522,256,2019-04-15 12:00,VRGJ3, 42.1000,-035.0000,, 16.00, 1005.00,10010,2
366,,8822007,256,2019-04-15 12:00,VRGJ3, 43.9000,-030.5000,, 14.00, 0992.00,10010,3
173,0.9999822546584874,8787582,10256,2019-04-15 12:00,VRGJ3, 42.1000,-035.0000, 16.00, 16.00, 1005.00,10000,2
173,0.9999822546584874,8782214,256,2019-04-15 12:00,VRGJ3, 42.1000,-035.0000,, 16.00, 1005.00,10010,2
173,0.9999822546584874,8782095,10256,2019-04-15 12:00,VRGJ3, 42.1000,-035.0000, 16.00, 16.00, 1005.00,10000,2
174,0.99998385,8762483,10256,2019-04-15 12:00,ZDNC5, 06.0000,-011.4000,, 30.00, 1012.10,20000,1
174,0.99998385,8762311,256,2019-04-15 12:00,ZDNC5, 06.0000,-011.4000,, 30.00, 1012.10,20010,1
367,,8902702,10384,2019-04-16 01:00,DBFI, 53.9000, 008.7000,, 09.00, 1025.00,,509
175,0.99998385,8916005,256,2019-04-16 01:00,DCPP2, 34.3000, 020.3000,, 16.00, 1011.20,10010,2
175,0.99998385,8916191,10256,2019-04-16 01:00,DCPP2, 34.3000, 020.3000, 14.50, 16.00, 1011.20,10000,2
368,,8907668,10384,2019-04-16 02:00,DBFI, 53.9000, 008.7000,, 09.10, 1024.90,,509
176,0.99998385,8905777,10256,2019-04-16 02:00,DCPX2, 12.2000, 131.0000, 29.00, 28.00, 1014.00,20000,2
176,0.99998385,8905732,256,2019-04-16 02:00,DCPX2, 12.2000, 131.0000,, 28.00, 1014.00,20010,2
177,0.99993086,8898779,384,2019-04-16 03:00,DBLK,-52.8000,-067.9000,, 09.00, 0994.70,,509
177,0.99993086,8898740,10384,2019-04-16 03:00,DBLK,-52.8000,-067.9000,, 09.00, 0994.70,,509
178,0.99993086,8899222,10256,2019-04-16 03:00,DEFY, 40.3000,-021.2000, 14.10, 12.90, 0998.90,,2
178,0.99993086,8899648,256,2019-04-16 03:00,DEFY, 40.3000,-021.2000,, 12.90, 0998.90,,2
179,0.99998385,8900985,256,2019-04-16 03:00,DGQD2, 05.7000, 096.6000,, 31.70, 1012.60,20010,2
179,0.99998385,8900995,10256,2019-04-16 03:00,DGQD2, 05.7000, 096.6000, 25.00, 31.70, 1012.60,20000,2
180,0.99998385,8902754,256,2019-04-16 03:00,DGZR2, 39.9000,-176.9000,, 10.00, 1022.00,20010,2
180,0.99998385,8902750,10256,2019-04-16 03:00,DGZR2, 39.9000,-176.9000,, 10.00, 1022.00,20000,2
181,0.99998385,8901231,256,2019-04-16 03:00,DJPZ2, 45.1000,-028.0000,, 15.00, 0992.90,10010,51
181,0.99998385,8901504,10256,2019-04-16 03:00,DJPZ2, 45.1000,-028.0000,, 15.00, 0992.90,10000,51
182,0.99998385,8905774,10256,2019-04-16 03:00,VREX7, 10.0000,-078.3000, 22.00, 28.00, 1013.50,20000,2
182,0.99998385,8905729,256,2019-04-16 03:00,VREX7, 10.0000,-078.3000,, 28.00, 1013.50,20010,2
369,,8903157,384,2019-04-16 04:00,6201065, 54.0000, 006.6000,,, 1023.60,,509
370,,8903159,384,2019-04-16 04:00,6201066, 55.2000, 007.2000,,, 1026.90,,509
371,,8901850,10384,2019-04-16 04:00,DBBA, 54.1000, 012.1000,, 08.60, 1026.20,,509
372,,8903210,10384,2019-04-16 04:00,DBBE, 14.1000,-125.7000,, 26.60, 1014.00,,509
373,,8902565,10384,2019-04-16 04:00,DBBT,-28.7000,-036.9000,, 25.30, 1020.20,,509
374,,8901736,10384,2019-04-16 04:00,DBEA, 54.0000, 008.2000,, 07.20, 1024.10,,509
375,,8918037,10384,2019-04-16 04:00,DBFI, 53.9000, 008.7000,, 09.30, 1024.40,,509
376,,8901883,10384,2019-04-16 04:00,DBJM, 53.9000, 008.9000,, 08.70, 1024.80,,509
183,0.99993086,8902546,10384,2019-04-16 04:00,DBKR, 54.1000, 012.1000,, 08.10, 1026.20,,509
183,0.99993086,8902547,384,2019-04-16 04:00,DBKR, 54.1000, 012.1000,, 08.10, 1026.20,,509
184,0.9999026,8903477,10384,2019-04-16 04:00,DBKV, 54.3300, 010.1800,, 08.07, 1026.20,,
184,0.9999026,8902925,384,2019-04-16 04:00,DBKV, 54.3000, 010.2000,, 08.10, 1026.20,,509
185,0.99993086,8903752,10384,2019-04-16 04:00,DBLK,-52.9000,-067.6000,, 09.00, 0994.50,,509
185,0.99993086,8903783,384,2019-04-16 04:00,DBLK,-52.9000,-067.6000,, 09.00, 0994.50,,509
186,0.9917934,8903474,10384,2019-04-16 04:00,DBND, 54.3300, 010.1500,, 08.38, 1026.30,,
186,0.9917934,8902922,384,2019-04-16 04:00,DBND, 54.3000, 010.2000,, 08.40, 1026.30,,509
187,0.99999064,8902899,384,2019-04-16 04:00,EUCDE08, 49.8000,-009.3000,, 11.20, 1012.50,,509
187,0.99999064,8903441,10384,2019-04-16 04:00,EUCDE08, 49.8200,-009.2900,, 11.20, 1012.50,,
188,0.9998195,8903445,10384,2019-04-16 04:00,EUCDE09, 49.2800,-064.1700,, 00.10, 0987.20,,
188,0.9998195,8902909,384,2019-04-16 04:00,EUCDE09, 49.3000,-064.2000,, 00.10, 0987.20,,509
377,,8902895,384,2019-04-16 04:00,EUCDE16, 52.1000, 003.9000,,, 1016.40,,509
189,0.99999607,8903448,10384,2019-04-16 04:00,EUCDE19, 34.1900, 142.5900,,, 1019.00,,
189,0.99999607,8902888,384,2019-04-16 04:00,EUCDE19, 34.2000, 142.6000,,, 1019.00,,509
378,,8903597,10384,2019-04-16 04:00,EUCDE20, 21.0100,-072.9500,,, 1017.20,,
190,0.99998385,8903082,10256,2019-04-16 04:00,V7WU3, 32.4000, 165.4000, 12.00, 17.00, 1025.00,20000,3
190,0.99998385,8903079,256,2019-04-16 04:00,V7WU3, 32.4000, 165.4000,, 17.00, 1025.00,20010,3
191,0.99998385,8916008,256,2019-04-16 05:00,CQIB6,-34.2000, 026.6000,, 24.00, 1013.40,20010,3
191,0.99998385,8916194,10256,2019-04-16 05:00,CQIB6,-34.2000, 026.6000, 19.00, 24.00, 1013.40,20000,3
192,0.99993086,8906963,10384,2019-04-16 05:00,DBBA, 54.1000, 012.1000,, 08.60, 1026.00,,509
192,0.99993086,8906961,384,2019-04-16 05:00,DBBA, 54.1000, 012.1000,, 08.60, 1026.00,,509
379,,8907657,10384,2019-04-16 05:00,DBBT,-28.7000,-036.9000,, 25.10, 1019.70,,509
380,,8906852,10384,2019-04-16 05:00,DBEA, 54.0000, 008.2000,, 07.20, 1023.30,,509
381,,8923631,10384,2019-04-16 05:00,DBFI, 53.9000, 008.7000,, 09.40, 1024.10,,509
382,,8906967,10384,2019-04-16 05:00,DBJM, 53.9000, 008.9000,, 08.70, 1024.60,,509
383,,8907644,384,2019-04-16 05:00,DBKR, 54.1000, 012.1000,, 08.30, 1025.90,,509
193,0.9999026,8908543,10384,2019-04-16 05:00,DBKV, 54.3300, 010.1800,, 08.07, 1025.90,,
193,0.9999026,8907931,384,2019-04-16 05:00,DBKV, 54.3000, 010.2000,, 08.10, 1025.90,,509
194,0.9917934,8907894,384,2019-04-16 05:00,DBND, 54.3000, 010.2000,, 08.00, 1026.00,,509
194,0.9917934,8908536,10384,2019-04-16 05:00,DBND, 54.3300, 010.1500,, 08.04, 1026.00,,
195,0.9895237,8907879,384,2019-04-16 05:00,EUCDE08, 49.9000,-009.7000,, 11.50, 1012.50,,509
195,0.9895237,8908511,10384,2019-04-16 05:00,EUCDE08, 49.8500,-009.7400,, 11.48, 1012.50,,
196,0.99999064,8908518,10384,2019-04-16 05:00,EUCDE09, 49.1800,-063.9100,,-00.10, 0986.60,,
196,0.99999064,8907898,384,2019-04-16 05:00,EUCDE09, 49.2000,-063.9000,,-00.10, 0986.60,,509
197,0.9965232,8907914,384,2019-04-16 05:00,EUCDE19, 34.2000, 143.0000,,, 1018.80,,509
197,0.9965232,8908509,10384,2019-04-16 05:00,EUCDE19, 34.2200, 142.9500,,, 1018.80,,
384,,8908554,10384,2019-04-16 05:00,EUCDE26, 19.1200,-096.0500,,, 1018.30,,
385,,8913439,10256,2019-04-16 06:00,9HA4143, 10.2000, 109.9000, 27.00, 30.00, 1009.50,20000,0
386,,8914681,256,2019-04-16 06:00,A8UN3, 17.4000,-072.7000,, 27.00, 1015.00,20010,2
198,0.99998474,8916053,10256,2019-04-16 06:00,A8VE3, 26.9000, 123.0000, 20.00, 22.00, 1010.50,4000,63
198,0.99998474,8915957,256,2019-04-16 06:00,A8VE3, 26.9000, 123.0000,, 22.00, 1010.50,4010,63
199,0.99998385,8916197,10256,2019-04-16 06:00,CQIN5, 12.6000, 044.9000, 27.00, 28.00, 1011.00,10000,3
199,0.99998385,8916010,256,2019-04-16 06:00,CQIN5, 12.6000, 044.9000,, 28.00, 1011.00,10010,3
387,,8911590,10384,2019-04-16 06:00,DBEA, 54.0000, 008.2000,, 07.00, 1023.30,,509
200,0.9999026,8914879,384,2019-04-16 06:00,DBKV, 54.3000, 010.2000,, 08.00, 1025.80,,509
200,0.9999026,8913541,10384,2019-04-16 06:00,DBKV, 54.3300, 010.1800,, 07.99, 1025.80,,
388,,8913765,384,2019-04-16 06:00,DBLK,-52.9000,-067.0000,, 09.20, 0994.30,,509
201,0.99812126,8913551,10384,2019-04-16 06:00,DBND, 54.3300, 010.1600,, 07.30, 1025.80,,
201,0.99812126,8914890,384,2019-04-16 06:00,DBND, 54.3000, 010.2000,, 07.30, 1025.80,,509
389,,8913764,256,2019-04-16 06:00,DCPI2, 19.4000,-086.8000,, 28.00, 1011.10,10010,2
202,0.99998385,8916009,256,2019-04-16 06:00,DCQP2, 34.4000, 123.9000,, 10.00, 1013.80,10010,3
202,0.99998385,8916195,10256,2019-04-16 06:00,DCQP2, 34.4000, 123.9000,, 10.00, 1013.80,10000,3
390,,8914135,256,2019-04-16 06:00,DEFY, 40.3000,-020.9000,, 14.10, 0996.00,,0
391,,8916209,256,2019-04-16 06:00,DFDH2, 45.1000, 154.3000,, 01.50, 0998.70,1010,42
203,0.99998385,8916006,256,2019-04-16 06:00,DGQD2, 05.9000, 095.7000,, 31.60, 1011.30,10010,2
203,0.99998385,8916192,10256,2019-04-16 06:00,DGQD2, 05.9000, 095.7000, 25.00, 31.60, 1011.30,10000,2
204,0.99998385,8913672,256,2019-04-16 06:00,DMRX, 40.4000,-124.5000,, 13.00, 1011.70,10010,1
204,0.99998385,8913677,10256,2019-04-16 06:00,DMRX, 40.4000,-124.5000,, 13.00, 1011.70,10000,1
205,0.9999026,8914872,384,2019-04-16 06:00,EUCDE08, 49.9000,-010.2000,, 11.60, 1012.60,,509
205,0.9999026,8913503,10384,2019-04-16 06:00,EUCDE08, 49.8700,-010.1800,, 11.61, 1012.60,,
206,0.99920696,8914849,384,2019-04-16 06:00,EUCDE09, 49.1000,-063.6000,, 00.60, 0984.60,,509
206,0.99920696,8913508,10384,2019-04-16 06:00,EUCDE09, 49.0800,-063.6400,, 00.64, 0984.60,,
207,0.99976903,8913500,10384,2019-04-16 06:00,EUCDE19, 34.2400, 143.3200,,, 1018.80,,
207,0.99976903,8914844,384,2019-04-16 06:00,EUCDE19, 34.2000, 143.3000,,, 1018.80,,509
392,,8914865,256,2019-04-16 06:00,LXYO,-38.4000, 129.6000,, 15.00, 1001.30,10010,3
208,0.99999994,8916007,256,2019-04-16 06:00,OXCQ2,-02.5000,-030.2000,, 30.00, 1010.80,20010,0
208,0.99999994,8916193,10256,2019-04-16 06:00,OXCQ2,-02.5000,-030.2000,, 30.00, 1010.80,20000,0
209,0.9999838471412659,8917999,256,2019-04-16 06:00,VREO9, 31.8000,-037.3000,, 22.00, 1016.10,20010,2
209,0.9999815097783828,8918155,10256,2019-04-16 06:00,VREO9, 31.8000,-037.3000, 16.00, 22.00, 1016.10,20000,2
209,0.9999815097783828,8918019,10256,2019-04-16 06:00,VREO9, 31.8000,-037.3000, 16.00, 22.00, 1016.10,20000,2
210,0.99998385,8916011,256,2019-04-16 06:00,ZDNC5, 04.2000,-004.1000,, 31.00, 1010.70,20010,13
210,0.99998385,8916196,10256,2019-04-16 06:00,ZDNC5, 04.2000,-004.1000,, 31.00, 1010.70,20000,13
393,,8917998,10384,2019-04-16 07:00,DBBT,-28.7000,-037.2000,, 25.10, 1019.50,,509
394,,8917988,10384,2019-04-16 07:00,DBKR, 54.2000, 012.1000,, 06.80, 1025.60,,509
395,,8918357,384,2019-04-16 07:00,DBKV, 54.3000, 010.2000,, 07.90, 1025.50,,509
396,,8918336,384,2019-04-16 07:00,EUCDE08, 49.9000,-010.6000,, 11.70, 1012.60,,509
397,,8918356,384,2019-04-16 07:00,EUCDE09, 49.0000,-063.3000,, 00.00, 0984.30,,509
398,,8986703,10384,2019-04-16 07:00,EUCDE27, 41.3800,-036.6800,,, 1013.70,,
399,,8923611,10384,2019-04-16 08:00,DBBT,-28.7000,-037.4000,, 25.10, 1019.80,,509
400,,8923606,10384,2019-04-16 08:00,DBKR, 54.3000, 012.1000,, 06.00, 1025.70,,509
401,,8993195,10384,2019-04-16 08:00,EUCDE33, 26.2600,-087.5600,,, 1018.60,,
211,0.99998385,9052620,10256,2019-04-16 09:00,CQIB6,-34.8000, 021.8000, 17.50, 18.00, 1022.10,20000,1
211,0.99998385,9052574,256,2019-04-16 09:00,CQIB6,-34.8000, 021.8000,, 18.00, 1022.10,20010,1
402,,8928822,384,2019-04-16 09:00,EUCDE13, 53.6000, 008.5000,,, 1023.00,,509
403,,8934517,10384,2019-04-16 10:00,EUCDE17, 64.1500,-021.8600,,, 1000.80,,
404,,8933886,256,2019-04-16 10:00,EUCDE31,-09.6000,-079.1000,,, 1012.30,,508
405,,8938771,384,2019-04-16 11:00,EUCDE12,-29.9000, 031.0000,,, 1013.60,,509
406,,8939388,10384,2019-04-16 11:00,EUCDE20, 22.8200,-071.4900,,, 1017.30,,
407,,8943839,384,2019-04-16 12:00,6201065, 54.0000, 006.6000,,, 1022.60,,509
408,,8943840,384,2019-04-16 12:00,6201066, 55.2000, 007.2000,,, 1025.20,,509
212,0.99998385,8885262,256,2019-04-16 12:00,A8IE9, 47.1000,-165.2000,, 05.80, 1005.50,20010,2
212,0.99998385,8885307,10256,2019-04-16 12:00,A8IE9, 47.1000,-165.2000, 07.00, 05.80, 1005.50,20000,2
409,,8952525,256,2019-04-16 12:00,A8LN2, 42.9000,-009.7000,, 14.10, 1015.50,10010,3
213,0.99998385,8905776,10256,2019-04-16 12:00,A8TL8, 00.0000, 106.1000, 26.00, 29.20, 1010.00,20000,509
213,0.99998385,8905731,256,2019-04-16 12:00,A8TL8, 00.0000, 106.1000,, 29.20, 1010.00,20010,509
410,,8943665,10256,2019-04-16 12:00,A8ZE4, 12.5000, 111.2000, 28.00, 31.50, 1007.00,20000,2
411,,8884054,10256,2019-04-16 12:00,CQEC, 12.7000, 043.2000, 26.00, 28.00, 1008.00,20000,3
214,0.99998385,8885263,256,2019-04-16 12:00,CQHF, 41.1000,-021.5000,,, 0999.00,10010,2
214,0.99998385,8885308,10256,2019-04-16 12:00,CQHF, 41.1000,-021.5000,,, 0999.00,10000,2
215,0.99998385,8885264,256,2019-04-16 12:00,CQHW,-05.7000, 111.4000,, 28.00, 1007.00,20010,1
215,0.99998385,8885305,10256,2019-04-16 12:00,CQHW,-05.7000, 111.4000,, 28.00, 1007.00,20000,1
216,0.99993086,8885309,10256,2019-04-16 12:00,CQIT,-06.4000, 046.0000, 24.00, 29.00, 1010.20,,3
216,0.99993086,8885265,256,2019-04-16 12:00,CQIT,-06.4000, 046.0000,, 29.00, 1010.20,,3
217,0.99998385,8885299,10256,2019-04-16 12:00,D5RG3, 35.8000,-006.4000, 15.00, 18.00, 1020.90,20000,3
217,0.99998385,8885259,256,2019-04-16 12:00,D5RG3, 35.8000,-006.4000,, 18.00, 1020.90,20010,3
218,0.99993086,8943768,10384,2019-04-16 12:00,DBBE, 14.1000,-125.9000,, 26.10, 1012.10,,509
218,0.99993086,8943841,384,2019-04-16 12:00,DBBE, 14.1000,-125.9000,, 26.10, 1012.10,,509
412,,8944185,10384,2019-04-16 12:00,DBKV, 54.3300, 010.1800,, 07.86, 1024.60,,
413,,8944178,10384,2019-04-16 12:00,DBND, 54.6900, 010.3800,, 06.76, 1025.60,,
219,0.99998385,8944212,256,2019-04-16 12:00,DFGX2, 42.4000, 144.9000,, 07.00, 1011.20,20010,2
219,0.99998385,8943849,10256,2019-04-16 12:00,DFGX2, 42.4000, 144.9000, 03.10, 07.00, 1011.20,20000,2
414,,8944157,10384,2019-04-16 12:00,EUCDE08, 49.9700,-012.9600,, 12.02, 1009.00,,
415,,8944158,10384,2019-04-16 12:00,EUCDE09, 48.4100,-062.0200,,-00.27, 0981.50,,
416,,8944161,10384,2019-04-16 12:00,EUCDE19, 34.6700, 145.2500,,, 1021.90,,
220,0.99998385,8885266,256,2019-04-16 12:00,LXVQ, 36.2000,-003.1000,, 17.00, 1017.20,20010,3
220,0.99998385,8885306,10256,2019-04-16 12:00,LXVQ, 36.2000,-003.1000,, 17.00, 1017.20,20000,3
221,0.99998385,8885267,256,2019-04-16 12:00,OXCR2, 19.2000, 113.3000,, 26.00, 1011.70,20010,2
221,0.99998385,8885303,10256,2019-04-16 12:00,OXCR2, 19.2000, 113.3000, 26.00, 26.00, 1011.70,20000,2
222,0.99998385,9052613,10256,2019-04-17 02:00,DCPP2, 37.5000, 011.2000, 16.00, 15.00, 1018.80,10000,2
222,0.99998385,9052572,256,2019-04-17 02:00,DCPP2, 37.5000, 011.2000,, 15.00, 1018.80,10010,2
417,,9029562,10384,2019-04-17 02:00,EUCDE10, 53.5300, 008.5800,,, 1023.50,,
418,,9034468,384,2019-04-17 03:00,6201065, 54.0000, 006.6000,,, 1023.00,,509
419,,9034467,384,2019-04-17 03:00,6201066, 55.2000, 007.2000,,, 1025.90,,509
420,,9035799,10256,2019-04-17 03:00,9HA3769, 34.4000, 124.6000,, 12.00, 1014.00,10000,2
223,0.99993086,9034469,384,2019-04-17 03:00,DBBE, 14.1000,-125.9000,, 26.30, 1014.40,,509
223,0.99993086,9034457,10384,2019-04-17 03:00,DBBE, 14.1000,-125.9000,, 26.30, 1014.40,,509
224,0.99993086,9034891,384,2019-04-17 03:00,DBBH, 16.6000,-062.0000,, 26.40, 1017.10,,509
224,0.99993086,9035017,10384,2019-04-17 03:00,DBBH, 16.6000,-062.0000,, 26.40, 1017.10,,509
421,,9034985,10384,2019-04-17 03:00,DBKV, 54.3300, 010.1800,, 08.24, 1026.90,,
225,0.99993086,9035219,384,2019-04-17 03:00,DBLK,-53.4000,-060.9000,, 06.80, 0985.10,,509
225,0.99993086,9035180,10384,2019-04-17 03:00,DBLK,-53.4000,-060.9000,, 06.80, 0985.10,,509
226,0.9807535,9034289,384,2019-04-17 03:00,DBND, 54.5000, 011.4000,, 05.70, 1028.00,,509
226,0.9807535,9034992,10384,2019-04-17 03:00,DBND, 54.4600, 011.3500,, 05.66, 1028.00,,
422,,9038389,10256,2019-04-17 03:00,DFPG2, 08.2000, 075.0000,, 33.00, 1011.00,10000,3
423,,9034967,10384,2019-04-17 03:00,EUCDE08, 49.0200,-019.8300,, 12.90, 0996.80,,
424,,9034948,10384,2019-04-17 03:00,EUCDE19, 36.0600, 150.6100,,, 1021.00,,
425,,9052696,10256,2019-04-17 04:00,CQDB, 21.0000, 114.3000, 24.00, 27.00, 1014.00,20000,510
426,,9038478,10384,2019-04-17 04:00,DBEA, 54.0000, 008.2000,, 07.60, 1024.20,,509
427,,9043381,10384,2019-04-17 05:00,DBEA, 54.0000, 008.2000,, 07.60, 1025.10,,509
428,,9105833,384,2019-04-17 05:00,EUCDE18, 09.5000,-087.0000,,, 1010.60,,509
429,,9105974,384,2019-04-17 05:00,EUCDE25, 28.9000,-014.2000,,, 1015.20,,509
430,,9051338,256,2019-04-17 06:00,A8KM8, 06.2000, 093.0000,, 30.00, 1012.00,20010,2
431,,9051335,256,2019-04-17 06:00,A8KM9, 24.2000, 061.0000,, 25.00, 1013.00,20010,510
227,0.99998474,9052576,256,2019-04-17 06:00,A8KY3, 32.1000, 133.5000,, 23.20, 1011.00,2010,61
227,0.99998474,9052617,10256,2019-04-17 06:00,A8KY3, 32.1000, 133.5000, 17.00, 23.20, 1011.00,2000,61
228,0.99998385,9052573,256,2019-04-17 06:00,D5QI4,-12.6000, 054.5000,, 30.00, 1013.80,20010,3
228,0.99998385,9052614,10256,2019-04-17 06:00,D5QI4,-12.6000, 054.5000,, 30.00, 1013.80,20000,3
432,,9051337,256,2019-04-17 06:00,DHEH2,-41.3000,-014.3000,, 14.00, 1002.00,2010,58
433,,9052622,10256,2019-04-17 06:00,DKBW2, 02.1000, 104.4000, 25.00, 30.00, 1009.00,20000,2
434,,9050049,10384,2019-04-17 06:00,EUCDE12,-29.8800, 031.0200,,, 1020.60,,
435,,9051339,384,2019-04-17 06:00,EUCDE19, 36.3000, 151.8000,,, 1020.10,,509
436,,9051456,10256,2019-04-17 06:00,LXYO,-39.0000, 137.6000,, 14.00, 1015.50,10000,3
229,0.99998385,9052578,256,2019-04-17 06:00,OXCQ2,-08.8000,-033.3000,, 30.00, 1010.70,20010,3
229,0.99998385,9052619,10256,2019-04-17 06:00,OXCQ2,-08.8000,-033.3000,, 30.00, 1010.70,20000,3
230,0.99998385,9052579,256,2019-04-17 06:00,ZDNC5, 05.9000, 001.9000,, 31.00, 1009.30,20010,3
230,0.99998385,9052615,10256,2019-04-17 06:00,ZDNC5, 05.9000, 001.9000,, 31.00, 1009.30,20000,3
437,,9055704,384,2019-04-17 07:00,DBLK,-53.5000,-059.7000,, 06.80, 0982.50,,509
438,,9055027,384,2019-04-17 07:00,EUCDE09, 47.5000,-058.5000,,-00.20, 0987.10,,509
439,,9121511,384,2019-04-17 08:00,EUCDE10, 53.5000, 008.6000,,, 1027.50,,509
440,,9070932,10384,2019-04-17 10:00,EUCDE13, 52.9300, 004.0000,,, 1022.60,,
441,,9073946,10384,2019-04-17 11:00,DBEA, 54.0000, 008.2000,, 07.40, 1026.30,,509
442,,9161264,384,2019-04-17 11:00,DBKR, 54.9000, 013.7000,, 06.70, 1032.90,,509
443,,9208242,384,2019-04-18 01:00,EUCDE06, 53.6000,-004.3000,,, 1025.20,,509
444,,9157604,384,2019-04-18 03:00,6201065, 54.0000, 006.6000,,, 1029.60,,509
445,,9157603,384,2019-04-18 03:00,6201066, 55.2000, 007.2000,,, 1031.60,,509
231,0.99993086,9157282,10384,2019-04-18 03:00,DBBE, 14.1000,-125.9000,, 26.30, 1012.60,,509
231,0.99993086,9157605,384,2019-04-18 03:00,DBBE, 14.1000,-125.9000,, 26.30, 1012.60,,509
232,0.99993086,9157689,10384,2019-04-18 03:00,DBBH, 16.6000,-061.9000,, 26.50, 1016.00,,509
232,0.99993086,9157653,384,2019-04-18 03:00,DBBH, 16.6000,-061.9000,, 26.50, 1016.00,,509
446,,9157195,10384,2019-04-18 03:00,DBBT,-27.3000,-039.0000,, 25.70, 1011.40,,509
233,0.9999026,9157154,384,2019-04-18 03:00,DBKV, 54.3000, 010.2000,, 08.70, 1031.60,,509
233,0.9999026,9157724,10384,2019-04-18 03:00,DBKV, 54.3300, 010.1800,, 08.66, 1031.60,,
234,0.99812126,9157181,384,2019-04-18 03:00,DBND, 54.8000, 013.1000,, 05.50, 1033.10,,509
234,0.99812126,9157716,10384,2019-04-18 03:00,DBND, 54.8300, 013.0600,, 05.53, 1033.10,,
447,,9157117,384,2019-04-18 03:00,EUCDE07, 39.2000,-076.5000,,, 1021.00,,509
235,0.9989855,9157699,10384,2019-04-18 03:00,EUCDE08, 45.6400,-030.0700,, 14.26, 1007.20,,
235,0.9989855,9157184,384,2019-04-18 03:00,EUCDE08, 45.6000,-030.1000,, 14.30, 1007.20,,509
236,0.9999239,9157704,10384,2019-04-18 03:00,EUCDE09, 45.7100,-054.6300,, 00.41, 1010.40,,
236,0.9999239,9157152,384,2019-04-18 03:00,EUCDE09, 45.7000,-054.6000,, 00.40, 1010.40,,509
237,0.9895237,9157200,384,2019-04-18 03:00,EUCDE19, 36.6000, 159.5000,,, 1015.50,,509
237,0.9895237,9157702,10384,2019-04-18 03:00,EUCDE19, 36.5500, 159.5400,,, 1015.50,,
448,,9161263,10384,2019-04-18 04:00,DBBA, 54.2000, 012.0000,, 05.80, 1031.90,,509
449,,9161212,10384,2019-04-18 04:00,DBBC, 53.8000, 007.7000,, 07.90, 1029.50,,509
450,,9162748,10384,2019-04-18 04:00,EUCDE13, 51.9500, 004.0000,,, 1023.90,,
238,0.99993086,9168071,384,2019-04-18 05:00,DBLK,-53.7000,-053.2000,, 04.90, 0982.40,,509
238,0.99993086,9167937,10384,2019-04-18 05:00,DBLK,-53.7000,-053.2000,, 04.90, 0982.40,,509
451,,9228581,384,2019-04-18 05:00,EUCDE12,-29.9000, 031.0000,,, 1018.60,,509
452,,9183811,10384,2019-04-18 08:00,EUCDE18, 07.4500,-082.9400,,, 1008.10,,
453,,9254313,384,2019-04-18 10:00,EUCDE20, 35.0000,-055.1000,,, 1022.90,,509
454,,9203515,10384,2019-04-18 12:00,EUCDE39, 31.8300, 034.6500,,, 1016.80,,
455,,9276455,10384,2019-04-19 02:00,EUCDE13, 50.0900,-002.4000,,, 1024.60,,
456,,9339270,10384,2019-04-19 02:00,EUCDE30, 51.6500, 002.2300,,, 1028.90,,
457,,9349019,10384,2019-04-19 04:00,EUCDE04, 49.1400,-024.1300,,, 1025.20,,
458,,9349050,10384,2019-04-19 04:00,EUCDE22, 00.6300, 054.7700,,, 1010.20,,
459,,9358919,10384,2019-04-19 06:00,EUCDE30, 50.8600, 001.0900,,, 1029.20,,
460,,9297535,384,2019-04-19 06:00,EUCDE39, 31.8000, 034.7000,,, 1016.60,,509
461,,9363778,384,2019-04-19 07:00,EUCDE27, 49.2000,-006.9000,,, 1028.20,,509
462,,9376073,10384,2019-04-19 09:00,EUCDE34, 51.2800, 004.3800,,, 1028.20,,
463,,9459525,10384,2019-04-20 01:00,EUCDE29, 23.6300, 058.5700,,, 1005.90,,
464,,9424088,384,2019-04-20 06:00,EUCDE16, 58.3000, 004.4000,,, 1034.50,,509
465,,9434236,10384,2019-04-20 08:00,EUCDE04, 47.6500,-029.6000,,, 1026.70,,
466,,9434242,10384,2019-04-20 08:00,EUCDE35, 52.7300, 003.9200,,, 1030.60,,
467,,9438580,256,2019-04-20 09:00,EUCDE35, 52.5000, 003.8000,,, 1030.20,,508
468,,9444119,10384,2019-04-20 10:00,EUCDE35, 52.2400, 003.7800,,, 1029.90,,
469,,9449383,10384,2019-04-20 11:00,EUCDE28,-07.7400, 120.4700,,, 1009.50,,
470,,9583761,384,2019-04-21 01:00,EUCDE23, 47.3000,-013.4000,,, 1019.50,,509
471,,9527528,10256,2019-04-21 02:00,EUCDE34, 51.3000, 004.3000,,, 1024.30,,2
472,,9532045,384,2019-04-21 03:00,EUCDE10, 53.5000, 008.6000,,, 1026.50,,509
473,,9599891,10384,2019-04-21 04:00,EUCDE04, 43.6100,-039.5900,,, 1030.80,,
474,,9543117,10384,2019-04-21 05:00,EUCDE33, 26.5300,-078.7700,,, 1017.70,,
475,,9614553,384,2019-04-21 07:00,EUCDE12,-28.0000, 043.4000,,, 1017.20,,509
476,,9558495,384,2019-04-21 08:00,EUCDE10, 53.5000, 008.6000,,, 1024.90,,509
477,,9559146,10384,2019-04-21 08:00,EUCDE18, 17.9800,-076.8300,,, 1016.10,,
478,,9563865,10384,2019-04-21 09:00,EUCDE33, 26.4600,-078.7600,,, 1017.40,,
479,,9635150,384,2019-04-21 11:00,EUCDE29, 25.9000, 055.5000,,, 1003.20,,509
480,,9516372,10384,2019-04-21 12:00,EUCDE03, 53.5400, 009.9500,,, 1028.80,,
481,,9707737,10384,2019-04-22 01:00,EUCDE13, 43.0900,-026.2300,,, 1019.20,,
482,,9717500,384,2019-04-22 03:00,EUCDE17, 51.9000, 004.4000,,, 1004.80,,509
483,,9727928,10384,2019-04-22 05:00,EUCDE32, 52.0700, 003.3400,,, 1004.20,,
484,,9676253,384,2019-04-22 07:00,EUCDE14,-14.2000,-076.7000,,, 1011.80,,509
485,,9742954,384,2019-04-22 08:00,EUCDE07, 42.9000,-058.2000,,, 1026.30,,509
486,,9687605,10384,2019-04-22 09:00,EUCDE14,-14.6400,-076.5000,,, 1011.10,,
487,,9686961,384,2019-04-22 09:00,EUCDE27, 51.4000, 001.9000,,, 1007.40,,509
488,,9686949,384,2019-04-22 09:00,EUCDE39, 36.7000, 013.4000,,, 1006.50,,509
489,,9752584,10256,2019-04-22 10:00,EUCDE35, 51.4000, 003.8000,,, 1001.30,,2
490,,9833705,10384,2019-04-23 02:00,EUCDE03, 53.5400, 009.9500,,, 1005.40,,
491,,9773272,384,2019-04-23 02:00,EUCDE04, 41.5000,-050.8000,,, 1029.70,,509
492,,9833654,10384,2019-04-23 02:00,EUCDE34, 43.3400,-003.0300,,, 0995.60,,
493,,9846408,384,2019-04-23 05:00,EUCDE22,-20.9000, 055.3000,,, 1015.20,,509
494,,9852245,10384,2019-04-23 06:00,EUCDE39, 38.9200, 003.3100,,, 1002.50,,
495,,9856303,384,2019-04-23 07:00,EUCDE14,-22.5000,-073.4000,,, 1014.30,,509
496,,9803392,10384,2019-04-23 08:00,EUCDE10, 53.5300, 008.5800,,, 1007.60,,
497,,9802752,384,2019-04-23 08:00,EUCDE14,-19.9000,-074.2000,,, 1013.30,,509
498,,9869183,384,2019-04-23 10:00,EUCDE24, 38.2000, 122.3000,,, 1010.50,,509
499,,9817237,384,2019-04-23 11:00,EUCDE06, 51.3000, 004.2000,,, 0997.70,,509
500,,9764486,384,2019-04-23 12:00,EUCDE06, 51.3000, 004.2000,,, 1001.70,,509
501,,9947544,10384,2019-04-24 01:00,EUCDE14,-26.8800,-072.7200,,, 1018.50,,
502,,9946900,384,2019-04-24 01:00,EUCDE26, 23.9000,-084.6000,,, 1015.90,,509
503,,9887441,10384,2019-04-24 01:00,EUCDE34, 43.3400,-003.0300,,, 1000.30,,
504,,9966927,256,2019-04-24 05:00,EUCDE35, 49.6000,-000.2000,,, 0997.20,,508
505,,9912862,384,2019-04-24 06:00,EUCDE08, 45.6000,-073.5000,, 05.60, 0999.90,,509
506,,9911698,10384,2019-04-24 06:00,EUCDE34, 43.3400,-003.0300,,, 0998.90,,
507,,9976769,384,2019-04-24 07:00,EUCDE08, 45.6000,-073.5000,, 05.60, 1006.90,,509
508,,9916402,384,2019-04-24 07:00,EUCDE16, 64.2000,-021.9000,,, 0995.70,,509
509,,9922807,10384,2019-04-24 08:00,EUCDE23, 40.1800,-035.7200,,, 1020.00,,
510,,9982423,384,2019-04-24 08:00,EUCDE27, 51.9000, 004.4000,,, 1001.80,,509
511,,9927411,10384,2019-04-24 09:00,EUCDE04, 44.0200,-061.7000,,, 1005.50,,
512,,9927410,10384,2019-04-24 09:00,EUCDE32, 49.9700,-002.7400,,, 0991.80,,
513,,9927399,10384,2019-04-24 09:00,EUCDE39, 39.4200,-000.2000,,, 1010.40,,
514,,9931894,384,2019-04-24 10:00,EUCDE14,-26.1000,-072.8000,,, 1017.00,,509
515,,9992043,384,2019-04-24 10:00,EUCDE24, 36.1000, 121.3000,,, 1008.10,,509
516,,9992121,384,2019-04-24 10:00,EUCDE29, 25.0000, 053.1000,,, 1011.70,,509
517,,9997816,10384,2019-04-24 11:00,EUCDE04, 44.6700,-063.6300,,, 1005.30,,
518,,9997110,384,2019-04-24 11:00,EUCDE14,-29.6000,-072.3000,,, 1017.60,,509
519,,9937586,10384,2019-04-24 11:00,EUCDE25, 28.8600,-013.8200,,, 1017.80,,
520,,9942212,10384,2019-04-24 12:00,EUCDE28, 01.6900, 102.8600,,, 1008.70,,
521,,10068234,10384,2019-04-25 01:00,EUCDE18, 32.1400,-081.1400,,, 1016.40,,
522,,10012012,384,2019-04-25 02:00,EUCDE16, 64.2000,-021.9000,,, 0999.10,,509
523,,10072972,256,2019-04-25 02:00,EUCDE33, 42.7000,-041.1000,,, 1018.60,,508
524,,10087131,10384,2019-04-25 05:00,EUCDE28, 02.8000, 101.2200,,, 1010.00,,
525,,10038396,384,2019-04-25 07:00,EUCDE07, 45.9000,-035.8000,,, 1017.00,,509
526,,10097295,384,2019-04-25 07:00,EUCDE18, 32.1000,-081.1000,,, 1014.30,,509
527,,10043265,384,2019-04-25 08:00,EUCDE26, 26.7000,-079.4000,,, 1015.00,,509
528,,10043331,256,2019-04-25 08:00,EUCDE34, 43.3000,-003.0000,,, 1004.10,,508
529,,10048498,10384,2019-04-25 09:00,EUCDE22,-21.5200, 057.3600,,, 1014.30,,
530,,10058196,10384,2019-04-25 11:00,EUCDE05, 53.5300, 010.0000,,, 1009.90,,
531,,10143374,384,2019-04-26 04:00,EUCDE12,-13.4000, 069.8000,,, 1012.00,,509
532,,10203918,384,2019-04-26 04:00,EUCDE16, 61.1000,-014.1000,,, 0993.60,,509
533,,10203972,10384,2019-04-26 04:00,EUCDE35, 45.4000,-006.0000,,, 1020.80,,
534,,10143909,10384,2019-04-26 04:00,EUCDE36, 49.4800, 000.1600,,, 1009.60,,
535,,10154701,384,2019-04-26 06:00,EUCDE12,-13.1000, 070.2000,,, 1012.20,,509
536,,10154688,384,2019-04-26 06:00,EUCDE13, 40.3000,-053.2000,,, 1011.30,,509
537,,10234102,10384,2019-04-26 10:00,EUCDE20, 51.8100, 001.8100,,, 1010.50,,
538,,10233405,256,2019-04-26 10:00,EUCDE34, 43.6000,-003.5000,,, 1027.80,,508
539,,10308113,10384,2019-04-27 01:00,EUCDE27, 50.0400,-002.7900,,, 1016.60,,
540,,10313330,10384,2019-04-27 02:00,EUCDE05, 51.2800, 004.2200,,, 1011.20,,
541,,10254935,10384,2019-04-27 02:00,EUCDE07, 50.1400,-019.1000,,, 1022.70,,
542,,10258755,384,2019-04-27 03:00,EUCDE06, 51.3000, 004.2000,,, 1011.40,,509
543,,10258699,384,2019-04-27 03:00,EUCDE39, 40.3000,-010.1000,,, 1028.20,,509
544,,10277545,256,2019-04-27 07:00,EUCDE36, 50.0000,-001.6000,,, 1011.60,,508
545,,10283889,10384,2019-04-27 08:00,EUCDE09, 53.8300, 006.5500,, 10.07, 1008.40,,
546,,10288325,10384,2019-04-27 09:00,EUCDE13, 40.1400,-059.5500,,, 1016.40,,
547,,10355916,10384,2019-04-27 09:00,EUCDE23, 32.5900,-061.1000,,, 1016.00,,
548,,10292930,10384,2019-04-27 10:00,EUCDE28, 01.2600, 103.7800,,, 1008.90,,
549,,10352081,256,2019-04-27 10:00,EUCDE32, 43.6000,-025.4000,,, 1020.10,,508
550,,10302857,10384,2019-04-27 12:00,EUCDE34, 43.5600,-005.6900,,, 1030.10,,
551,,10367438,10384,2019-04-28 01:00,EUCDE14,-37.0300,-073.1500,,, 1016.90,,
552,,10376825,256,2019-04-28 03:00,EUCDE33, 49.4000,-011.4000,,, 1024.00,,508
553,,10393154,256,2019-04-28 06:00,EUCDE32, 43.1000,-028.9000,,, 1013.00,,508
554,,10461785,384,2019-04-28 08:00,EUCDE16, 51.9000, 004.4000,,, 1022.30,,509
555,,10406939,384,2019-04-28 09:00,EUCDE30, 31.8000,-010.6000,,, 1015.80,,509
556,,10411793,384,2019-04-28 10:00,EUCDE04, 40.5000,-074.0000,,, 1014.50,,509
557,,10412279,10384,2019-04-28 10:00,EUCDE32, 42.8800,-030.6600,,, 1015.50,,
558,,10363309,384,2019-04-28 12:00,EUCDE04, 40.7000,-074.1000,,, 1008.70,,509
559,,10363323,384,2019-04-28 12:00,EUCDE16, 55.5000, 000.2000,,, 1010.70,,509
560,,10423165,384,2019-04-28 12:00,EUCDE18, 30.4000,-081.5000,,, 1019.00,,509
561,,10544379,384,2019-04-29 01:00,EUCDE07, 53.5000,-003.0000,,, 1025.60,,509
562,,10554726,10384,2019-04-29 03:00,EUCDE39, 51.8100, 001.7900,,, 1026.80,,
563,,10500936,384,2019-04-29 04:00,EUCDE03, 53.5000, 010.0000,,, 1022.60,,509
564,,10501530,10384,2019-04-29 04:00,EUCDE05, 51.2800, 004.2200,,, 1024.40,,
565,,10501535,10384,2019-04-29 04:00,EUCDE16, 51.8900, 004.4300,,, 1024.80,,
566,,10510989,10384,2019-04-29 06:00,EUCDE16, 51.8900, 004.4300,,, 1025.60,,
567,,10583842,10384,2019-04-29 09:00,EUCDE33, 49.5900,-000.2000,,, 1024.80,,
568,,10530764,10384,2019-04-29 10:00,EUCDE12, 00.6300, 088.0800,,, 1007.90,,
569,,10588603,10384,2019-04-29 10:00,EUCDE27, 42.0400,-020.0900,,, 1023.80,,
570,,10588654,10384,2019-04-29 10:00,EUCDE28,-05.6900, 113.3500,,, 1009.80,,
571,,10540163,10384,2019-04-29 12:00,EUCDE13, 40.5800,-069.7300,,, 1028.60,,
572,,10617907,384,2019-04-30 04:00,EUCDE13, 40.5000,-073.2000,,, 1025.50,,509
573,,10618476,10384,2019-04-30 04:00,EUCDE17, 64.1500,-021.8600,,, 1021.10,,
574,,10618486,10384,2019-04-30 04:00,EUCDE18, 33.6100,-078.0400,,, 1025.40,,
575,,10623478,10384,2019-04-30 05:00,EUCDE03, 53.5400, 009.9600,,, 1021.30,,
576,,10682489,256,2019-04-30 05:00,EUCDE31, 14.6000,-061.0000,,, 1016.50,,508
577,,10632377,384,2019-04-30 07:00,EUCDE28,-07.2000, 115.0000,,, 1008.30,,509
578,,10638038,384,2019-04-30 08:00,EUCDE04, 39.2000,-076.5000,,, 1020.90,,509
579,,10657732,10384,2019-04-30 12:00,EUCDE33, 51.3800, 002.7400,,, 1024.40,,
580,,10776421,384,2019-05-01 01:00,EUCDE23, 23.6000,-082.2000,,, 1018.50,,509
581,,10726038,10384,2019-05-01 02:00,EUCDE12, 05.5200, 097.5600,,, 1012.00,,
582,,10734775,10384,2019-05-01 04:00,EUCDE31, 14.7900,-061.3100,,, 1017.00,,
583,,10758174,10384,2019-05-01 09:00,EUCDE24, 29.8100, 122.6300,,, 1012.20,,
584,,10818154,10384,2019-05-01 10:00,EUCDE03, 53.5400, 009.9600,,, 1010.40,,
585,,10762761,10384,2019-05-01 10:00,EUCDE12, 04.3500, 099.3600,,, 1007.80,,
586,,10822930,10384,2019-05-01 11:00,EUCDE04, 36.8600,-076.3300,,, 1022.60,,
587,,10837177,384,2019-05-02 02:00,EUCDE03, 53.5000, 010.0000,,, 1007.30,,509
588,,10837780,10384,2019-05-02 02:00,EUCDE24, 29.8100, 122.6300,,, 1018.00,,
589,,10845948,256,2019-05-02 04:00,EUCDE32, 34.9000,-066.3000,,, 1028.50,,508
590,,10908314,10384,2019-05-02 05:00,EUCDE36, 48.0800,-028.9300,,, 1008.30,,
591,,10855662,10384,2019-05-02 06:00,EUCDE36, 48.6200,-024.0100,,, 1016.50,,
592,,10870069,10384,2019-05-02 09:00,EUCDE05, 53.4600,-003.0200,,, 1014.40,,
593,,10927420,10384,2019-05-02 09:00,EUCDE16, 56.0300, 012.6900,,, 0998.80,,
594,,10931201,10384,2019-05-02 09:00,EUCDE25, 28.8600,-013.8200,,, 1014.10,,
595,,10874296,384,2019-05-02 10:00,EUCDE06, 53.5000, 010.0000,,, 1007.00,,509
596,,10879585,10384,2019-05-02 11:00,EUCDE18, 31.2200,-077.0000,,, 1023.60,,
597,,10879604,10384,2019-05-02 11:00,EUCDE30, 05.5800,-012.0200,,, 1012.60,,
598,,10827492,10384,2019-05-02 12:00,EUCDE26, 48.7800,-019.8700,,, 1021.70,,
599,,10884604,10384,2019-05-02 12:00,EUCDE28,-07.8000, 128.5900,,, 1013.30,,
600,,11003353,256,2019-05-03 01:00,EUCDE31, 16.2000,-061.5000,,, 1018.40,,508
601,,10970155,10384,2019-05-03 06:00,EUCDE30, 03.2000,-007.0200,,, 1010.60,,
602,,11050182,10384,2019-05-03 09:00,EUCDE16, 56.2300, 011.3400,,, 0997.50,,
603,,10984364,384,2019-05-03 09:00,EUCDE16, 56.2000, 010.2000,,, 1003.70,,509
604,,10988780,10256,2019-05-03 10:00,EUCDE37, 53.5000, 009.9000,,, 1009.10,,2
605,,11051961,10384,2019-05-03 11:00,EUCDE20, 52.3300, 003.1500,,, 1012.50,,
606,,11051303,384,2019-05-03 11:00,EUCDE34, 33.7000,-040.0000,,, 1012.50,,509
607,,11117918,10384,2019-05-04 01:00,EUCDE07, 51.2600, 004.2300,,, 1013.80,,
608,,11123470,10384,2019-05-04 02:00,EUCDE23, 19.2100,-096.1300,,, 1007.10,,
609,,11066903,10384,2019-05-04 02:00,EUCDE27, 25.6800,-048.1000,,, 1021.90,,
610,,11075836,10384,2019-05-04 04:00,EUCDE07, 51.2600, 004.2300,,, 1011.20,,
611,,11075816,10384,2019-05-04 04:00,EUCDE14,-23.6600,-070.9700,,, 1014.80,,
612,,11141651,10384,2019-05-04 06:00,EUCDE03, 53.5400, 009.9600,,, 1009.80,,
613,,11141636,10384,2019-05-04 06:00,EUCDE24, 34.1900, 122.3000,,, 1016.60,,
614,,11094700,384,2019-05-04 08:00,EUCDE32, 32.8000,-079.9000,,, 1012.50,,509
615,,11095362,10384,2019-05-04 08:00,EUCDE39, 53.5300, 009.9100,,, 1005.40,,
616,,11102975,384,2019-05-04 10:00,EUCDE25, 28.9000,-013.8000,,, 1018.30,,509
617,,11161069,10384,2019-05-04 10:00,EUCDE29, 26.4200, 035.1100,,, 1008.60,,
618,,11160390,384,2019-05-04 10:00,EUCDE31, 18.0000,-058.3000,,, 1017.20,,509
619,,11233502,10384,2019-05-05 01:00,EUCDE06, 51.2800, 004.2200,,, 1023.10,,
620,,11233460,10384,2019-05-05 01:00,EUCDE20, 49.6500,-010.8600,,, 1027.20,,
621,,11175834,10384,2019-05-05 01:00,EUCDE21, 53.9100, 014.2600,,, 1011.50,,
622,,11233491,10384,2019-05-05 01:00,EUCDE29, 27.2300, 033.8500,,, 1009.00,,
623,,11175855,10384,2019-05-05 01:00,EUCDE29, 26.9600, 034.3800,,, 1008.40,,
624,,11232858,384,2019-05-05 01:00,EUCDE30, 05.6000, 000.1000,,, 1009.80,,509
625,,11248038,10384,2019-05-05 04:00,EUCDE37, 51.4200, 003.9700,,, 1022.10,,
626,,11252890,10384,2019-05-05 05:00,EUCDE25, 28.8600,-013.8200,,, 1018.80,,
627,,11194806,10384,2019-05-05 05:00,EUCDE36, 46.2800,-054.3500,,, 1011.60,,
628,,11252866,10384,2019-05-05 05:00,EUCDE37, 51.3800, 004.1500,,, 1022.40,,
629,,11199348,10384,2019-05-05 06:00,EUCDE35, 32.1300, 033.8400,,, 1014.00,,
630,,11262101,10384,2019-05-05 07:00,EUCDE23, 22.4800,-097.8800,,, 1009.70,,
631,,11267568,10384,2019-05-05 08:00,EUCDE28,-11.5900, 146.5800,,, 1010.40,,
632,,11214492,10384,2019-05-05 09:00,EUCDE23, 21.5300,-096.9600,,, 1007.30,,
633,,11213944,384,2019-05-05 09:00,EUCDE33, 53.6000, 008.5000,,, 1017.60,,509
634,,11229544,384,2019-05-05 12:00,EUCDE39, 53.9000, 006.6000,,, 1019.60,,509
635,,11296528,10384,2019-05-06 02:00,EUCDE04, 43.0100,-052.0400,,, 1014.40,,
636,,11367994,10384,2019-05-06 05:00,EUCDE13, 09.3600,-079.8800,,, 1010.70,,
637,,11310105,10384,2019-05-06 05:00,EUCDE21, 55.3700, 013.1500,,, 1011.50,,
638,,11316377,384,2019-05-06 06:00,EUCDE07, 51.3000, 004.2000,,, 1021.90,,509
639,,11324484,384,2019-05-06 08:00,EUCDE34, 27.6000,-052.0000,,, 1022.00,,509
640,,11394734,10384,2019-05-06 09:00,EUCDE34, 26.1900,-054.7400,,, 1022.70,,
641,,11334028,10384,2019-05-06 10:00,EUCDE31, 21.8300,-052.8400,,, 1021.60,,
642,,11338218,384,2019-05-06 11:00,EUCDE17, 51.9000, 004.4000,,, 1019.90,,509
643,,11407710,10384,2019-05-07 01:00,EUCDE12, 20.0400, 113.9800,,, 1007.60,,
644,,11407700,10384,2019-05-07 01:00,EUCDE14,-15.3500,-075.9900,,, 1012.50,,
645,,11471672,384,2019-05-07 02:00,EUCDE17, 53.7000, 006.2000,,, 1015.80,,509
646,,11490959,10384,2019-05-07 06:00,EUCDE33, 55.5600,-017.3100,,, 1007.70,,
647,,11496300,10384,2019-05-07 07:00,EUCDE27, 12.1200,-068.9200,,, 1010.30,,
648,,11495830,384,2019-05-07 07:00,EUCDE31, 25.4000,-047.6000,,, 1020.90,,509
649,,11501381,384,2019-05-07 08:00,EUCDE03, 53.5000, 010.0000,,, 1013.90,,509
650,,11515716,10384,2019-05-07 11:00,EUCDE04, 46.8900,-035.1300,,, 1008.80,,
651,,11515145,384,2019-05-07 11:00,EUCDE25, 28.9000,-013.8000,,, 1021.50,,509
652,,11456340,384,2019-05-07 11:00,EUCDE29, 29.5000, 035.0000,,, 1012.50,,509
653,,11515148,384,2019-05-07 11:00,EUCDE30, 05.6000, 000.0000,,, 1011.50,,509
654,,11462676,384,2019-05-07 12:00,EUCDE21, 55.4000, 013.2000,,, 1013.50,,509
655,,11525698,10384,2019-05-08 01:00,EUCDE32, 19.2100,-096.1300,,, 1006.90,,
656,,11594243,384,2019-05-08 03:00,EUCDE39, 49.5000, 000.1000,,, 0996.20,,509
657,,11598984,384,2019-05-08 04:00,EUCDE28,-23.6000, 160.1000,,, 1015.60,,509
658,,11550134,10384,2019-05-08 06:00,EUCDE34, 22.6400,-061.3500,,, 1017.40,,
659,,11610381,384,2019-05-08 06:00,EUCDE34, 21.4000,-063.7000,,, 1016.70,,509
660,,11619380,384,2019-05-08 08:00,EUCDE23, 21.4000,-089.7000,,, 1007.40,,509
661,,11565461,10384,2019-05-08 09:00,EUCDE03, 53.5400, 009.9600,,, 1006.00,,
662,,11704578,10384,2019-05-09 01:00,EUCDE24, 31.6200, 123.8900,,, 1012.90,,
663,,11649674,384,2019-05-09 02:00,EUCDE29, 29.9000, 032.6000,,, 1013.20,,509
664,,11714559,384,2019-05-09 03:00,EUCDE32, 22.5000,-097.9000,,, 1003.80,,509
665,,11724339,384,2019-05-09 05:00,EUCDE04, 50.4000,-019.0000,,, 1005.50,,509
666,,11670710,384,2019-05-09 06:00,EUCDE03, 53.5000, 010.0000,,, 0996.20,,509
667,,11730697,384,2019-05-09 06:00,EUCDE27, 12.5000,-070.0000,,, 1010.30,,509
668,,11734774,10384,2019-05-09 07:00,EUCDE03, 53.5400, 009.9600,,, 0998.80,,
669,,11734770,10384,2019-05-09 07:00,EUCDE08, 51.3400, 004.2700,, 14.46, 1001.40,,
670,,11739888,384,2019-05-09 08:00,EUCDE05, 44.0000,-057.8000,,, 1015.20,,509
671,,11745504,384,2019-05-09 09:00,EUCDE09, 45.6000,-073.5000,, 08.50, 1019.90,,509
672,,11684479,10384,2019-05-09 09:00,EUCDE12, 23.1900, 117.7600,,, 1006.70,,
673,,11684466,10384,2019-05-09 09:00,EUCDE29, 30.4600, 032.3600,,, 1014.20,,
674,,11754825,10384,2019-05-09 11:00,EUCDE06, 52.3900,-005.9500,,, 1005.90,,
675,,11754823,10384,2019-05-09 11:00,EUCDE36, 45.5600,-073.5200,,, 1018.50,,
676,,11700605,384,2019-05-09 12:00,EUCDE30, 05.2000,-004.1000,,, 1010.70,,509
677,,11640425,384,2019-05-09 12:00,EUCDE34, 20.7000,-064.8000,,, 1016.90,,509
678,,11830425,10384,2019-05-10 02:00,EUCDE16, 62.2400,-015.3400,,, 1018.10,,
679,,11770706,10384,2019-05-10 02:00,EUCDE30, 05.2700,-004.0100,,, 1010.30,,
680,,11770028,384,2019-05-10 02:00,EUCDE35, 32.9000, 035.0000,,, 1013.70,,509
681,,11835081,10384,2019-05-10 03:00,EUCDE39, 45.1800,-008.7200,,, 1013.30,,
682,,11844283,384,2019-05-10 05:00,EUCDE24, 31.3000, 121.8000,,, 1013.10,,509
683,,11859706,384,2019-05-10 08:00,EUCDE14,-05.1000,-082.5000,,, 1010.60,,509
684,,11870369,384,2019-05-10 09:00,EUCDE25, 28.9000,-013.8000,,, 1016.60,,509
685,,11945974,10384,2019-05-11 01:00,EUCDE34, 11.6500,-074.3800,,, 1011.70,,
686,,11890113,384,2019-05-11 02:00,EUCDE03, 53.5000, 010.0000,,, 1012.30,,509
687,,11905445,10384,2019-05-11 05:00,EUCDE24, 31.3200, 121.7300,,, 1012.80,,
688,,11909998,10384,2019-05-11 06:00,EUCDE12, 30.6100, 122.0800,,, 1013.00,,
689,,11921055,10384,2019-05-11 08:00,EUCDE24, 31.0900, 122.4400,,, 1013.00,,
690,,11920528,384,2019-05-11 08:00,EUCDE29, 34.6000, 020.6000,,, 1015.30,,509
691,,11989389,10384,2019-05-11 09:00,EUCDE13, 29.3600,-072.2500,,, 1018.50,,
692,,11991194,10384,2019-05-11 10:00,EUCDE26, 56.8200,-009.7700,,, 1031.90,,
693,,11930092,384,2019-05-11 10:00,EUCDE31, 34.3000,-033.8000,,, 1006.30,,509
694,,11935125,384,2019-05-11 11:00,EUCDE12, 30.6000, 122.1000,,, 1013.20,,509
695,,11995679,384,2019-05-11 11:00,EUCDE16, 55.7000, 000.0000,,, 1030.70,,509
696,,11995672,384,2019-05-11 11:00,EUCDE26, 56.6000,-010.2000,,, 1031.80,,509
697,,11879610,10384,2019-05-11 12:00,EUCDE25, 28.8600,-013.8200,,, 1017.00,,
698,,12072952,10384,2019-05-12 02:00,EUCDE23, 16.4600,-088.3800,,, 1010.80,,
699,,12016003,384,2019-05-12 03:00,EUCDE22,-37.4000, 150.3000,,, 1024.90,,509
700,,12032275,384,2019-05-12 06:00,EUCDE36, 47.0000,-058.1000,,, 1000.00,,509
701,,12036767,10384,2019-05-12 07:00,EUCDE14, 02.6400,-089.0100,,, 1010.90,,
702,,12103002,10384,2019-05-12 08:00,EUCDE34, 10.9800,-074.7600,,, 1008.50,,
703,,12041743,10384,2019-05-12 08:00,EUCDE37, 38.4000,-010.0000,,, 1017.10,,
704,,12051478,10384,2019-05-12 10:00,EUCDE26, 54.0500,-014.8900,,, 1024.20,,
705,,12117861,10384,2019-05-12 11:00,EUCDE05, 40.5000,-073.9400,,, 1011.40,,
706,,12000969,10384,2019-05-12 12:00,EUCDE16, 55.4300, 000.2800,,, 1031.40,,
707,,12002256,384,2019-05-12 12:00,EUCDE28,-36.8000, 174.8000,,, 1014.60,,509
708,,12127687,384,2019-05-13 01:00,EUCDE25, 28.9000,-013.8000,,, 1013.50,,509
709,,12127441,10384,2019-05-13 01:00,EUCDE37, 35.9000,-005.8000,,, 1013.80,,
710,,12133756,384,2019-05-13 02:00,EUCDE12, 30.9000, 130.5000,,, 1015.30,,509
711,,12194520,10384,2019-05-13 02:00,EUCDE33, 35.6200,-068.0700,,, 1008.80,,
712,,12134127,10384,2019-05-13 02:00,EUCDE39, 36.3500,-002.3300,,, 1018.30,,
713,,12199016,10384,2019-05-13 03:00,EUCDE26, 47.9100,-025.2500,,, 1005.70,,
714,,12138637,10384,2019-05-13 03:00,EUCDE32, 29.9100,-090.1100,,, 1009.70,,
715,,12148903,10384,2019-05-13 05:00,EUCDE39, 36.4600,-001.4000,,, 1018.60,,
716,,12164147,384,2019-05-13 08:00,EUCDE29, 39.8000, 013.7000,,, 1008.20,,509
717,,12239633,384,2019-05-13 11:00,EUCDE32, 29.5000,-089.6000,,, 1011.60,,509
718,,12183953,10384,2019-05-13 12:00,EUCDE13, 39.6000,-075.5700,,, 1010.90,,
719,,12124050,384,2019-05-13 12:00,EUCDE18, 16.7000,-100.5000,,, 1008.20,,509
720,,12122715,10384,2019-05-13 12:00,EUCDE24, 24.6100, 119.4800,,, 1012.10,,
721,,12310241,10384,2019-05-14 01:00,EUCDE24, 22.0100, 113.8900,,, 1008.60,,
722,,12320205,384,2019-05-14 03:00,EUCDE05, 38.1000,-074.6000,,, 1012.00,,509
723,,12260258,10384,2019-05-14 03:00,EUCDE26, 45.6800,-028.4900,,, 1010.00,,
724,,12276030,384,2019-05-14 06:00,EUCDE07, 54.0000, 007.9000,,, 1038.10,,509
725,,12276032,384,2019-05-14 06:00,EUCDE15, 54.0000, 008.5000,,, 1037.30,,509
726,,12346493,10384,2019-05-14 08:00,EUCDE25, 28.8600,-013.8200,,, 1012.30,,
727,,12346040,384,2019-05-14 08:00,EUCDE35, 37.5000, 011.1000,,, 1013.20,,509
728,,12430886,10384,2019-05-15 01:00,EUCDE12, 33.3800, 135.6200,,, 1014.10,,
729,,12493005,384,2019-05-15 01:00,EUCDE14,-13.8000, 066.7000,,, 1012.90,,509
730,,12461738,384,2019-05-15 06:00,EUCDE17, 64.4000,-021.8000,,, 1014.60,,509
731,,12466343,384,2019-05-15 07:00,EUCDE06, 43.3000,-052.3000,,, 1004.90,,509
732,,12466365,384,2019-05-15 07:00,EUCDE35, 39.0000, 002.8000,,, 1013.00,,509
733,,12472850,384,2019-05-15 08:00,EUCDE32, 28.6000,-086.7000,,, 1015.80,,509
734,,12478943,10384,2019-05-15 09:00,EUCDE18, 26.4100,-116.3800,,, 1016.50,,
735,,12478935,10384,2019-05-15 09:00,EUCDE36, 46.8100,-021.8900,,, 1022.90,,
736,,12483992,384,2019-05-15 10:00,EUCDE06, 43.4000,-053.3000,,, 1006.50,,509
737,,12367033,384,2019-05-15 12:00,EUCDE16, 53.6000, 008.5000,,, 1031.70,,509
738,,12511303,384,2019-05-16 02:00,EUCDE03, 53.5000, 010.0000,,, 1022.60,,509
739,,12574424,10384,2019-05-16 02:00,EUCDE14, 19.0700,-104.2900,,, 1013.20,,
740,,12577518,384,2019-05-16 03:00,EUCDE29, 41.2000, 013.6000,,, 1009.80,,509
741,,12534144,384,2019-05-16 06:00,EUCDE07, 52.3000,-005.4000,,, 1020.20,,509
742,,12598186,384,2019-05-16 07:00,EUCDE37, 33.8000, 024.9000,,, 1011.60,,509
