MAROB_ID_1,MAROB_ID_2,messzeit,kennung,geogr_breite,geogr_laenge,horizontale_sicht,wetter2,Score
8773443,8773461,1,1,1.0,1.0,1.0,1.0,1.0
8827339,8827342,1,1,1.0,1.0,1.0,1.0,1.0
8763352,8824802,1,1,1.0,1.0,1.0,1.0,1.0
8789376,8789156,1,1,1.0,1.0,1.0,1.0,1.0
8789380,8789156,1,1,1.0,1.0,1.0,1.0,1.0
8789380,8789376,1,1,1.0,1.0,1.0,1.0,1.0
8789317,8789156,1,1,1.0,1.0,1.0,1.0,1.0
8789317,8789376,1,1,1.0,1.0,1.0,1.0,1.0
8789317,8789380,1,1,1.0,1.0,1.0,1.0,1.0
8826865,8826904,1,1,1.0,1.0,1.0,1.0,1.0
8773460,8773442,1,1,1.0,1.0,1.0,1.0,1.0
8789358,8789366,1,1,1.0,1.0,1.0,1.0,1.0
8775437,8836740,1,1,1.0,1.0,1.0,1.0,1.0
8775447,8836739,1,1,1.0,1.0,1.0,1.0,1.0
8776336,8776196,1,1,1.0,1.0,1.0,1.0,1.0
8775312,8775347,1,1,1.0,1.0,1.0,1.0,1.0
8781305,8781276,1,1,1.0,1.0,1.0,1.0,1.0
8779297,8778955,1,1,1.0,1.0,1.0,1.0,1.0
8776253,8776604,1,1,1.0,1.0,1.0,1.0,1.0
8836653,8836629,1,1,1.0,1.0,1.0,1.0,1.0
8835796,8774424,1,1,0.9395227492140129,0.9395227492140115,1.0,1.0,0.9798409164046706
8775409,8836794,1,1,0.8408964152537145,0.025559439329930895,1.0,1.0,0.8110759757639409
8837201,8837149,1,1,1.0,1.0,1.0,1.0,1.0
8775615,8837149,1,1,0.9726549474122858,0.9726549474122848,1.0,1.0,0.9908849824707618
8775615,8837201,1,1,0.9726549474122858,0.9726549474122848,1.0,1.0,0.9908849824707618
8775669,8837149,1,1,0.9726549474122858,0.9726549474122848,1.0,1.0,0.9908849824707618
8775669,8837201,1,1,0.9726549474122858,0.9726549474122848,1.0,1.0,0.9908849824707618
8775669,8775615,1,1,1.0,1.0,1.0,1.0,1.0
8836709,8836680,1,1,1.0,1.0,1.0,1.0,1.0
8789430,8851105,1,1,1.0,1.0,1.0,1.0,1.0
8774444,8835823,1,1,0.9930924954370357,0.8950250709279722,1.0,1.0,0.9813529277275013
8789546,8789544,1,1,1.0,1.0,1.0,1.0,1.0
8775336,8836692,1,1,1.0,1.0,1.0,1.0,1.0
8775972,8836692,1,1,0.9993763620805105,0.9997227795604652,1.0,1.0,0.9998498569401626
8775972,8775336,1,1,0.9993763620805105,0.9997227795604652,1.0,1.0,0.9998498569401626
8776108,8776178,1,1,1.0,1.0,1.0,1.0,1.0
8775973,8836637,1,1,0.9993763620805105,0.9982686325973926,1.0,1.0,0.9996074991129839
8775337,8836637,1,1,1.0,1.0,1.0,1.0,1.0
8775337,8775973,1,1,0.9993763620805105,0.9982686325973926,1.0,1.0,0.9996074991129839
8836738,8836791,1,1,1.0,1.0,1.0,1.0,1.0
8775121,8836791,1,1,0.3685673043227779,1.4861384957513776e-06,1.0,1.0,0.7280947984102122
8775121,8836738,1,1,0.3685673043227779,1.4861384957513776e-06,1.0,1.0,0.7280947984102122
8775125,8836791,1,1,0.3685673043227779,1.4861384957513776e-06,1.0,1.0,0.7280947984102122
8775125,8836738,1,1,0.3685673043227779,1.4861384957513776e-06,1.0,1.0,0.7280947984102122
8775125,8775121,1,1,1.0,1.0,1.0,1.0,1.0
8778627,8778612,1,1,1.0,1.0,1.0,1.0,1.0
8775331,8775311,1,1,1.0,1.0,1.0,1.0,1.0
8776730,8776675,1,1,1.0,1.0,1.0,1.0,1.0
8778901,8778881,1,1,1.0,1.0,1.0,1.0,1.0
8778558,8778500,1,1,1.0,1.0,1.0,1.0,1.0
8836486,8836607,1,1,1.0,1.0,1.0,1.0,1.0
8775131,8836607,1,1,0.9930924954370357,2.7161601936282637e-06,1.0,0.0,0.6655158685995382
8775131,8836486,1,1,0.9930924954370357,2.7161601936282637e-06,1.0,0.0,0.6655158685995382
8775123,8775126,1,1,1.0,1.0,1.0,1.0,1.0
8778960,8779299,1,1,1.0,1.0,1.0,1.0,1.0
8836528,8836628,1,1,1.0,1.0,1.0,1.0,1.0
8776025,8836628,1,1,0.018453010334836494,0.009226505167417924,1.0,0.0,0.504613252583709
8776025,8836528,1,1,0.018453010334836494,0.009226505167417924,1.0,0.0,0.504613252583709
8776073,8836628,1,1,0.018453010334836494,0.009226505167417924,1.0,0.0,0.504613252583709
8776073,8836528,1,1,0.018453010334836494,0.009226505167417924,1.0,0.0,0.504613252583709
8776073,8776025,1,1,1.0,1.0,1.0,1.0,1.0
8776074,8775993,1,1,1.0,1.0,1.0,1.0,1.0
8837213,8775993,1,1,8.703336455294902e-06,0.4322686156539363,1.0,1.0,0.7387128864983985
8837213,8776074,1,1,8.703336455294902e-06,0.4322686156539363,1.0,1.0,0.7387128864983985
8775340,8775976,1,1,0.9988915792636798,0.9988915792636801,1.0,1.0,0.9996305264212267
8836687,8775976,1,1,0.6700775604097411,3.303274047954758e-07,1.0,1.0,0.7783463151228576
8836687,8775340,1,1,0.6417129487814491,4.267812113418458e-07,1.0,1.0,0.7736188959271101
8836700,8775913,1,1,0.10584316404531666,0.002939935053537342,1.0,1.0,0.6847971831831423
8775912,8836701,1,1,0.31554113562514546,2.938827081709361e-05,1.0,1.0,0.7192617539826605
8775345,8836701,1,1,0.3099269249847443,2.6383582498408176e-05,1.0,1.0,0.7183255514278739
8775345,8775912,1,1,0.9999306876841535,0.9997227795604648,1.0,1.0,0.9999422445407697
8781176,8781251,1,1,1.0,1.0,1.0,1.0,1.0
8780776,8780775,1,1,1.0,1.0,1.0,1.0,1.0
8789318,8789157,1,1,1.0,1.0,1.0,1.0,1.0
8780384,8781026,1,1,0.9993763620805105,0.9997227795604652,1.0,1.0,0.9998498569401626
8842486,8842453,1,1,1.0,1.0,1.0,1.0,1.0
8781252,8842453,1,1,0.9395227492140101,0.9930924954370347,1.0,1.0,0.9887692074418407
8781252,8842486,1,1,0.9395227492140101,0.9930924954370347,1.0,1.0,0.9887692074418407
8781178,8842453,1,1,0.9395227492140101,0.9930924954370347,1.0,1.0,0.9887692074418407
8781178,8842486,1,1,0.9395227492140101,0.9930924954370347,1.0,1.0,0.9887692074418407
8781178,8781252,1,1,1.0,1.0,1.0,1.0,1.0
8781025,8780381,1,1,0.9993763620805105,0.9982686325973926,1.0,1.0,0.9996074991129839
8782256,8782258,1,1,1.0,1.0,1.0,1.0,1.0
8780388,8781029,1,1,0.9988915792636801,0.9993763620805105,1.0,1.0,0.999711323557365
8780991,8780428,1,1,0.9997227795604651,0.9988915792636806,1.0,1.0,0.9997690598040242
8780976,8780391,1,1,0.9999306876841536,0.9988915792636806,1.0,1.0,0.9998037111579724
8846832,8784693,1,1,1.0,1.0,1.0,1.0,1.0
8784692,8846830,1,1,1.0,1.0,1.0,1.0,1.0
8787584,8787523,1,1,1.0,1.0,1.0,1.0,1.0
8785816,8785832,1,1,1.0,1.0,1.0,1.0,1.0
8787583,8787524,1,1,1.0,1.0,1.0,1.0,1.0
8783610,8783595,1,1,1.0,1.0,1.0,1.0,1.0
8846853,8784718,1,1,0.8408964152537145,0.025559439329930895,1.0,1.0,0.8110759757639409
8847324,8847254,1,1,1.0,1.0,1.0,1.0,1.0
8785193,8847254,1,1,0.9930924954370361,0.9726549474122848,1.0,1.0,0.9942912404748868
8785193,8847324,1,1,0.9930924954370361,0.9726549474122848,1.0,1.0,0.9942912404748868
8785177,8847254,1,1,0.9930924954370361,0.9726549474122848,1.0,1.0,0.9942912404748868
8785177,8847324,1,1,0.9930924954370361,0.9726549474122848,1.0,1.0,0.9942912404748868
8785177,8785193,1,1,1.0,1.0,1.0,1.0,1.0
8785810,8846813,1,1,0.5703818579342128,0.9930924954370357,1.0,1.0,0.9272457255618747
8851030,8789315,1,1,1.0,1.0,1.0,1.0,1.0
8789154,8789315,1,1,1.0,1.0,1.0,1.0,1.0
8789154,8851030,1,1,1.0,1.0,1.0,1.0,1.0
8846807,8847314,1,1,0.9993763620805105,0.9997227795604652,1.0,1.0,0.9998498569401626
8784526,8847314,1,1,0.9993763620805105,0.9997227795604652,1.0,1.0,0.9998498569401626
8784526,8846807,1,1,1.0,1.0,1.0,1.0,1.0
8785152,8847314,1,1,1.0,1.0,1.0,0.0,0.8333333333333334
8785152,8846807,1,1,0.9993763620805105,0.9997227795604652,1.0,1.0,0.9998498569401626
8785152,8784526,1,1,0.9993763620805105,0.9997227795604652,1.0,1.0,0.9998498569401626
8785325,8785356,1,1,1.0,1.0,1.0,1.0,1.0
8847501,8785356,1,1,0.9395227492140101,1.0,1.0,1.0,0.989920458202335
8847501,8785325,1,1,0.9395227492140101,1.0,1.0,1.0,0.989920458202335
8847436,8785356,1,1,0.9395227492140101,1.0,1.0,1.0,0.989920458202335
8847436,8785325,1,1,0.9395227492140101,1.0,1.0,1.0,0.989920458202335
8847436,8847501,1,1,1.0,1.0,1.0,1.0,1.0
8847309,8784528,1,1,0.9993763620805105,0.9982686325973926,1.0,1.0,0.9996074991129839
8785153,8784528,1,1,0.9993763620805105,0.9982686325973926,1.0,1.0,0.9996074991129839
8785153,8847309,1,1,1.0,1.0,1.0,0.0,0.8333333333333334
8784509,8847281,1,1,0.7051001047333568,3.0972689499229684e-07,1.0,1.0,0.7841834024100419
8785125,8847281,1,1,0.7189184330679143,3.303274047954742e-07,1.0,0.0,0.6198197938992198
8785125,8784509,1,1,0.9997227795604651,0.9999306876841536,1.0,1.0,0.9999422445407697
8847283,8784499,1,1,0.15855991507064646,0.002500443982469539,1.0,1.0,0.6935100598421859
8785130,8784499,1,1,0.9988915792636801,0.9982686325973917,1.0,1.0,0.9995267019768453
8785130,8847283,1,1,0.17336685385034417,0.0020359248146972807,1.0,0.0,0.5292337964441736
8847289,8784527,1,1,0.3155411356251475,2.7847358292118715e-05,1.0,1.0,0.7192614971639066
8785126,8784527,1,1,0.9999306876841536,0.9999306876841533,1.0,1.0,0.9999768958947177
8785126,8847289,1,1,0.32121251300090103,2.6383582498408176e-05,1.0,0.0,0.5535398160972331
8787680,8787691,1,1,1.0,1.0,1.0,1.0,1.0
8791209,8791207,1,1,1.0,1.0,1.0,1.0,1.0
8790667,8790358,1,1,1.0,1.0,1.0,1.0,1.0
8885261,8885298,1,1,1.0,1.0,1.0,1.0,1.0
8794747,8794715,1,1,1.0,1.0,1.0,1.0,1.0
8794716,8794748,1,1,1.0,1.0,1.0,1.0,1.0
8791537,8790953,1,1,1.0,1.0,1.0,1.0,1.0
8789381,8791533,1,1,1.0,1.0,1.0,1.0,1.0
8803807,8803909,1,1,1.0,1.0,1.0,1.0,1.0
8797995,8797964,1,1,1.0,1.0,1.0,1.0,1.0
8790644,8790898,1,1,1.0,1.0,1.0,1.0,1.0
8792711,8792677,1,1,1.0,1.0,1.0,1.0,1.0
8789831,8789885,1,1,1.0,1.0,1.0,1.0,1.0
8792833,8792846,1,1,1.0,1.0,1.0,1.0,1.0
8792835,8792845,1,1,1.0,1.0,1.0,1.0,1.0
8792831,8792843,1,1,1.0,1.0,1.0,1.0,1.0
8792844,8792830,1,1,1.0,1.0,1.0,1.0,1.0
8794745,8794713,1,1,1.0,1.0,1.0,1.0,1.0
8794746,8794714,1,1,1.0,1.0,1.0,1.0,1.0
8789351,8789339,1,1,1.0,1.0,1.0,1.0,1.0
8794656,8794660,1,1,1.0,1.0,1.0,1.0,1.0
8791567,8790140,1,1,0.9993763620805105,0.9997227795604652,1.0,1.0,0.9998498569401626
8790483,8790517,1,1,1.0,1.0,1.0,1.0,1.0
8791558,8790136,1,1,0.9993763620805105,0.9997227795604652,1.0,1.0,0.9998498569401626
8790645,8790899,1,1,1.0,1.0,1.0,1.0,1.0
8803806,8803908,1,1,1.0,1.0,1.0,1.0,1.0
8789325,8789332,1,1,1.0,1.0,1.0,1.0,1.0
8794276,8794883,1,1,1.0,1.0,1.0,1.0,1.0
8790643,8790897,1,1,1.0,1.0,1.0,1.0,1.0
8791222,8851175,1,1,0.9395227492140118,0.018453010334836064,1.0,0.0,0.6596626265914747
8851147,8851175,1,1,1.0,1.0,1.0,1.0,1.0
8851147,8791222,1,1,0.9395227492140118,0.018453010334836064,1.0,0.0,0.6596626265914747
8791213,8851175,1,1,0.9395227492140118,0.018453010334836064,1.0,0.0,0.6596626265914747
8791213,8791222,1,1,1.0,1.0,1.0,1.0,1.0
8791213,8851147,1,1,0.9395227492140118,0.018453010334836064,1.0,0.0,0.6596626265914747
8792971,8792977,1,1,1.0,1.0,1.0,1.0,1.0
8791360,8790965,1,1,1.0,1.0,1.0,1.0,1.0
8790453,8790464,1,1,1.0,1.0,1.0,1.0,1.0
8790977,8791008,1,1,1.0,1.0,1.0,1.0,1.0
8791237,8791383,1,1,1.0,1.0,1.0,1.0,1.0
8851061,8791557,1,1,0.034915223064756896,0.7791645796605036,1.0,0.0,0.6356799671208766
8790952,8791557,1,1,1.0,1.0,1.0,1.0,1.0
8790952,8851061,1,1,0.034915223064756896,0.7791645796605036,1.0,0.0,0.6356799671208766
8791571,8790127,1,1,0.9999306876841536,0.9999306876841536,1.0,1.0,0.9999768958947178
8790122,8791545,1,1,0.9982686325973927,0.9997227795604648,1.0,1.0,0.9996652353596428
8790120,8791535,1,1,0.9997227795604652,0.9999306876841533,1.0,1.0,0.9999422445407697
8792834,8792847,1,1,1.0,1.0,1.0,1.0,1.0
8792848,8792832,1,1,1.0,1.0,1.0,1.0,1.0
8798222,8798229,1,1,1.0,1.0,1.0,1.0,1.0
8795147,8795148,1,1,1.0,1.0,1.0,1.0,1.0
8800139,8800152,1,1,1.0,1.0,1.0,1.0,1.0
8794966,8795729,1,1,0.9993763620805105,0.9997227795604652,1.0,1.0,0.9998498569401626
8794995,8795735,1,1,0.9993763620805105,0.9982686325973926,1.0,1.0,0.9996074991129839
8795704,8794957,1,1,0.9988915792636798,0.9999306876841536,1.0,1.0,0.9998037111579722
8794984,8795714,1,1,0.9999306876841536,0.9982686325973917,1.0,1.0,0.9996998867135908
8794962,8795718,1,1,0.9993763620805105,0.9993763620805105,1.0,1.0,0.9997921206935034
8798223,8798230,1,1,1.0,1.0,1.0,1.0,1.0
8906311,8905730,1,1,1.0,1.0,1.0,1.0,1.0
8905775,8905730,1,1,1.0,1.0,1.0,1.0,1.0
8905775,8906311,1,1,1.0,1.0,1.0,1.0,1.0
8805271,8805241,1,1,1.0,1.0,1.0,1.0,1.0
8863244,8801698,1,1,0.8408964152537145,0.5703818579342077,1.0,1.0,0.901879712197987
8863329,8801698,1,1,0.8408964152537145,0.5703818579342077,1.0,1.0,0.901879712197987
8863329,8863244,1,1,1.0,1.0,1.0,1.0,1.0
8801621,8801698,1,1,1.0,1.0,1.0,1.0,1.0
8801621,8863244,1,1,0.8408964152537145,0.5703818579342077,1.0,1.0,0.901879712197987
8801621,8863329,1,1,0.8408964152537145,0.5703818579342077,1.0,1.0,0.901879712197987
8803808,8803910,1,1,1.0,1.0,1.0,1.0,1.0
8805717,8805733,1,1,1.0,1.0,1.0,1.0,1.0
8820536,8820479,1,1,1.0,1.0,1.0,1.0,1.0
8806228,8805709,1,1,0.9993763620805105,0.9997227795604652,1.0,1.0,0.9998498569401626
8806459,8806376,1,1,1.0,1.0,1.0,1.0,1.0
8806891,8806882,1,1,1.0,1.0,1.0,1.0,1.0
8805269,8805239,1,1,1.0,1.0,1.0,1.0,1.0
8806466,8806827,1,1,1.0,1.0,1.0,1.0,1.0
8804785,8804784,1,1,1.0,1.0,1.0,1.0,1.0
8806281,8806259,1,1,1.0,1.0,1.0,1.0,1.0
8806238,8805707,1,1,1.0,0.9999306876841536,1.0,1.0,0.999988447947359
8805703,8806211,1,1,0.9982686325973922,0.9982686325973937,1.0,1.0,0.9994228775324644
8810664,8810663,1,1,1.0,1.0,1.0,1.0,1.0
8820244,8820419,1,1,1.0,1.0,1.0,1.0,1.0
8816434,8816415,1,1,1.0,1.0,1.0,1.0,1.0
8885260,8885297,1,1,1.0,1.0,1.0,1.0,1.0
8820894,8759434,1,1,1.0,1.0,1.0,1.0,1.0
8820896,8759436,1,1,1.0,1.0,1.0,1.0,1.0
8763486,8763481,1,1,1.0,1.0,1.0,1.0,1.0
8762306,8762481,1,1,1.0,1.0,1.0,1.0,1.0
8762307,8762484,1,1,1.0,1.0,1.0,1.0,1.0
8773441,8773459,1,1,1.0,1.0,1.0,1.0,1.0
8762308,8762480,1,1,1.0,1.0,1.0,1.0,1.0
8824874,8824644,1,1,1.0,1.0,1.0,1.0,1.0
8762543,8824644,1,1,0.10584316404531477,0.013139006488339289,1.0,0.0,0.519830361755609
8762543,8824874,1,1,0.10584316404531477,0.013139006488339289,1.0,0.0,0.519830361755609
8762558,8824644,1,1,0.10584316404531477,0.013139006488339289,1.0,0.0,0.519830361755609
8762558,8824874,1,1,0.10584316404531477,0.013139006488339289,1.0,0.0,0.519830361755609
8762558,8762543,1,1,1.0,1.0,1.0,1.0,1.0
8759305,8759188,1,1,1.0,1.0,0.0,1.0,0.8333333333333334
8763532,8763563,1,1,1.0,1.0,1.0,1.0,1.0
8761181,8761116,1,1,1.0,1.0,1.0,1.0,1.0
8762312,8762486,1,1,1.0,1.0,1.0,1.0,1.0
8820874,8759469,1,1,0.7791645796604989,0.025559439329930895,1.0,1.0,0.800787336498405
8759667,8821311,1,1,0.9930924954370361,1.0,1.0,1.0,0.9988487492395061
8821326,8821311,1,1,1.0,1.0,1.0,1.0,1.0
8821326,8759667,1,1,0.9930924954370361,1.0,1.0,1.0,0.9988487492395061
8759662,8821311,1,1,0.9930924954370361,1.0,1.0,1.0,0.9988487492395061
8759662,8759667,1,1,1.0,1.0,1.0,1.0,1.0
8759662,8821326,1,1,0.9930924954370361,1.0,1.0,1.0,0.9988487492395061
8759006,8820759,1,1,0.7791645796604989,0.7791645796604989,1.0,1.0,0.9263881932201663
8820776,8820759,1,1,1.0,1.0,1.0,1.0,1.0
8820776,8759006,1,1,0.7791645796604989,0.7791645796604989,1.0,1.0,0.9263881932201663
8758399,8819820,1,1,0.9930924954370357,0.8950250709279722,1.0,1.0,0.9813529277275013
8789145,8788936,1,1,1.0,1.0,1.0,1.0,1.0
8821266,8759926,1,1,1.0,1.0,1.0,0.0,0.8333333333333334
8761173,8759926,1,1,0.9993763620805105,0.9997227795604652,1.0,1.0,0.9998498569401626
8761173,8821266,1,1,0.9993763620805105,0.9997227795604652,1.0,1.0,0.9998498569401626
8761165,8821261,1,1,0.9993763620805105,0.9982686325973926,1.0,1.0,0.9996074991129839
8759920,8821261,1,1,1.0,1.0,1.0,0.0,0.8333333333333334
8759920,8761165,1,1,0.9993763620805105,0.9982686325973926,1.0,1.0,0.9996074991129839
8762313,8762487,1,1,1.0,1.0,1.0,1.0,1.0
8760545,8824526,1,1,0.025559439329930895,0.002939935053537248,1.0,1.0,0.6714165623972448
8761080,8824526,1,1,0.025559439329930895,0.002939935053537248,1.0,1.0,0.6714165623972448
8761080,8760545,1,1,1.0,1.0,1.0,1.0,1.0
8759172,8761147,1,1,1.0,1.0,1.0,1.0,1.0
8759142,8759128,1,1,1.0,1.0,1.0,1.0,1.0
8762959,8763230,1,1,1.0,1.0,1.0,1.0,1.0
8758826,8758654,1,1,1.0,1.0,1.0,1.0,1.0
8762250,8762231,1,1,1.0,1.0,1.0,1.0,1.0
8760731,8760971,1,1,1.0,1.0,1.0,1.0,1.0
8759984,8759983,1,1,1.0,1.0,1.0,1.0,1.0
8759039,8759265,1,1,1.0,1.0,1.0,1.0,1.0
8759110,8759094,1,1,1.0,1.0,1.0,1.0,1.0
8763620,8824699,1,1,0.034915223064756945,0.3685673043227823,1.0,1.0,0.73391375456459
8763164,8824699,1,1,0.034915223064756945,0.3685673043227823,1.0,1.0,0.73391375456459
8763164,8763620,1,1,1.0,1.0,1.0,1.0,1.0
8759571,8759634,1,1,1.0,1.0,1.0,1.0,1.0
8759134,8759122,1,1,1.0,1.0,1.0,1.0,1.0
8820436,8759122,1,1,1.52587890625e-05,0.5,1.0,0.0,0.5833358764648438
8820436,8759134,1,1,1.52587890625e-05,0.5,1.0,0.0,0.5833358764648438
8820424,8759122,1,1,1.52587890625e-05,0.5,1.0,0.0,0.5833358764648438
8820424,8759134,1,1,1.52587890625e-05,0.5,1.0,0.0,0.5833358764648438
8820424,8820436,1,1,1.0,1.0,1.0,1.0,1.0
8759925,8821247,1,1,0.39984146565817724,1.3981009838499707e-06,1.0,0.0,0.5666404772931934
8761172,8821247,1,1,0.38718635070924096,1.236848304590732e-06,1.0,1.0,0.7311979312595909
8761172,8759925,1,1,0.9997227795604651,0.9997227795604651,1.0,1.0,0.9999075931868218
8761134,8759874,1,1,0.9997227795604652,0.9997227795604648,1.0,1.0,0.9999075931868218
8821235,8759874,1,1,0.066045313347223,0.0022112839373956156,1.0,0.0,0.5113760995474366
8821235,8761134,1,1,0.0625,0.0020359248146972807,1.0,1.0,0.6774226541357828
8821249,8759863,1,1,0.3327244983018359,3.2717000196430395e-05,1.0,0.0,0.555459535883672
8761121,8759863,1,1,1.0,0.998891579263679,1.0,1.0,0.9998152632106132
8761121,8821249,1,1,0.3327244983018359,2.6383582498408176e-05,1.0,1.0,0.7221251469807224
8762309,8762482,1,1,1.0,1.0,1.0,1.0,1.0
8762485,8762310,1,1,1.0,1.0,1.0,1.0,1.0
8822007,8787522,1,1,0.10584316404531666,8.019413139855523e-07,1.0,0.0,0.5176406609977717
8787582,8787522,1,1,1.0,1.0,1.0,1.0,1.0
8787582,8822007,1,1,0.10584316404531666,8.019413139855523e-07,1.0,0.0,0.5176406609977717
8782214,8787522,1,1,1.0,1.0,1.0,1.0,1.0
8782214,8822007,1,1,0.10584316404531666,8.019413139855523e-07,1.0,0.0,0.5176406609977717
8782214,8787582,1,1,1.0,1.0,1.0,1.0,1.0
8782095,8787522,1,1,1.0,1.0,1.0,1.0,1.0
8782095,8822007,1,1,0.10584316404531666,8.019413139855523e-07,1.0,0.0,0.5176406609977717
8782095,8787582,1,1,1.0,1.0,1.0,1.0,1.0
8782095,8782214,1,1,1.0,1.0,1.0,1.0,1.0
8762311,8762483,1,1,1.0,1.0,1.0,1.0,1.0
8916191,8916005,1,1,1.0,1.0,1.0,1.0,1.0
8905732,8905777,1,1,1.0,1.0,1.0,1.0,1.0
8898740,8898779,1,1,1.0,1.0,1.0,1.0,1.0
8899648,8899222,1,1,1.0,1.0,1.0,1.0,1.0
8900995,8900985,1,1,1.0,1.0,1.0,1.0,1.0
8902750,8902754,1,1,1.0,1.0,1.0,1.0,1.0
8901504,8901231,1,1,1.0,1.0,1.0,1.0,1.0
8905729,8905774,1,1,1.0,1.0,1.0,1.0,1.0
8902547,8902546,1,1,1.0,1.0,1.0,1.0,1.0
8902925,8903477,1,1,0.9993763620805105,0.9997227795604652,1.0,1.0,0.9998498569401626
8903783,8903752,1,1,1.0,1.0,1.0,1.0,1.0
8902922,8903474,1,1,0.9993763620805105,0.9982686325973926,1.0,1.0,0.9996074991129839
8903441,8902899,1,1,0.9997227795604651,0.9999306876841535,1.0,1.0,0.9999422445407697
8902909,8903445,1,1,0.9997227795604652,0.9993763620805105,1.0,1.0,0.9998498569401626
8902888,8903448,1,1,0.9999306876841535,0.9999306876841537,1.0,1.0,0.9999768958947178
8903079,8903082,1,1,1.0,1.0,1.0,1.0,1.0
8916194,8916008,1,1,1.0,1.0,1.0,1.0,1.0
8906961,8906963,1,1,1.0,1.0,1.0,1.0,1.0
8907931,8908543,1,1,0.9993763620805105,0.9997227795604652,1.0,1.0,0.9998498569401626
8908536,8907894,1,1,0.9993763620805105,0.9982686325973926,1.0,1.0,0.9996074991129839
8908511,8907879,1,1,0.9982686325973927,0.99889157926368,1.0,1.0,0.9995267019768455
8907898,8908518,1,1,0.9997227795604651,0.9999306876841536,1.0,1.0,0.9999422445407697
8908509,8907914,1,1,0.9997227795604652,0.9982686325973917,1.0,1.0,0.9996652353596428
8915957,8916053,1,1,1.0,1.0,1.0,1.0,1.0
8916010,8916197,1,1,1.0,1.0,1.0,1.0,1.0
8913541,8914879,1,1,0.9993763620805105,0.9997227795604652,1.0,1.0,0.9998498569401626
8914890,8913551,1,1,0.9993763620805105,0.9988915792636801,1.0,1.0,0.999711323557365
8916195,8916009,1,1,1.0,1.0,1.0,1.0,1.0
8916192,8916006,1,1,1.0,1.0,1.0,1.0,1.0
8913677,8913672,1,1,1.0,1.0,1.0,1.0,1.0
8913503,8914872,1,1,0.9993763620805105,0.9997227795604652,1.0,1.0,0.9998498569401626
8913508,8914849,1,1,0.9997227795604651,0.9988915792636801,1.0,1.0,0.9997690598040242
8914844,8913500,1,1,0.9988915792636801,0.9997227795604656,1.0,1.0,0.9997690598040242
8916193,8916007,1,1,1.0,1.0,1.0,1.0,1.0
8918155,8917999,1,1,1.0,1.0,1.0,1.0,1.0
8918019,8917999,1,1,1.0,1.0,1.0,1.0,1.0
8918019,8918155,1,1,1.0,1.0,1.0,1.0,1.0
8916196,8916011,1,1,1.0,1.0,1.0,1.0,1.0
9052574,9052620,1,1,1.0,1.0,1.0,1.0,1.0
8885307,8885262,1,1,1.0,1.0,1.0,1.0,1.0
8905731,8905776,1,1,1.0,1.0,1.0,1.0,1.0
8885308,8885263,1,1,1.0,1.0,1.0,1.0,1.0
8885305,8885264,1,1,1.0,1.0,1.0,1.0,1.0
8885265,8885309,1,1,1.0,1.0,1.0,1.0,1.0
8885259,8885299,1,1,1.0,1.0,1.0,1.0,1.0
8943841,8943768,1,1,1.0,1.0,1.0,1.0,1.0
8943849,8944212,1,1,1.0,1.0,1.0,1.0,1.0
8885306,8885266,1,1,1.0,1.0,1.0,1.0,1.0
8885303,8885267,1,1,1.0,1.0,1.0,1.0,1.0
9052572,9052613,1,1,1.0,1.0,1.0,1.0,1.0
9034457,9034469,1,1,1.0,1.0,1.0,1.0,1.0
9035017,9034891,1,1,1.0,1.0,1.0,1.0,1.0
9035180,9035219,1,1,1.0,1.0,1.0,1.0,1.0
9034992,9034289,1,1,0.9988915792636801,0.9982686325973925,1.0,1.0,0.9995267019768455
9052617,9052576,1,1,1.0,1.0,1.0,1.0,1.0
9052614,9052573,1,1,1.0,1.0,1.0,1.0,1.0
9052619,9052578,1,1,1.0,1.0,1.0,1.0,1.0
9052615,9052579,1,1,1.0,1.0,1.0,1.0,1.0
9157605,9157282,1,1,1.0,1.0,1.0,1.0,1.0
9157653,9157689,1,1,1.0,1.0,1.0,1.0,1.0
9157724,9157154,1,1,0.9993763620805105,0.9997227795604652,1.0,1.0,0.9998498569401626
9157716,9157181,1,1,0.9993763620805105,0.9988915792636801,1.0,1.0,0.999711323557365
9157184,9157699,1,1,0.9988915792636801,0.9993763620805105,1.0,1.0,0.999711323557365
9157152,9157704,1,1,0.9999306876841536,0.9993763620805105,1.0,1.0,0.9998845082941107
9157702,9157200,1,1,0.9982686325973922,0.9988915792636806,1.0,1.0,0.9995267019768455
9167937,9168071,1,1,1.0,1.0,1.0,1.0,1.0
10984364,11050182,1,1,0.9993763620805107,0.40623881588121213,1.0,1.0,0.9009358629936205
11175855,11233491,1,1,0.9507249981811754,0.8230773946790535,1.0,0.0,0.7956337321433714
11610381,11550134,1,1,0.34445800239460833,0.021755138322366974,1.0,1.0,0.727702190119496
8784272,8780265,0,1,1.0,1.0,1.0,1.0,0.8333333333333334
8784271,8780111,0,1,1.0,1.0,1.0,1.0,0.8333333333333334
8784260,8780067,0,1,1.0,1.0,1.0,1.0,0.8333333333333334
8789366,8789156,0,1,1.0,1.0,1.0,1.0,0.8333333333333334
8789366,8789376,0,1,1.0,1.0,1.0,1.0,0.8333333333333334
8789366,8789380,0,1,1.0,1.0,1.0,1.0,0.8333333333333334
8789366,8789317,0,1,1.0,1.0,1.0,1.0,0.8333333333333334
8789358,8789156,0,1,1.0,1.0,1.0,1.0,0.8333333333333334
8789358,8789376,0,1,1.0,1.0,1.0,1.0,0.8333333333333334
8789358,8789380,0,1,1.0,1.0,1.0,1.0,0.8333333333333334
8789358,8789317,0,1,1.0,1.0,1.0,1.0,0.8333333333333334
8789432,8784272,0,1,1.0,1.0,1.0,1.0,0.8333333333333334
8851105,8784271,0,1,1.0,1.0,1.0,1.0,0.8333333333333334
8789430,8784271,0,1,1.0,1.0,1.0,1.0,0.8333333333333334
8789357,8784260,0,1,1.0,1.0,1.0,1.0,0.8333333333333334
8789544,8789366,0,1,1.0,1.0,1.0,1.0,0.8333333333333334
8789544,8789358,0,1,1.0,1.0,1.0,1.0,0.8333333333333334
8789546,8789366,0,1,1.0,1.0,1.0,1.0,0.8333333333333334
8789546,8789358,0,1,1.0,1.0,1.0,1.0,0.8333333333333334
8836692,8831853,0,1,1.0,1.0,1.0,1.0,0.8333333333333334
8775336,8831853,0,1,1.0,1.0,1.0,1.0,0.8333333333333334
8775972,8831853,0,1,0.9993763620805105,0.9997227795604652,1.0,1.0,0.833183190273496
8836637,8831858,0,1,1.0,1.0,1.0,1.0,0.8333333333333334
8775973,8831858,0,1,0.9993763620805105,0.9982686325973926,1.0,1.0,0.8329408324463171
8775337,8831858,0,1,1.0,1.0,1.0,1.0,0.8333333333333334
8775976,8831859,0,1,0.6700775604097411,3.8743883482357515e-06,1.0,1.0,0.611680239133015
8775340,8831859,0,1,0.6417129487814491,4.89588126206552e-06,1.0,1.0,0.6069529741104518
8836687,8831859,0,1,1.0,0.8950250709279725,1.0,1.0,0.8158375118213287
8775913,8831881,0,1,0.13490352956305476,0.006389859832482936,1.0,1.0,0.5235488982325895
8836700,8831881,0,1,0.9930924954370357,0.9726549474122848,1.0,1.0,0.8276245738082201
8836701,8831888,0,1,0.9930924954370357,0.8950250709279696,1.0,1.0,0.8146862610608343
8775912,8831888,0,1,0.37472392565542345,0.00022615507635269318,1.0,1.0,0.5624916801219626
8775345,8831888,0,1,0.36856730432277357,0.0002052969763803014,1.0,1.0,0.5614621002165257
8780590,8836740,0,1,1.0,1.0,1.0,1.0,0.8333333333333334
8780590,8775437,0,1,1.0,1.0,1.0,1.0,0.8333333333333334
8780591,8836739,0,1,1.0,1.0,1.0,1.0,0.8333333333333334
8780591,8775447,0,1,1.0,1.0,1.0,1.0,0.8333333333333334
8779335,8774424,0,1,1.0,1.0,1.0,1.0,0.8333333333333334
8779335,8835796,0,1,0.9395227492140129,0.9395227492140115,1.0,1.0,0.813174249738004
8780629,8836794,0,1,0.8408964152537145,0.04703896085659469,1.0,1.0,0.6479892293517182
8780629,8775409,0,1,1.0,0.9726549474122885,1.0,1.0,0.8287758245687148
8780775,8837149,0,1,0.9726549474122858,0.9726549474122848,1.0,1.0,0.8242183158040951
8780775,8837201,0,1,0.9726549474122858,0.9726549474122848,1.0,1.0,0.8242183158040951
8780775,8775615,0,1,1.0,1.0,1.0,1.0,0.8333333333333334
8780775,8775669,0,1,1.0,1.0,1.0,1.0,0.8333333333333334
8780776,8837149,0,1,0.9726549474122858,0.9726549474122848,1.0,1.0,0.8242183158040951
8780776,8837201,0,1,0.9726549474122858,0.9726549474122848,1.0,1.0,0.8242183158040951
8780776,8775615,0,1,1.0,1.0,1.0,1.0,0.8333333333333334
8780776,8775669,0,1,1.0,1.0,1.0,1.0,0.8333333333333334
8780052,8836680,0,1,0.5703818579342128,0.9930924954370357,1.0,1.0,0.760579058895208
8780052,8836709,0,1,0.5703818579342128,0.9930924954370357,1.0,1.0,0.760579058895208
8779192,8774154,0,1,1.0,1.0,1.0,1.0,0.8333333333333334
8794718,8789432,0,1,1.0,1.0,1.0,1.0,0.8333333333333334
8779336,8774425,0,1,1.0,1.0,1.0,1.0,0.8333333333333334
8794717,8851105,0,1,1.0,1.0,1.0,1.0,0.8333333333333334
8794717,8789430,0,1,1.0,1.0,1.0,1.0,0.8333333333333334
8794685,8789357,0,1,1.0,1.0,1.0,1.0,0.8333333333333334
8780109,8835823,0,1,0.9930924954370357,0.8950250709279722,1.0,1.0,0.8146862610608346
8780109,8774444,0,1,1.0,1.0,1.0,1.0,0.8333333333333334
8789157,8789544,0,1,1.0,1.0,1.0,1.0,0.8333333333333334
8789157,8789546,0,1,1.0,1.0,1.0,1.0,0.8333333333333334
8789318,8789544,0,1,1.0,1.0,1.0,1.0,0.8333333333333334
8789318,8789546,0,1,1.0,1.0,1.0,1.0,0.8333333333333334
8781026,8836692,0,1,0.9993763620805105,0.9997227795604652,1.0,1.0,0.833183190273496
8781026,8775336,0,1,0.9993763620805105,0.9997227795604652,1.0,1.0,0.833183190273496
8781026,8775972,0,1,1.0,1.0,1.0,0.0,0.6666666666666667
8780384,8836692,0,1,1.0,1.0,1.0,1.0,0.8333333333333334
8780384,8775336,0,1,1.0,1.0,1.0,1.0,0.8333333333333334
8780384,8775972,0,1,0.9993763620805105,0.9997227795604652,1.0,1.0,0.833183190273496
8842453,8776178,0,1,0.9395227492140101,0.9930924954370347,1.0,1.0,0.8221025407751741
8842453,8776108,0,1,0.9395227492140101,0.9930924954370347,1.0,1.0,0.8221025407751741
8842486,8776178,0,1,0.9395227492140101,0.9930924954370347,1.0,1.0,0.8221025407751741
8842486,8776108,0,1,0.9395227492140101,0.9930924954370347,1.0,1.0,0.8221025407751741
8781252,8776178,0,1,1.0,1.0,1.0,1.0,0.8333333333333334
8781252,8776108,0,1,1.0,1.0,1.0,1.0,0.8333333333333334
8781178,8776178,0,1,1.0,1.0,1.0,1.0,0.8333333333333334
8781178,8776108,0,1,1.0,1.0,1.0,1.0,0.8333333333333334
8780381,8836637,0,1,1.0,1.0,1.0,1.0,0.8333333333333334
8780381,8775973,0,1,0.9993763620805105,0.9982686325973926,1.0,1.0,0.8329408324463171
8780381,8775337,0,1,1.0,1.0,1.0,1.0,0.8333333333333334
8781025,8836637,0,1,0.9993763620805105,0.9982686325973926,1.0,1.0,0.8329408324463171
8781025,8775973,0,1,1.0,1.0,1.0,0.0,0.6666666666666667
8781025,8775337,0,1,0.9993763620805105,0.9982686325973926,1.0,1.0,0.8329408324463171
8781029,8775976,0,1,0.9930924954370367,0.9094712893619946,1.0,0.0,0.6504272974665053
8781029,8775340,0,1,0.986506184171339,0.9272948193868666,1.0,1.0,0.8189668339263676
8781029,8836687,0,1,0.7393861886011085,3.2460125310138873e-06,1.0,1.0,0.6232315724356066
8780388,8775976,0,1,0.9975077808975298,0.9229983666666957,1.0,1.0,0.8200843579273709
8780388,8775340,0,1,0.9930924954370357,0.9395227492140118,1.0,1.0,0.8221025407751746
8780388,8836687,0,1,0.7120250977985338,2.716160193628451e-06,1.0,1.0,0.6186713023264545
8780428,8775913,0,1,0.9726549474122866,0.9726549474122885,1.0,1.0,0.8242183158040959
8780428,8836700,0,1,0.16957554093095845,0.006389859832482598,1.0,1.0,0.5293275667939068
8780991,8775913,0,1,0.9670081808446851,0.9824119399331848,1.0,0.0,0.6582366867963116
8780991,8836700,0,1,0.17721836228443136,0.005495246831902823,1.0,1.0,0.5304522681860557
8780391,8836701,0,1,0.36856730432277357,0.0002052969763803014,1.0,1.0,0.5614621002165257
8780391,8775912,0,1,0.9944012396427835,0.9047555765934853,1.0,1.0,0.8165261360393782
8780391,8775345,0,1,0.9930924954370357,0.8950250709279696,1.0,1.0,0.8146862610608343
8780976,8836701,0,1,0.37472392565542123,0.00016889333301445936,1.0,1.0,0.5624821364980725
8780976,8775912,0,1,0.9930924954370361,0.9229983666666941,1.0,0.0,0.6526818103506218
8780976,8775345,0,1,0.9916479925550221,0.9140848532341801,1.0,1.0,0.8176221409648671
8784693,8780590,0,1,1.0,1.0,1.0,1.0,0.8333333333333334
8846832,8780590,0,1,1.0,1.0,1.0,1.0,0.8333333333333334
8846830,8780591,0,1,1.0,1.0,1.0,1.0,0.8333333333333334
8784692,8780591,0,1,1.0,1.0,1.0,1.0,0.8333333333333334
8783595,8779335,0,1,1.0,1.0,1.0,1.0,0.8333333333333334
8783610,8779335,0,1,1.0,1.0,1.0,1.0,0.8333333333333334
8784718,8780629,0,1,0.9930924954370359,0.9726549474122848,1.0,1.0,0.8276245738082201
8846853,8780629,0,1,0.7791645796605001,0.013139006488339289,1.0,1.0,0.6320505976914732
8847254,8780775,0,1,0.9726549474122858,0.9726549474122848,1.0,1.0,0.8242183158040951
8847254,8780776,0,1,0.9726549474122858,0.9726549474122848,1.0,1.0,0.8242183158040951
8847324,8780775,0,1,0.9726549474122858,0.9726549474122848,1.0,1.0,0.8242183158040951
8847324,8780776,0,1,0.9726549474122858,0.9726549474122848,1.0,1.0,0.8242183158040951
8785193,8780775,0,1,0.9930924954370357,1.0,1.0,1.0,0.8321820825728393
8785193,8780776,0,1,0.9930924954370357,1.0,1.0,1.0,0.8321820825728393
8785177,8780775,0,1,0.9930924954370357,1.0,1.0,1.0,0.8321820825728393
8785177,8780776,0,1,0.9930924954370357,1.0,1.0,1.0,0.8321820825728393
8846813,8780052,0,1,0.5703818579342128,0.9930924954370357,1.0,1.0,0.760579058895208
8785810,8780052,0,1,1.0,1.0,1.0,1.0,0.8333333333333334
8783508,8779192,0,1,1.0,1.0,1.0,1.0,0.8333333333333334
8800173,8794718,0,1,0.9930924954370357,0.9726549474122852,1.0,1.0,0.8276245738082202
8783611,8779336,0,1,1.0,1.0,1.0,1.0,0.8333333333333334
8800172,8794717,0,1,1.0,1.0,1.0,1.0,0.8333333333333334
8800160,8794685,0,1,1.0,1.0,1.0,1.0,0.8333333333333334
8783632,8780109,0,1,1.0,1.0,1.0,1.0,0.8333333333333334
8789315,8789157,0,1,1.0,1.0,1.0,1.0,0.8333333333333334
8789315,8789318,0,1,1.0,1.0,1.0,1.0,0.8333333333333334
8851030,8789157,0,1,1.0,1.0,1.0,1.0,0.8333333333333334
8851030,8789318,0,1,1.0,1.0,1.0,1.0,0.8333333333333334
8789154,8789157,0,1,1.0,1.0,1.0,1.0,0.8333333333333334
8789154,8789318,0,1,1.0,1.0,1.0,1.0,0.8333333333333334
8847314,8781026,0,1,1.0,1.0,1.0,0.0,0.6666666666666667
8847314,8780384,0,1,0.9993763620805105,0.9997227795604652,1.0,1.0,0.833183190273496
8846807,8781026,0,1,0.9993763620805105,0.9997227795604652,1.0,1.0,0.833183190273496
8846807,8780384,0,1,1.0,1.0,1.0,1.0,0.8333333333333334
8784526,8781026,0,1,0.9993763620805105,0.9997227795604652,1.0,1.0,0.833183190273496
8784526,8780384,0,1,1.0,1.0,1.0,1.0,0.8333333333333334
8785152,8781026,0,1,1.0,1.0,1.0,0.0,0.6666666666666667
8785152,8780384,0,1,0.9993763620805105,0.9997227795604652,1.0,1.0,0.833183190273496
8785356,8842453,0,1,0.9395227492140101,0.9930924954370347,1.0,1.0,0.8221025407751741
8785356,8842486,0,1,0.9395227492140101,0.9930924954370347,1.0,1.0,0.8221025407751741
8785356,8781252,0,1,1.0,1.0,1.0,1.0,0.8333333333333334
8785356,8781178,0,1,1.0,1.0,1.0,1.0,0.8333333333333334
8785325,8842453,0,1,0.9395227492140101,0.9930924954370347,1.0,1.0,0.8221025407751741
8785325,8842486,0,1,0.9395227492140101,0.9930924954370347,1.0,1.0,0.8221025407751741
8785325,8781252,0,1,1.0,1.0,1.0,1.0,0.8333333333333334
8785325,8781178,0,1,1.0,1.0,1.0,1.0,0.8333333333333334
8847501,8842453,0,1,1.0,0.9930924954370347,1.0,1.0,0.8321820825728391
8847501,8842486,0,1,1.0,0.9930924954370347,1.0,1.0,0.8321820825728391
8847501,8781252,0,1,0.9395227492140101,1.0,1.0,1.0,0.8232537915356684
8847501,8781178,0,1,0.9395227492140101,1.0,1.0,1.0,0.8232537915356684
8847436,8842453,0,1,1.0,0.9930924954370347,1.0,1.0,0.8321820825728391
8847436,8842486,0,1,1.0,0.9930924954370347,1.0,1.0,0.8321820825728391
8847436,8781252,0,1,0.9395227492140101,1.0,1.0,1.0,0.8232537915356684
8847436,8781178,0,1,0.9395227492140101,1.0,1.0,1.0,0.8232537915356684
8784528,8780381,0,1,1.0,1.0,1.0,1.0,0.8333333333333334
8784528,8781025,0,1,0.9993763620805105,0.9982686325973926,1.0,1.0,0.8329408324463171
8847309,8780381,0,1,0.9993763620805105,0.9982686325973926,1.0,1.0,0.8329408324463171
8847309,8781025,0,1,1.0,1.0,1.0,0.0,0.6666666666666667
8785153,8780381,0,1,0.9993763620805105,0.9982686325973926,1.0,1.0,0.8329408324463171
8785153,8781025,0,1,1.0,1.0,1.0,0.0,0.6666666666666667
8847281,8781029,0,1,0.6630088348270953,2.5937236216256814e-08,1.0,0.0,0.44383481012738857
8847281,8780388,0,1,0.6345914549576276,2.1036938415629695e-08,1.0,1.0,0.6057652459990943
8784509,8781029,0,1,0.9975077808975292,0.9094712893619946,1.0,1.0,0.8178298450432541
8784509,8780388,0,1,0.9930924954370357,0.8950250709279725,1.0,1.0,0.8146862610608346
8785125,8781029,0,1,0.995573683188194,0.9047555765934832,1.0,0.0,0.6500548766302796
8785125,8780388,0,1,0.9900683286467764,0.8900140400421459,1.0,1.0,0.8133470614481538
8784499,8780428,0,1,0.9930924954370357,0.9395227492140074,1.0,1.0,0.8221025407751738
8784499,8780991,0,1,0.9955736831881947,0.9229983666666941,1.0,1.0,0.8197620083091482
8847283,8780428,0,1,0.12561668433627227,0.0006916836620394767,1.0,1.0,0.5210513946663853
8847283,8780991,0,1,0.1317522952216342,0.0005772964603312703,1.0,0.0,0.3553882652803275
8785130,8780428,0,1,0.986506184171339,0.9576032806985737,1.0,1.0,0.8240182441449854
8785130,8780991,0,1,0.9900683286467776,0.9433728590053354,1.0,0.0,0.6555735312753521
8784527,8780391,0,1,0.9930924954370357,0.9395227492140074,1.0,1.0,0.8221025407751738
8784527,8780976,0,1,0.994401239642783,0.9229983666666941,1.0,1.0,0.8195666010515795
8847289,8780391,0,1,0.2620474545042837,5.189043281371247e-06,1.0,1.0,0.5436754405912609
8847289,8780976,0,1,0.2671274240860855,4.1086617652412285e-06,1.0,0.0,0.37785525545797516
8785126,8780391,0,1,0.9916479925550221,0.9433728590053354,1.0,1.0,0.8225034752600596
8785126,8780976,0,1,0.9930924954370357,0.9272948193868734,1.0,0.0,0.6533978858039848
8789886,8784693,0,1,1.0,1.0,1.0,1.0,0.8333333333333334
8789886,8846832,0,1,1.0,1.0,1.0,1.0,0.8333333333333334
8789887,8846830,0,1,1.0,1.0,1.0,1.0,0.8333333333333334
8789887,8784692,0,1,1.0,1.0,1.0,1.0,0.8333333333333334
8788663,8783595,0,1,1.0,1.0,1.0,1.0,0.8333333333333334
8788663,8783610,0,1,1.0,1.0,1.0,1.0,0.8333333333333334
8789918,8784718,0,1,1.0,0.9726549474122848,1.0,1.0,0.8287758245687141
8789918,8846853,0,1,0.8408964152537145,0.04703896085659663,1.0,1.0,0.6479892293517184
8789339,8846813,0,1,0.7120250977985364,0.9930924954370357,1.0,1.0,0.7841862655392621
8789339,8785810,0,1,0.9726549474122858,1.0,1.0,1.0,0.8287758245687143
8789351,8846813,0,1,0.7120250977985364,0.9930924954370357,1.0,1.0,0.7841862655392621
8789351,8785810,0,1,0.9726549474122858,1.0,1.0,1.0,0.8287758245687143
8788431,8783508,0,1,1.0,1.0,1.0,1.0,0.8333333333333334
8788664,8783611,0,1,1.0,1.0,1.0,1.0,0.8333333333333334
8805417,8800172,0,1,1.0,1.0,1.0,1.0,0.8333333333333334
8805399,8800160,0,1,1.0,1.0,1.0,1.0,0.8333333333333334
8788666,8783632,0,1,1.0,1.0,1.0,1.0,0.8333333333333334
8794660,8789315,0,1,1.0,1.0,1.0,1.0,0.8333333333333334
8794660,8851030,0,1,1.0,1.0,1.0,1.0,0.8333333333333334
8794660,8789154,0,1,1.0,1.0,1.0,1.0,0.8333333333333334
8794656,8789315,0,1,1.0,1.0,1.0,1.0,0.8333333333333334
8794656,8851030,0,1,1.0,1.0,1.0,1.0,0.8333333333333334
8794656,8789154,0,1,1.0,1.0,1.0,1.0,0.8333333333333334
8790140,8847314,0,1,1.0,1.0,1.0,0.0,0.6666666666666667
8790140,8846807,0,1,0.9993763620805105,0.9997227795604652,1.0,1.0,0.833183190273496
8790140,8784526,0,1,0.9993763620805105,0.9997227795604652,1.0,1.0,0.833183190273496
8790140,8785152,0,1,1.0,1.0,1.0,0.0,0.6666666666666667
8791567,8847314,0,1,0.9993763620805105,0.9997227795604652,1.0,1.0,0.833183190273496
8791567,8846807,0,1,1.0,1.0,1.0,1.0,0.8333333333333334
8791567,8784526,0,1,1.0,1.0,1.0,1.0,0.8333333333333334
8791567,8785152,0,1,0.9993763620805105,0.9997227795604652,1.0,1.0,0.833183190273496
8790517,8785356,0,1,0.9726549474122848,1.0,1.0,1.0,0.8287758245687141
8790517,8785325,0,1,0.9726549474122848,1.0,1.0,1.0,0.8287758245687141
8790517,8847501,0,1,0.9930924954370357,1.0,1.0,1.0,0.8321820825728393
8790517,8847436,0,1,0.9930924954370357,1.0,1.0,1.0,0.8321820825728393
8790483,8785356,0,1,0.9726549474122848,1.0,1.0,1.0,0.8287758245687141
8790483,8785325,0,1,0.9726549474122848,1.0,1.0,1.0,0.8287758245687141
8790483,8847501,0,1,0.9930924954370357,1.0,1.0,1.0,0.8321820825728393
8790483,8847436,0,1,0.9930924954370357,1.0,1.0,1.0,0.8321820825728393
8790136,8784528,0,1,0.9993763620805105,0.9997227795604652,1.0,1.0,0.833183190273496
8790136,8847309,0,1,1.0,0.9993763620805105,1.0,0.0,0.6665627270134185
8790136,8785153,0,1,1.0,0.9993763620805105,1.0,0.0,0.6665627270134185
8791558,8784528,0,1,1.0,1.0,1.0,1.0,0.8333333333333334
8791558,8847309,0,1,0.9993763620805105,0.9982686325973926,1.0,1.0,0.8329408324463171
8791558,8785153,0,1,0.9993763620805105,0.9982686325973926,1.0,1.0,0.8329408324463171
8790127,8847281,0,1,0.766097543314389,3.8743883482357515e-06,1.0,0.0,0.46101690295045616
8790127,8784509,0,1,0.994401239642783,0.890014040042146,1.0,1.0,0.8140692132808215
8790127,8785125,0,1,0.9966093401292263,0.8950250709279725,1.0,0.0,0.6486057351761998
8791571,8847281,0,1,0.7726569912903126,3.6529666164343784e-06,1.0,1.0,0.6287767740428214
8791571,8784509,0,1,0.9930924954370357,0.8950250709279725,1.0,1.0,0.8146862610608346
8791571,8785125,0,1,0.9955736831881947,0.8999395485754919,1.0,1.0,0.8159188719606144
8791545,8784499,0,1,0.9395227492140129,0.9726549474122885,1.0,1.0,0.8186962827710502
8791545,8847283,0,1,0.2934323830483486,0.005495246831902525,1.0,1.0,0.5498212716467086
8791545,8785130,0,1,0.9542240809666992,0.9576032806985737,1.0,1.0,0.8186378936108788
8790122,8784499,0,1,0.9576032806985737,0.9670081808446851,1.0,1.0,0.8207685769238765
8790122,8847283,0,1,0.2671274240860855,0.005927337822084441,1.0,0.0,0.3788424603180284
8790122,8785130,0,1,0.969894680035446,0.9507249981811716,1.0,0.0,0.6534366130361029
8791535,8784527,0,1,0.9930924954370357,0.9395227492140185,1.0,1.0,0.8221025407751757
8791535,8847289,0,1,0.3747239256554256,0.00013191534356188033,1.0,1.0,0.5624759734998312
8791535,8785126,0,1,0.994401239642783,0.9355586476000042,1.0,1.0,0.8216599812071311
8790120,8784527,0,1,0.9900683286467776,0.9355586476000042,1.0,1.0,0.8209378293744637
8790120,8847289,0,1,0.38718635070924096,0.00013863700369319668,1.0,0.0,0.3978874979521557
8790120,8785126,0,1,0.9916479925550221,0.9314821318134199,1.0,0.0,0.6538550207280738
8795203,8789886,0,1,1.0,1.0,1.0,1.0,0.8333333333333334
8795204,8789887,0,1,1.0,1.0,1.0,1.0,0.8333333333333334
8795263,8789918,0,1,0.9930924954370359,0.9726549474122848,1.0,1.0,0.8276245738082201
8795148,8789339,0,1,0.9930924954370357,1.0,1.0,1.0,0.8321820825728393
8795148,8789351,0,1,0.9930924954370357,1.0,1.0,1.0,0.8321820825728393
8795147,8789339,0,1,0.9930924954370357,1.0,1.0,1.0,0.8321820825728393
8795147,8789351,0,1,0.9930924954370357,1.0,1.0,1.0,0.8321820825728393
8800152,8794660,0,1,1.0,1.0,1.0,1.0,0.8333333333333334
8800152,8794656,0,1,1.0,1.0,1.0,1.0,0.8333333333333334
8800139,8794660,0,1,1.0,1.0,1.0,1.0,0.8333333333333334
8800139,8794656,0,1,1.0,1.0,1.0,1.0,0.8333333333333334
8795729,8790140,0,1,1.0,1.0,1.0,0.0,0.6666666666666667
8795729,8791567,0,1,0.9993763620805105,0.9997227795604652,1.0,1.0,0.833183190273496
8794966,8790140,0,1,0.9993763620805105,0.9997227795604652,1.0,1.0,0.833183190273496
8794966,8791567,0,1,1.0,1.0,1.0,1.0,0.8333333333333334
8795868,8790517,0,1,0.9930924954370357,0.9930924954370347,1.0,1.0,0.831030831812345
8795868,8790483,0,1,0.9930924954370357,0.9930924954370347,1.0,1.0,0.831030831812345
8795735,8790136,0,1,1.0,0.9993763620805105,1.0,0.0,0.6665627270134185
8795735,8791558,0,1,0.9993763620805105,0.9982686325973926,1.0,1.0,0.8329408324463171
8794995,8790136,0,1,0.9993763620805105,0.9997227795604652,1.0,1.0,0.833183190273496
8794995,8791558,0,1,1.0,1.0,1.0,1.0,0.8333333333333334
8794957,8790127,0,1,0.9916479925550221,0.8999395485754919,1.0,1.0,0.815264590188419
8794957,8791571,0,1,0.9930924954370357,0.8950250709279725,1.0,1.0,0.8146862610608346
8795704,8790127,0,1,0.9966093401292271,0.8950250709279723,1.0,0.0,0.6486057351762
8795704,8791571,0,1,0.9975077808975298,0.8900140400421459,1.0,1.0,0.8145869701566126
8795714,8791545,0,1,0.969894680035446,0.9576032806985737,1.0,1.0,0.8212496601223366
8795714,8790122,0,1,0.9542240809666992,0.963996624579164,1.0,0.0,0.6530367842576439
8794984,8791545,0,1,0.9726549474122848,0.9395227492140074,1.0,1.0,0.8186962827710488
8794984,8790122,0,1,0.9576032806985737,0.9471074402518935,1.0,1.0,0.8174517868250778
8795718,8791535,0,1,0.9883541566162048,0.9272948193868613,1.0,1.0,0.8192748293338443
8795718,8790120,0,1,0.9916479925550221,0.9314821318134316,1.0,0.0,0.6538550207280756
8794962,8791535,0,1,0.9930924954370367,0.9395227492140074,1.0,1.0,0.8221025407751741
8794962,8790120,0,1,0.9955736831881947,0.9433728590053354,1.0,1.0,0.8231577570322551
8805241,8800152,0,1,1.0,1.0,1.0,1.0,0.8333333333333334
8805241,8800139,0,1,1.0,1.0,1.0,1.0,0.8333333333333334
8805271,8800152,0,1,1.0,1.0,1.0,1.0,0.8333333333333334
8805271,8800139,0,1,1.0,1.0,1.0,1.0,0.8333333333333334
8801698,8795868,0,1,1.0,1.0,1.0,1.0,0.8333333333333334
8863244,8795868,0,1,0.8408964152537145,0.5703818579342077,1.0,1.0,0.7352130455313204
8863329,8795868,0,1,0.8408964152537145,0.5703818579342077,1.0,1.0,0.7352130455313204
8801621,8795868,0,1,1.0,1.0,1.0,1.0,0.8333333333333334
8801430,8795728,0,1,1.0,1.0,1.0,0.0,0.6666666666666667
8804694,8799485,0,1,1.0,1.0,1.0,1.0,0.8333333333333334
8804695,8799486,0,1,1.0,1.0,1.0,1.0,0.8333333333333334
8804703,8799495,0,1,0.9930924954370357,1.0,1.0,1.0,0.8321820825728393
8806376,8801698,0,1,1.0,1.0,1.0,1.0,0.8333333333333334
8806376,8863244,0,1,0.8408964152537145,0.5703818579342077,1.0,1.0,0.7352130455313204
8806376,8863329,0,1,0.8408964152537145,0.5703818579342077,1.0,1.0,0.7352130455313204
8806376,8801621,0,1,1.0,1.0,1.0,1.0,0.8333333333333334
8806459,8801698,0,1,1.0,1.0,1.0,1.0,0.8333333333333334
8806459,8863244,0,1,0.8408964152537145,0.5703818579342077,1.0,1.0,0.7352130455313204
8806459,8863329,0,1,0.8408964152537145,0.5703818579342077,1.0,1.0,0.7352130455313204
8806459,8801621,0,1,1.0,1.0,1.0,1.0,0.8333333333333334
8810797,8805884,0,1,1.0,1.0,1.0,1.0,0.8333333333333334
8810798,8805883,0,1,1.0,1.0,1.0,1.0,0.8333333333333334
8810826,8805865,0,1,1.0,0.9726549474122848,1.0,1.0,0.8287758245687141
8810663,8805733,0,1,1.0,1.0,1.0,1.0,0.8333333333333334
8810663,8805717,0,1,1.0,1.0,1.0,1.0,0.8333333333333334
8810664,8805733,0,1,1.0,1.0,1.0,1.0,0.8333333333333334
8810664,8805717,0,1,1.0,1.0,1.0,1.0,0.8333333333333334
8811143,8805709,0,1,0.9993763620805105,0.9997227795604652,1.0,1.0,0.833183190273496
8811143,8806228,0,1,1.0,1.0,1.0,0.0,0.6666666666666667
8811142,8806226,0,1,1.0,1.0,1.0,0.0,0.6666666666666667
8811123,8805707,0,1,0.9975077808975292,0.8900140400421461,1.0,1.0,0.8145869701566125
8811123,8806238,0,1,0.9975077808975292,0.8950250709279726,1.0,0.0,0.6487554753042504
8811121,8806216,0,1,0.986506184171339,0.9576032806985737,1.0,0.0,0.6573515774783187
8811091,8806211,0,1,0.9930924954370357,0.9314821318134316,1.0,0.0,0.6540957712084112
8811091,8805703,0,1,0.9982686325973927,0.9507249981811716,1.0,1.0,0.8248322717964274
8788936,8820419,0,1,1.0,1.0,1.0,1.0,0.8333333333333334
8788936,8820244,0,1,1.0,1.0,1.0,1.0,0.8333333333333334
8789145,8820419,0,1,1.0,1.0,1.0,1.0,0.8333333333333334
8789145,8820244,0,1,1.0,1.0,1.0,1.0,0.8333333333333334
8787522,8885297,0,1,0.0008268997191040456,1.640739479395596e-23,1.0,0.0,0.33347114995318405
8787522,8885260,0,1,0.0008268997191040456,1.640739479395596e-23,1.0,0.0,0.33347114995318405
8822007,8885297,0,1,0.25702845666401736,4.895881262065544e-06,1.0,1.0,0.5428388920908798
8822007,8885260,0,1,0.25702845666401736,4.895881262065544e-06,1.0,1.0,0.5428388920908798
8787582,8885297,0,1,0.0008268997191040456,1.640739479395596e-23,1.0,0.0,0.33347114995318405
8787582,8885260,0,1,0.0008268997191040456,1.640739479395596e-23,1.0,0.0,0.33347114995318405
8782214,8885297,0,1,0.0008268997191040456,1.640739479395596e-23,1.0,0.0,0.33347114995318405
8782214,8885260,0,1,0.0008268997191040456,1.640739479395596e-23,1.0,0.0,0.33347114995318405
8782095,8885297,0,1,0.0008268997191040456,1.640739479395596e-23,1.0,0.0,0.33347114995318405
8782095,8885260,0,1,0.0008268997191040456,1.640739479395596e-23,1.0,0.0,0.33347114995318405
8916005,8762487,0,1,0.10584316404531666,1.1795220365879214e-25,1.0,1.0,0.5176405273408862
8916005,8762313,0,1,0.10584316404531666,1.1795220365879214e-25,1.0,1.0,0.5176405273408862
8916191,8762487,0,1,0.10584316404531666,1.1795220365879214e-25,1.0,1.0,0.5176405273408862
8916191,8762313,0,1,0.10584316404531666,1.1795220365879214e-25,1.0,1.0,0.5176405273408862
8907668,8902702,0,1,1.0,1.0,1.0,1.0,0.8333333333333334
8903752,8898779,0,1,0.9930924954370357,0.9395227492140074,1.0,1.0,0.8221025407751738
8903752,8898740,0,1,0.9930924954370357,0.9395227492140074,1.0,1.0,0.8221025407751738
8903783,8898779,0,1,0.9930924954370357,0.9395227492140074,1.0,1.0,0.8221025407751738
8903783,8898740,0,1,0.9930924954370357,0.9395227492140074,1.0,1.0,0.8221025407751738
8906963,8901850,0,1,1.0,1.0,1.0,1.0,0.8333333333333334
8906961,8901850,0,1,1.0,1.0,1.0,1.0,0.8333333333333334
8907657,8902565,0,1,1.0,1.0,1.0,1.0,0.8333333333333334
8906852,8901736,0,1,1.0,1.0,1.0,1.0,0.8333333333333334
8923631,8918037,0,1,1.0,1.0,1.0,1.0,0.8333333333333334
8906967,8901883,0,1,1.0,1.0,1.0,1.0,0.8333333333333334
8907644,8902546,0,1,1.0,1.0,1.0,1.0,0.8333333333333334
8907644,8902547,0,1,1.0,1.0,1.0,1.0,0.8333333333333334
8908543,8903477,0,1,1.0,1.0,1.0,0.0,0.6666666666666667
8908543,8902925,0,1,0.9993763620805105,0.9997227795604652,1.0,1.0,0.833183190273496
8907931,8903477,0,1,0.9993763620805105,0.9997227795604652,1.0,1.0,0.833183190273496
8907931,8902925,0,1,1.0,1.0,1.0,1.0,0.8333333333333334
8907894,8903474,0,1,0.9993763620805105,0.9982686325973926,1.0,1.0,0.8329408324463171
8907894,8902922,0,1,1.0,1.0,1.0,1.0,0.8333333333333334
8908536,8903474,0,1,1.0,1.0,1.0,0.0,0.6666666666666667
8908536,8902922,0,1,0.9993763620805105,0.9982686325973926,1.0,1.0,0.8329408324463171
8907879,8902899,0,1,0.9930924954370357,0.8950250709279731,1.0,1.0,0.8146862610608349
8907879,8903441,0,1,0.9955736831881947,0.8900140400421459,1.0,1.0,0.8142646205383901
8908511,8902899,0,1,0.9982686325973922,0.8744210277920365,1.0,1.0,0.8121149433982381
8908511,8903441,0,1,0.9993763620805105,0.8690433204285111,1.0,0.0,0.6447366137515036
8908518,8903445,0,1,0.9930924954370357,0.9542240809666968,1.0,0.0,0.6578860960672888
8908518,8902909,0,1,0.9900683286467776,0.9433728590053301,1.0,1.0,0.8222401979420179
8907898,8903445,0,1,0.9955736831881947,0.9507249981811742,1.0,1.0,0.8243831135615615
8907898,8902909,0,1,0.9930924954370367,0.9395227492140101,1.0,1.0,0.8221025407751744
8907914,8903448,0,1,0.9999306876841535,0.8900140400421477,1.0,1.0,0.8149907879543835
8907914,8902888,0,1,1.0,0.8950250709279696,1.0,1.0,0.8158375118213282
8908509,8903448,0,1,0.9993763620805105,0.9140848532341931,1.0,0.0,0.6522435358857839
8908509,8902888,0,1,0.9997227795604652,0.9185944677223037,1.0,1.0,0.8197195412137948
8911590,8906852,0,1,1.0,1.0,1.0,1.0,0.8333333333333334
8914879,8908543,0,1,0.9993763620805105,0.9997227795604652,1.0,1.0,0.833183190273496
8914879,8907931,0,1,1.0,1.0,1.0,1.0,0.8333333333333334
8913541,8908543,0,1,1.0,1.0,1.0,0.0,0.6666666666666667
8913541,8907931,0,1,0.9993763620805105,0.9997227795604652,1.0,1.0,0.833183190273496
8913551,8907894,0,1,0.9993763620805105,0.9988915792636801,1.0,1.0,0.8330446568906984
8913551,8908536,0,1,1.0,0.9999306876841536,1.0,0.0,0.6666551146140256
8914890,8907894,0,1,1.0,1.0,1.0,1.0,0.8333333333333334
8914890,8908536,0,1,0.9993763620805105,0.9982686325973926,1.0,1.0,0.8329408324463171
8914872,8907879,0,1,1.0,0.8408964152537145,1.0,1.0,0.8068160692089524
8914872,8908511,0,1,0.9982686325973927,0.8635789603133635,1.0,1.0,0.8103079321517926
8913503,8907879,0,1,0.9993763620805105,0.8523985239484978,1.0,1.0,0.8086291476715014
8913503,8908511,0,1,0.9997227795604652,0.8744210277920365,1.0,0.0,0.6456906345587503
8914849,8908518,0,1,0.9955736831881947,0.9355586476000071,1.0,1.0,0.8218553884647003
8914849,8907898,0,1,0.9930924954370357,0.9395227492140129,1.0,1.0,0.8221025407751746
8913508,8908518,0,1,0.9930924954370357,0.9507249981811767,1.0,0.0,0.6573029156030354
8913508,8907898,0,1,0.9900683286467764,0.9542240809666992,1.0,1.0,0.8240487349355793
8913500,8907914,0,1,0.9988915792636801,0.9314821318134316,1.0,1.0,0.8217289518461852
8913500,8908509,0,1,0.9997227795604651,0.9094712893619925,1.0,0.0,0.6515323448204096
8914844,8907914,0,1,1.0,0.9395227492140074,1.0,1.0,0.8232537915356679
8914844,8908509,0,1,0.9997227795604652,0.918594467722291,1.0,1.0,0.8197195412137926
8918357,8914879,0,1,1.0,1.0,1.0,1.0,0.8333333333333334
8918357,8913541,0,1,0.9993763620805105,0.9997227795604652,1.0,1.0,0.833183190273496
8918336,8914872,0,1,1.0,0.8950250709279722,1.0,1.0,0.8158375118213287
8918336,8913503,0,1,0.9993763620805105,0.8849083818638724,1.0,1.0,0.8140474573240638
8918356,8914849,0,1,0.9930924954370357,0.9395227492140101,1.0,1.0,0.8221025407751744
8918356,8913508,0,1,0.9955736831881947,0.9229983666666941,1.0,1.0,0.8197620083091482
8923611,8917998,0,1,1.0,0.9726549474122866,1.0,1.0,0.8287758245687145
8923606,8917988,0,1,0.9930924954370367,1.0,1.0,1.0,0.8321820825728393
9043381,9038478,0,1,1.0,1.0,1.0,1.0,0.8333333333333334
9438580,9434242,0,1,0.9639966245791618,0.9900683286467772,1.0,0.0,0.6590108255376566
9444119,9438580,0,1,0.9542240809666992,0.9997227795604651,1.0,0.0,0.6589911434211941
9802752,9856303,0,1,0.009226505167418157,0.6417129487814541,1.0,1.0,0.6084899089914788
9764486,9817237,0,1,1.0,1.0,1.0,1.0,0.8333333333333334
9976769,9912862,0,1,1.0,1.0,1.0,1.0,0.8333333333333334
9997110,9931894,0,1,0.0002052969763803014,0.8408964152537145,1.0,1.0,0.6401836187050158
10154701,10143374,0,1,0.9395227492140115,0.8950250709279696,1.0,1.0,0.8057579700236636
10363309,10411793,0,1,0.9726549474122848,0.9930924954370367,1.0,1.0,0.8276245738082203
10510989,10501535,0,1,1.0,1.0,1.0,0.0,0.6666666666666667
10617907,10540163,0,1,0.9955736831881947,0.00023731649484973283,1.0,1.0,0.665968499947174
10855662,10908314,0,1,0.8169954789557975,5.165918056382485e-08,1.0,0.0,0.46949925510249635
11233491,11161069,0,1,0.6345914549576301,0.3327244983018359,1.0,0.0,0.49455265887657773
11175855,11161069,0,1,0.8169954789557975,0.6911640094424177,1.0,0.0,0.5846932480663691
11252866,11248038,0,1,0.9988915792636801,0.9777923342613373,1.0,0.0,0.6627806522541695
11394734,11324484,0,1,0.2520706409126891,0.005495246831902674,1.0,1.0,0.5429276479574321
11734774,11670710,0,1,0.9988915792636801,0.9988915792636801,1.0,1.0,0.83296385975456
11770706,11700605,0,1,0.9966093401292264,0.9944012396427835,1.0,1.0,0.8318350966286684
11995672,11991194,0,1,0.9670081808446851,0.8797100506633206,1.0,1.0,0.807786371918001
12310241,12122715,0,1,0.009226505167418277,3.920889404951556e-10,1.0,0.0,0.33487108425991785
8774424,8763675,0,1,1.0,1.0,1.0,1.0,0.8333333333333334
8835796,8763675,0,1,0.9395227492140129,0.9395227492140115,1.0,1.0,0.813174249738004
8774154,8824802,0,1,1.0,1.0,1.0,1.0,0.8333333333333334
8774154,8763352,0,1,1.0,1.0,1.0,1.0,0.8333333333333334
8789432,8780265,0,1,1.0,1.0,1.0,1.0,0.8333333333333334
8774425,8763674,0,1,1.0,1.0,1.0,1.0,0.8333333333333334
8851105,8780111,0,1,1.0,1.0,1.0,1.0,0.8333333333333334
8789430,8780111,0,1,1.0,1.0,1.0,1.0,0.8333333333333334
8789357,8780067,0,1,1.0,1.0,1.0,1.0,0.8333333333333334
8835823,8763679,0,1,0.9930924954370357,0.8950250709279722,1.0,1.0,0.8146862610608346
8774444,8763679,0,1,1.0,1.0,1.0,1.0,0.8333333333333334
8789544,8789156,0,1,1.0,1.0,1.0,1.0,0.8333333333333334
8789544,8789376,0,1,1.0,1.0,1.0,1.0,0.8333333333333334
8789544,8789380,0,1,1.0,1.0,1.0,1.0,0.8333333333333334
8789544,8789317,0,1,1.0,1.0,1.0,1.0,0.8333333333333334
8789546,8789156,0,1,1.0,1.0,1.0,1.0,0.8333333333333334
8789546,8789376,0,1,1.0,1.0,1.0,1.0,0.8333333333333334
8789546,8789380,0,1,1.0,1.0,1.0,1.0,0.8333333333333334
8789546,8789317,0,1,1.0,1.0,1.0,1.0,0.8333333333333334
8776178,8826904,0,1,0.9395227492140101,0.9930924954370347,1.0,1.0,0.8221025407751741
8776178,8826865,0,1,0.9395227492140101,0.9930924954370347,1.0,1.0,0.8221025407751741
8776108,8826904,0,1,0.9395227492140101,0.9930924954370347,1.0,1.0,0.8221025407751741
8776108,8826865,0,1,0.9395227492140101,0.9930924954370347,1.0,1.0,0.8221025407751741
8794718,8784272,0,1,1.0,1.0,1.0,1.0,0.8333333333333334
8794717,8784271,0,1,1.0,1.0,1.0,1.0,0.8333333333333334
8794685,8784260,0,1,1.0,1.0,1.0,1.0,0.8333333333333334
8789157,8789366,0,1,1.0,1.0,1.0,1.0,0.8333333333333334
8789157,8789358,0,1,1.0,1.0,1.0,1.0,0.8333333333333334
8789318,8789366,0,1,1.0,1.0,1.0,1.0,0.8333333333333334
8789318,8789358,0,1,1.0,1.0,1.0,1.0,0.8333333333333334
8781026,8831853,0,1,0.9993763620805105,0.9997227795604652,1.0,1.0,0.833183190273496
8780384,8831853,0,1,1.0,1.0,1.0,1.0,0.8333333333333334
8780381,8831858,0,1,1.0,1.0,1.0,1.0,0.8333333333333334
8781025,8831858,0,1,0.9993763620805105,0.9982686325973926,1.0,1.0,0.8329408324463171
8781029,8831859,0,1,0.7393861886011085,3.101014935455671e-05,1.0,1.0,0.6232361997917439
8780388,8831859,0,1,0.7120250977985338,2.638358249840899e-05,1.0,1.0,0.6186752468968388
8780428,8831881,0,1,0.21022410381342863,0.013139006488339289,1.0,1.0,0.5372271850502945
8780991,8831881,0,1,0.2190906770731697,0.011425491195316651,1.0,1.0,0.538419361378081
8780391,8831888,0,1,0.43226861565393165,0.0012796810584554648,1.0,1.0,0.5722580494520646
8780976,8831888,0,1,0.43888047687391096,0.0010763776085970767,1.0,1.0,0.5733261424137515
8784693,8836740,0,1,1.0,1.0,1.0,1.0,0.8333333333333334
8784693,8775437,0,1,1.0,1.0,1.0,1.0,0.8333333333333334
8846832,8836740,0,1,1.0,1.0,1.0,1.0,0.8333333333333334
8846832,8775437,0,1,1.0,1.0,1.0,1.0,0.8333333333333334
8846830,8836739,0,1,1.0,1.0,1.0,1.0,0.8333333333333334
8846830,8775447,0,1,1.0,1.0,1.0,1.0,0.8333333333333334
8784692,8836739,0,1,1.0,1.0,1.0,1.0,0.8333333333333334
8784692,8775447,0,1,1.0,1.0,1.0,1.0,0.8333333333333334
8783595,8774424,0,1,1.0,1.0,1.0,1.0,0.8333333333333334
8783595,8835796,0,1,0.9395227492140129,0.9395227492140115,1.0,1.0,0.813174249738004
8783610,8774424,0,1,1.0,1.0,1.0,1.0,0.8333333333333334
8783610,8835796,0,1,0.9395227492140129,0.9395227492140115,1.0,1.0,0.813174249738004
8784718,8836794,0,1,0.8950250709279722,0.08189958774114647,1.0,1.0,0.662820776444853
8784718,8775409,0,1,0.9930924954370359,0.8950250709279767,1.0,1.0,0.8146862610608355
8846853,8836794,0,1,0.9930924954370359,0.8950250709279767,1.0,1.0,0.8146862610608355
8846853,8775409,0,1,0.7791645796605001,0.006389859832482936,1.0,1.0,0.6309257399154973
8847254,8837149,0,1,1.0,1.0,1.0,1.0,0.8333333333333334
8847254,8837201,0,1,1.0,1.0,1.0,1.0,0.8333333333333334
8847254,8775615,0,1,0.9726549474122858,0.9726549474122848,1.0,1.0,0.8242183158040951
8847254,8775669,0,1,0.9726549474122858,0.9726549474122848,1.0,1.0,0.8242183158040951
8847324,8837149,0,1,1.0,1.0,1.0,1.0,0.8333333333333334
8847324,8837201,0,1,1.0,1.0,1.0,1.0,0.8333333333333334
8847324,8775615,0,1,0.9726549474122858,0.9726549474122848,1.0,1.0,0.8242183158040951
8847324,8775669,0,1,0.9726549474122858,0.9726549474122848,1.0,1.0,0.8242183158040951
8785193,8837149,0,1,0.9930924954370361,0.9726549474122848,1.0,1.0,0.8276245738082202
8785193,8837201,0,1,0.9930924954370361,0.9726549474122848,1.0,1.0,0.8276245738082202
8785193,8775615,0,1,0.9930924954370357,1.0,1.0,1.0,0.8321820825728393
8785193,8775669,0,1,0.9930924954370357,1.0,1.0,1.0,0.8321820825728393
8785177,8837149,0,1,0.9930924954370361,0.9726549474122848,1.0,1.0,0.8276245738082202
8785177,8837201,0,1,0.9930924954370361,0.9726549474122848,1.0,1.0,0.8276245738082202
8785177,8775615,0,1,0.9930924954370357,1.0,1.0,1.0,0.8321820825728393
8785177,8775669,0,1,0.9930924954370357,1.0,1.0,1.0,0.8321820825728393
8846813,8836680,0,1,1.0,1.0,1.0,1.0,0.8333333333333334
8846813,8836709,0,1,1.0,1.0,1.0,1.0,0.8333333333333334
8785810,8836680,0,1,0.5703818579342128,0.9930924954370357,1.0,1.0,0.760579058895208
8785810,8836709,0,1,0.5703818579342128,0.9930924954370357,1.0,1.0,0.760579058895208
8783508,8774154,0,1,1.0,1.0,1.0,1.0,0.8333333333333334
8800173,8789432,0,1,0.9930924954370357,0.9726549474122852,1.0,1.0,0.8276245738082202
8783611,8774425,0,1,1.0,1.0,1.0,1.0,0.8333333333333334
8800172,8851105,0,1,1.0,1.0,1.0,1.0,0.8333333333333334
8800172,8789430,0,1,1.0,1.0,1.0,1.0,0.8333333333333334
8800160,8789357,0,1,1.0,1.0,1.0,1.0,0.8333333333333334
8783632,8835823,0,1,0.9930924954370357,0.8950250709279722,1.0,1.0,0.8146862610608346
8783632,8774444,0,1,1.0,1.0,1.0,1.0,0.8333333333333334
8789315,8789544,0,1,1.0,1.0,1.0,1.0,0.8333333333333334
8789315,8789546,0,1,1.0,1.0,1.0,1.0,0.8333333333333334
8851030,8789544,0,1,1.0,1.0,1.0,1.0,0.8333333333333334
8851030,8789546,0,1,1.0,1.0,1.0,1.0,0.8333333333333334
8789154,8789544,0,1,1.0,1.0,1.0,1.0,0.8333333333333334
8789154,8789546,0,1,1.0,1.0,1.0,1.0,0.8333333333333334
8847314,8836692,0,1,0.9993763620805105,0.9997227795604652,1.0,1.0,0.833183190273496
8847314,8775336,0,1,0.9993763620805105,0.9997227795604652,1.0,1.0,0.833183190273496
8847314,8775972,0,1,1.0,1.0,1.0,0.0,0.6666666666666667
8846807,8836692,0,1,1.0,1.0,1.0,1.0,0.8333333333333334
8846807,8775336,0,1,1.0,1.0,1.0,1.0,0.8333333333333334
8846807,8775972,0,1,0.9993763620805105,0.9997227795604652,1.0,1.0,0.833183190273496
8784526,8836692,0,1,1.0,1.0,1.0,1.0,0.8333333333333334
8784526,8775336,0,1,1.0,1.0,1.0,1.0,0.8333333333333334
8784526,8775972,0,1,0.9993763620805105,0.9997227795604652,1.0,1.0,0.833183190273496
8785152,8836692,0,1,0.9993763620805105,0.9997227795604652,1.0,1.0,0.833183190273496
8785152,8775336,0,1,0.9993763620805105,0.9997227795604652,1.0,1.0,0.833183190273496
8785152,8775972,0,1,1.0,1.0,1.0,0.0,0.6666666666666667
8785356,8776178,0,1,1.0,1.0,1.0,1.0,0.8333333333333334
8785356,8776108,0,1,1.0,1.0,1.0,1.0,0.8333333333333334
8785325,8776178,0,1,1.0,1.0,1.0,1.0,0.8333333333333334
8785325,8776108,0,1,1.0,1.0,1.0,1.0,0.8333333333333334
8847501,8776178,0,1,0.9395227492140101,1.0,1.0,1.0,0.8232537915356684
8847501,8776108,0,1,0.9395227492140101,1.0,1.0,1.0,0.8232537915356684
8847436,8776178,0,1,0.9395227492140101,1.0,1.0,1.0,0.8232537915356684
8847436,8776108,0,1,0.9395227492140101,1.0,1.0,1.0,0.8232537915356684
8784528,8836637,0,1,1.0,1.0,1.0,1.0,0.8333333333333334
8784528,8775973,0,1,0.9993763620805105,0.9982686325973926,1.0,1.0,0.8329408324463171
8784528,8775337,0,1,1.0,1.0,1.0,1.0,0.8333333333333334
8847309,8836637,0,1,0.9993763620805105,0.9982686325973926,1.0,1.0,0.8329408324463171
8847309,8775973,0,1,1.0,1.0,1.0,0.0,0.6666666666666667
8847309,8775337,0,1,0.9993763620805105,0.9982686325973926,1.0,1.0,0.8329408324463171
8785153,8836637,0,1,0.9993763620805105,0.9982686325973926,1.0,1.0,0.8329408324463171
8785153,8775973,0,1,1.0,1.0,1.0,0.0,0.6666666666666667
8785153,8775337,0,1,0.9993763620805105,0.9982686325973926,1.0,1.0,0.8329408324463171
8847281,8775976,0,1,0.5917665275847547,1.7965795957485198e-09,1.0,0.0,0.4319610882302224
8847281,8775340,0,1,0.5632705699547349,2.4197413671273133e-09,1.0,1.0,0.5938784287290793
8847281,8836687,0,1,0.9916479925550221,0.6771277734684461,1.0,1.0,0.7781292943372448
8784509,8775976,0,1,0.9824119399331848,0.6841573143426386,1.0,1.0,0.777761542379304
8784509,8775340,0,1,0.9726549474122848,0.712025097798536,1.0,1.0,0.7807800075351367
8784509,8836687,0,1,0.7791645796604989,2.638358249840899e-05,1.0,1.0,0.6298651605404995
8785125,8775976,0,1,0.9777923342613374,0.6771277734684463,1.0,0.0,0.6091533512882972
8785125,8775340,0,1,0.967008180844683,0.7051001047333575,1.0,1.0,0.7786847142630068
8785125,8836687,0,1,0.7920151872424708,2.7847358292116658e-05,1.0,1.0,0.6320071724334604
8784499,8775913,0,1,0.9395227492140129,0.8408964152537145,1.0,1.0,0.7967365274112878
8784499,8836700,0,1,0.21022410381342863,0.01845301033483694,1.0,1.0,0.5381128523580443
8847283,8775913,0,1,0.07562987265782692,0.00027398793760788164,1.0,0.0,0.34598397676590575
8847283,8836700,0,1,0.9883541566162036,0.8169954789557932,1.0,1.0,0.800891605928666
8785130,8775913,0,1,0.9229983666666972,0.8690433204285178,1.0,0.0,0.6320069478492025
8785130,8836700,0,1,0.22820463512511588,0.01559794738433411,1.0,1.0,0.540633763751575
8784527,8836701,0,1,0.43226861565393165,0.000826899719104072,1.0,1.0,0.5721825858955059
8784527,8775912,0,1,0.9752878573818295,0.7257778836956719,1.0,1.0,0.7835109568462503
8784527,8775345,0,1,0.9726549474122848,0.7120250977985241,1.0,1.0,0.7807800075351348
8847289,8836701,0,1,0.9752878573818304,0.7189184330679143,1.0,1.0,0.7823677150749574
8847289,8775912,0,1,0.21909067707316807,5.164385386646114e-07,1.0,0.0,0.36984853225195113
8847289,8775345,0,1,0.2146264818197613,4.5485183210461916e-07,1.0,1.0,0.5357711561119323
8785126,8836701,0,1,0.43888047687391096,0.0007909641898588046,1.0,1.0,0.5732785735106283
8785126,8775912,0,1,0.9726549474122858,0.732601215592522,1.0,0.0,0.6175426938341346
8785126,8775345,0,1,0.969894680035446,0.7189184330679143,1.0,1.0,0.7814688521838934
8789886,8780590,0,1,1.0,1.0,1.0,1.0,0.8333333333333334
8789887,8780591,0,1,1.0,1.0,1.0,1.0,0.8333333333333334
8788663,8779335,0,1,1.0,1.0,1.0,1.0,0.8333333333333334
8789918,8780629,0,1,0.9930924954370359,0.8950250709279696,1.0,1.0,0.8146862610608343
8789339,8780052,0,1,0.9726549474122858,1.0,1.0,1.0,0.8287758245687143
8789351,8780052,0,1,0.9726549474122858,1.0,1.0,1.0,0.8287758245687143
8788431,8779192,0,1,1.0,1.0,1.0,1.0,0.8333333333333334
8788664,8779336,0,1,1.0,1.0,1.0,1.0,0.8333333333333334
8805417,8794717,0,1,1.0,1.0,1.0,1.0,0.8333333333333334
8805399,8794685,0,1,1.0,1.0,1.0,1.0,0.8333333333333334
8788666,8780109,0,1,1.0,1.0,1.0,1.0,0.8333333333333334
8794660,8789157,0,1,1.0,1.0,1.0,1.0,0.8333333333333334
8794660,8789318,0,1,1.0,1.0,1.0,1.0,0.8333333333333334
8794656,8789157,0,1,1.0,1.0,1.0,1.0,0.8333333333333334
8794656,8789318,0,1,1.0,1.0,1.0,1.0,0.8333333333333334
8790140,8781026,0,1,1.0,1.0,1.0,0.0,0.6666666666666667
8790140,8780384,0,1,0.9993763620805105,0.9997227795604652,1.0,1.0,0.833183190273496
8791567,8781026,0,1,0.9993763620805105,0.9997227795604652,1.0,1.0,0.833183190273496
8791567,8780384,0,1,1.0,1.0,1.0,1.0,0.8333333333333334
8790517,8842453,0,1,0.9930924954370357,0.9930924954370347,1.0,1.0,0.831030831812345
8790517,8842486,0,1,0.9930924954370357,0.9930924954370347,1.0,1.0,0.831030831812345
8790517,8781252,0,1,0.9726549474122848,1.0,1.0,1.0,0.8287758245687141
8790517,8781178,0,1,0.9726549474122848,1.0,1.0,1.0,0.8287758245687141
8790483,8842453,0,1,0.9930924954370357,0.9930924954370347,1.0,1.0,0.831030831812345
8790483,8842486,0,1,0.9930924954370357,0.9930924954370347,1.0,1.0,0.831030831812345
8790483,8781252,0,1,0.9726549474122848,1.0,1.0,1.0,0.8287758245687141
8790483,8781178,0,1,0.9726549474122848,1.0,1.0,1.0,0.8287758245687141
8790136,8780381,0,1,0.9993763620805105,0.9997227795604652,1.0,1.0,0.833183190273496
8790136,8781025,0,1,1.0,0.9993763620805105,1.0,0.0,0.6665627270134185
8791558,8780381,0,1,1.0,1.0,1.0,1.0,0.8333333333333334
8791558,8781025,0,1,0.9993763620805105,0.9982686325973926,1.0,1.0,0.8329408324463171
8790127,8781029,0,1,0.9845251733374127,0.6559237414056002,1.0,0.0,0.6067414857905022
8790127,8780388,0,1,0.9752878573818287,0.6345914549576291,1.0,1.0,0.768313218723243
8791571,8781029,0,1,0.9824119399331832,0.6630088348270975,1.0,1.0,0.7742367957933801
8791571,8780388,0,1,0.9726549474122848,0.641712948781452,1.0,1.0,0.7690613160322894
8791545,8780428,0,1,0.8950250709279731,0.8408964152537145,1.0,1.0,0.789320247696948
8791545,8780991,0,1,0.9047555765934853,0.8169954789558018,1.0,1.0,0.7869585092582145
8790122,8780428,0,1,0.9185944677223006,0.8290896414854301,1.0,1.0,0.7912806848679551
8790122,8780991,0,1,0.9272948193868674,0.8046314312209409,1.0,0.0,0.6219877084346348
8791535,8780391,0,1,0.9726549474122848,0.7791645796605036,1.0,1.0,0.791969921178798
8791535,8780976,0,1,0.9752878573818287,0.7528320741440329,1.0,1.0,0.7880199885876435
8790120,8780391,0,1,0.9670081808446851,0.7726569912903034,1.0,1.0,0.7899441953558314
8790120,8780976,0,1,0.969894680035446,0.746130557687016,1.0,0.0,0.6193375396204104
8795203,8784693,0,1,1.0,1.0,1.0,1.0,0.8333333333333334
8795203,8846832,0,1,1.0,1.0,1.0,1.0,0.8333333333333334
8795204,8846830,0,1,1.0,1.0,1.0,1.0,0.8333333333333334
8795204,8784692,0,1,1.0,1.0,1.0,1.0,0.8333333333333334
8795263,8784718,0,1,0.9930924954370359,0.8950250709279696,1.0,1.0,0.8146862610608343
8795263,8846853,0,1,0.8950250709279722,0.08189958774114955,1.0,1.0,0.6628207764448537
8795148,8846813,0,1,0.7791645796605012,0.9930924954370357,1.0,1.0,0.7953761791829228
8795148,8785810,0,1,0.9395227492140115,1.0,1.0,1.0,0.8232537915356687
8795147,8846813,0,1,0.7791645796605012,0.9930924954370357,1.0,1.0,0.7953761791829228
8795147,8785810,0,1,0.9395227492140115,1.0,1.0,1.0,0.8232537915356687
8800152,8789315,0,1,1.0,1.0,1.0,1.0,0.8333333333333334
8800152,8851030,0,1,1.0,1.0,1.0,1.0,0.8333333333333334
8800152,8789154,0,1,1.0,1.0,1.0,1.0,0.8333333333333334
8800139,8789315,0,1,1.0,1.0,1.0,1.0,0.8333333333333334
8800139,8851030,0,1,1.0,1.0,1.0,1.0,0.8333333333333334
8800139,8789154,0,1,1.0,1.0,1.0,1.0,0.8333333333333334
8795729,8847314,0,1,1.0,1.0,1.0,0.0,0.6666666666666667
8795729,8846807,0,1,0.9993763620805105,0.9997227795604652,1.0,1.0,0.833183190273496
8795729,8784526,0,1,0.9993763620805105,0.9997227795604652,1.0,1.0,0.833183190273496
8795729,8785152,0,1,1.0,1.0,1.0,0.0,0.6666666666666667
8794966,8847314,0,1,0.9993763620805105,0.9997227795604652,1.0,1.0,0.833183190273496
8794966,8846807,0,1,1.0,1.0,1.0,1.0,0.8333333333333334
8794966,8784526,0,1,1.0,1.0,1.0,1.0,0.8333333333333334
8794966,8785152,0,1,0.9993763620805105,0.9997227795604652,1.0,1.0,0.833183190273496
8795868,8785356,0,1,0.9395227492140101,0.9930924954370347,1.0,1.0,0.8221025407751741
8795868,8785325,0,1,0.9395227492140101,0.9930924954370347,1.0,1.0,0.8221025407751741
8795868,8847501,0,1,1.0,0.9930924954370347,1.0,1.0,0.8321820825728391
8795868,8847436,0,1,1.0,0.9930924954370347,1.0,1.0,0.8321820825728391
8795735,8784528,0,1,0.9993763620805105,0.9982686325973926,1.0,1.0,0.8329408324463171
8795735,8847309,0,1,1.0,1.0,1.0,0.0,0.6666666666666667
8795735,8785153,0,1,1.0,1.0,1.0,0.0,0.6666666666666667
8794995,8784528,0,1,1.0,1.0,1.0,1.0,0.8333333333333334
8794995,8847309,0,1,0.9993763620805105,0.9982686325973926,1.0,1.0,0.8329408324463171
8794995,8785153,0,1,0.9993763620805105,0.9982686325973926,1.0,1.0,0.8329408324463171
8794957,8847281,0,1,0.8350300375507396,3.451301413164842e-05,1.0,1.0,0.6391774250941451
8794957,8784509,0,1,0.9726549474122848,0.641712948781452,1.0,1.0,0.7690613160322894
8794957,8785125,0,1,0.9777923342613374,0.6488244088299415,1.0,1.0,0.7711027905152131
8795704,8847281,0,1,0.8108460890344918,3.6402574213729355e-05,1.0,0.0,0.46848041526811757
8795704,8784509,0,1,0.9824119399331848,0.6345914549576291,1.0,1.0,0.7695005658151356
8795704,8785125,0,1,0.9865061841713403,0.641712948781452,1.0,0.0,0.6047031888254655
8795714,8784499,0,1,0.8350300375507396,0.8690433204285178,1.0,1.0,0.7840122263298763
8795714,8847283,0,1,0.4191678581001273,0.01360140974094521,1.0,0.0,0.4054615446401787
8795714,8785130,0,1,0.8580300024752288,0.8408964152537145,1.0,0.0,0.6164877362881571
8794984,8784499,0,1,0.8408964152537145,0.8408964152537145,1.0,1.0,0.7802988050845715
8794984,8847283,0,1,0.4126813081535016,0.016135700262844842,1.0,1.0,0.5714695014027245
8794984,8785130,0,1,0.8635789603133625,0.8108460890344875,1.0,1.0,0.7790708415579749
8795718,8784527,0,1,0.9639966245791618,0.7594884868131476,1.0,1.0,0.7872475185653848
8795718,8847289,0,1,0.4589471706920636,0.0006320822839815693,1.0,0.0,0.40992987549600757
8795718,8785126,0,1,0.9670081808446851,0.7528320741440139,1.0,0.0,0.6199733758314498
8794962,8784527,0,1,0.9726549474122866,0.7791645796605036,1.0,1.0,0.7919699211787984
8794962,8847289,0,1,0.43888047687391096,0.0005515961470578132,1.0,1.0,0.5732386788368282
8794962,8785126,0,1,0.9752878573818304,0.7726569912903034,1.0,1.0,0.7913241414453557
8799485,8788663,0,1,0.9726549474122866,0.9395227492140115,1.0,1.0,0.8186962827710497
8799296,8788431,0,1,1.0,1.0,1.0,1.0,0.8333333333333334
8799486,8788664,0,1,1.0,1.0,1.0,1.0,0.8333333333333334
8799495,8788666,0,1,0.9726549474122848,0.8950250709279722,1.0,1.0,0.8112800030567096
8805241,8794660,0,1,1.0,1.0,1.0,1.0,0.8333333333333334
8805241,8794656,0,1,1.0,1.0,1.0,1.0,0.8333333333333334
8805271,8794660,0,1,1.0,1.0,1.0,1.0,0.8333333333333334
8805271,8794656,0,1,1.0,1.0,1.0,1.0,0.8333333333333334
8801698,8790517,0,1,0.9930924954370357,0.9930924954370347,1.0,1.0,0.831030831812345
8801698,8790483,0,1,0.9930924954370357,0.9930924954370347,1.0,1.0,0.831030831812345
8863244,8790517,0,1,0.8950250709279731,0.6417129487814541,1.0,1.0,0.7561230032849046
8863244,8790483,0,1,0.8950250709279731,0.6417129487814541,1.0,1.0,0.7561230032849046
8863329,8790517,0,1,0.8950250709279731,0.6417129487814541,1.0,1.0,0.7561230032849046
8863329,8790483,0,1,0.8950250709279731,0.6417129487814541,1.0,1.0,0.7561230032849046
8801621,8790517,0,1,0.9930924954370357,0.9930924954370347,1.0,1.0,0.831030831812345
8801621,8790483,0,1,0.9930924954370357,0.9930924954370347,1.0,1.0,0.831030831812345
8805884,8795203,0,1,1.0,1.0,1.0,1.0,0.8333333333333334
8805883,8795204,0,1,1.0,1.0,1.0,1.0,0.8333333333333334
8805865,8795263,0,1,0.9930924954370359,0.8950250709279767,1.0,1.0,0.8146862610608355
8805733,8795148,0,1,0.9726549474122858,0.9930924954370357,1.0,1.0,0.8276245738082203
8805733,8795147,0,1,0.9726549474122858,0.9930924954370357,1.0,1.0,0.8276245738082203
8805717,8795148,0,1,0.9726549474122858,0.9930924954370357,1.0,1.0,0.8276245738082203
8805717,8795147,0,1,0.9726549474122858,0.9930924954370357,1.0,1.0,0.8276245738082203
8805709,8795729,0,1,0.9993763620805105,0.9997227795604652,1.0,1.0,0.833183190273496
8805709,8794966,0,1,1.0,1.0,1.0,1.0,0.8333333333333334
8806228,8795729,0,1,1.0,1.0,1.0,0.0,0.6666666666666667
8806228,8794966,0,1,0.9993763620805105,0.9997227795604652,1.0,1.0,0.833183190273496
8806376,8795868,0,1,1.0,1.0,1.0,1.0,0.8333333333333334
8806459,8795868,0,1,1.0,1.0,1.0,1.0,0.8333333333333334
8806226,8795735,0,1,1.0,1.0,1.0,0.0,0.6666666666666667
8806226,8794995,0,1,0.9993763620805105,0.9982686325973926,1.0,1.0,0.8329408324463171
8805707,8794957,0,1,0.9930924954370367,0.641712948781452,1.0,1.0,0.7724675740364148
8805707,8795704,0,1,0.986506184171339,0.6488244088299415,1.0,1.0,0.7725550988335468
8806238,8794957,0,1,0.9930924954370367,0.6345914549576291,1.0,1.0,0.7712806583991109
8806238,8795704,0,1,0.986506184171339,0.641712948781452,1.0,0.0,0.6047031888254653
8806216,8795714,0,1,0.9314821318134286,0.8690433204285101,1.0,0.0,0.6334209087069897
8806216,8794984,0,1,0.9272948193868674,0.8950250709279767,1.0,1.0,0.8037199817191407
8806211,8795718,0,1,0.9670081808446851,0.7660975433143843,1.0,0.0,0.6221842873598449
8806211,8794962,0,1,0.9576032806985737,0.746130557687016,1.0,1.0,0.7839556397309316
8805703,8795718,0,1,0.9507249981811742,0.732601215592522,1.0,1.0,0.7805543689622828
8805703,8794962,0,1,0.9395227492140101,0.7120250977985437,1.0,1.0,0.7752579745020922
8809557,8799296,0,1,1.0,1.0,1.0,1.0,0.8333333333333334
8816415,8806376,0,1,1.0,1.0,1.0,1.0,0.8333333333333334
8816415,8806459,0,1,1.0,1.0,1.0,1.0,0.8333333333333334
8816434,8806376,0,1,1.0,1.0,1.0,1.0,0.8333333333333334
8816434,8806459,0,1,1.0,1.0,1.0,1.0,0.8333333333333334
8759434,8810797,0,1,1.0,1.0,1.0,1.0,0.8333333333333334
8820894,8810797,0,1,1.0,1.0,1.0,1.0,0.8333333333333334
8759436,8810798,0,1,1.0,1.0,1.0,1.0,0.8333333333333334
8820896,8810798,0,1,1.0,1.0,1.0,1.0,0.8333333333333334
8759469,8810826,0,1,0.8408964152537145,0.08189958774114955,1.0,1.0,0.6537993338324772
8820874,8810826,0,1,0.9930924954370357,0.8950250709279696,1.0,1.0,0.8146862610608343
8820759,8810663,0,1,0.9726549474122858,1.0,1.0,1.0,0.8287758245687143
8820759,8810664,0,1,0.9726549474122858,1.0,1.0,1.0,0.8287758245687143
8759006,8810663,0,1,0.8950250709279713,0.7791645796604989,1.0,1.0,0.7790316084314117
8759006,8810664,0,1,0.8950250709279713,0.7791645796604989,1.0,1.0,0.7790316084314117
8820776,8810663,0,1,0.9726549474122858,1.0,1.0,1.0,0.8287758245687143
8820776,8810664,0,1,0.9726549474122858,1.0,1.0,1.0,0.8287758245687143
8758061,8809557,0,1,1.0,1.0,1.0,1.0,0.8333333333333334
8759926,8811143,0,1,1.0,1.0,1.0,0.0,0.6666666666666667
8821266,8811143,0,1,1.0,1.0,1.0,0.0,0.6666666666666667
8761173,8811143,0,1,0.9993763620805105,0.9997227795604652,1.0,1.0,0.833183190273496
8821261,8811142,0,1,1.0,1.0,1.0,0.0,0.6666666666666667
8761165,8811142,0,1,0.9993763620805105,0.9982686325973926,1.0,1.0,0.8329408324463171
8759920,8811142,0,1,1.0,1.0,1.0,0.0,0.6666666666666667
8821247,8811123,0,1,0.9916479925550221,0.698145672315369,1.0,0.0,0.6149656108117318
8759925,8811123,0,1,0.47250450840610625,7.96426085351234e-05,1.0,0.0,0.4120973585024402
8761172,8811123,0,1,0.4589471706920636,7.187751213995424e-05,1.0,1.0,0.5765031747007006
8759874,8811121,0,1,0.11970041008732171,0.016689678801036528,1.0,0.0,0.3560650148147264
8761134,8811121,0,1,0.11399954726259844,0.01559794738433411,1.0,1.0,0.5215995824411555
8821235,8811121,0,1,0.9639966245791597,0.8169954789557932,1.0,0.0,0.6301653505891589
8759863,8811091,0,1,0.4657087843148535,0.0007234094175591784,1.0,0.0,0.41107203228873546
8821249,8811091,0,1,0.969894680035446,0.7594884868131476,1.0,0.0,0.6215638611414323
8761121,8811091,0,1,0.4657087843148535,0.0006041104654043271,1.0,1.0,0.5777188157967097
8918037,8907668,0,1,1.0,1.0,1.0,1.0,0.8333333333333334
8911590,8901736,0,1,1.0,1.0,1.0,1.0,0.8333333333333334
8914879,8903477,0,1,0.9993763620805105,0.9997227795604652,1.0,1.0,0.833183190273496
8914879,8902925,0,1,1.0,1.0,1.0,1.0,0.8333333333333334
8913541,8903477,0,1,1.0,1.0,1.0,0.0,0.6666666666666667
8913541,8902925,0,1,0.9993763620805105,0.9997227795604652,1.0,1.0,0.833183190273496
8913765,8903752,0,1,1.0,0.7791645796605036,1.0,1.0,0.7965274299434172
8913765,8903783,0,1,1.0,0.7791645796605036,1.0,1.0,0.7965274299434172
8913551,8903474,0,1,1.0,0.9999306876841536,1.0,0.0,0.6666551146140256
8913551,8902922,0,1,0.9993763620805105,0.9988915792636801,1.0,1.0,0.8330446568906984
8914890,8903474,0,1,0.9993763620805105,0.9982686325973926,1.0,1.0,0.8329408324463171
8914890,8902922,0,1,1.0,1.0,1.0,1.0,0.8333333333333334
8914872,8902899,0,1,0.9930924954370357,0.5703818579342128,1.0,1.0,0.760579058895208
8914872,8903441,0,1,0.9955736831881947,0.5632705699547375,1.0,1.0,0.759807375523822
8913503,8902899,0,1,0.9966093401292263,0.5846317152228229,1.0,1.0,0.7635401758920083
8913503,8903441,0,1,0.9982686325973927,0.5775028614414273,1.0,0.0,0.5959619156731366
8914849,8903445,0,1,0.9777923342613374,0.7983537221019933,1.0,1.0,0.7960243427272218
8914849,8902909,0,1,0.9726549474122866,0.7791645796604989,1.0,1.0,0.7919699211787976
8913508,8903445,0,1,0.9726549474122848,0.8230773946790535,1.0,0.0,0.632622057015223
8913508,8902909,0,1,0.9670081808446851,0.8046314312209409,1.0,1.0,0.7952732686776044
8913500,8903448,0,1,0.9982686325973922,0.6911640094424227,1.0,0.0,0.6149054403399692
8913500,8902888,0,1,0.9988915792636801,0.6981456723153698,1.0,1.0,0.7828395419298416
8914844,8903448,0,1,0.9999306876841535,0.7051001047333519,1.0,1.0,0.784171798736251
8914844,8902888,0,1,1.0,0.7120250977985241,1.0,1.0,0.7853375162997539
8917998,8907657,0,1,1.0,0.9395227492140101,1.0,1.0,0.8232537915356684
8917988,8907644,0,1,0.9930924954370357,1.0,1.0,1.0,0.8321820825728393
8918357,8908543,0,1,0.9993763620805105,0.9997227795604652,1.0,1.0,0.833183190273496
8918357,8907931,0,1,1.0,1.0,1.0,1.0,0.8333333333333334
8918336,8907879,0,1,1.0,0.5703818579342116,1.0,1.0,0.761730309655702
8918336,8908511,0,1,0.9982686325973927,0.5989053811224593,1.0,1.0,0.7661956689533086
8918356,8908518,0,1,0.9777923342613374,0.7726569912903126,1.0,1.0,0.7917415542586083
8918356,8907898,0,1,0.9726549474122848,0.7791645796604989,1.0,1.0,0.7919699211787973
9034468,8943839,0,1,1.0,1.0,1.0,1.0,0.8333333333333334
9034467,8943840,0,1,1.0,1.0,1.0,1.0,0.8333333333333334
9034469,8943768,0,1,1.0,1.0,1.0,1.0,0.8333333333333334
9034469,8943841,0,1,1.0,1.0,1.0,1.0,0.8333333333333334
9034457,8943768,0,1,1.0,1.0,1.0,1.0,0.8333333333333334
9034457,8943841,0,1,1.0,1.0,1.0,1.0,0.8333333333333334
9034985,8944185,0,1,1.0,1.0,1.0,0.0,0.6666666666666667
9034289,8944178,0,1,0.9752878573818304,0.48619265379012433,1.0,1.0,0.7435800851953258
9034992,8944178,0,1,0.9639966245791618,0.5209078198314465,1.0,0.0,0.580817407401768
9034967,8944157,0,1,0.5349589144501421,6.198939498186947e-15,1.0,0.0,0.42249315240835805
9034948,8944161,0,1,0.2620474545042837,2.246614908725146e-09,1.0,0.0,0.37700790945848306
9358919,9339270,0,1,0.6488244088299422,0.4062388158812125,1.0,0.0,0.5091772041185259
9444119,9434242,0,1,0.8466866224839982,0.9865061841713391,1.0,0.0,0.6388654677758896
9687605,9676253,0,1,0.8744210277920356,0.9726549474122848,1.0,1.0,0.8078459958673867
9911698,9887441,0,1,1.0,1.0,1.0,0.0,0.6666666666666667
9997816,9927411,0,1,0.7461305576870207,0.07562987265782692,1.0,0.0,0.47029340505747463
10837177,10818154,0,1,0.9988915792636801,0.9988915792636801,1.0,1.0,0.83296385975456
11075836,11117918,0,1,1.0,1.0,1.0,0.0,0.6666666666666667
11214492,11262101,0,1,0.5349589144501395,0.5561708356146773,1.0,0.0,0.5151882916774695
11471672,11338218,0,1,0.10584316404531477,0.10584316404531595,1.0,1.0,0.5352810546817717
11921055,11905445,0,1,0.9639966245791608,0.7051001047333618,1.0,0.0,0.611516121552087
12148903,12134127,0,1,0.9916479925550221,0.5490844652094037,1.0,0.0,0.5901220762940709
