MAROB_ID,IID,MESSZEIT,MESSZEIT_UNIX_TS,GEOGR_BREITE,GEOGR_LAENGE,KENNUNG,FAHRTRICHTUNG,FAHRTGESCHWINDIGKEIT,LUFTTEMPERATUR,TAUPUNKTTEMPERATUR,REL_FEUCHTE,LUFTDRUCK_REDUZIERT,HORIZONTALE_SICHT,WETTER,VERLAUF1,VERLAUF2
8396683,10256,2019-04-12 00:00,1555027200,11,110.4,A8AW2,225,7,29,29,,1012,20000,1,0,0
8396660,256,2019-04-12 00:00,1555027200,11,110.4,A8AW2,225,7,29,29,,1012,20010,1,0,0
8518552,10256,2019-04-13 00:00,1555113600,6.9,107.7,A8AW2,225,7,29,27.7,,1013,20000,1,0,0
8518639,256,2019-04-13 00:00,1555113600,6.9,107.7,A8AW2,225,7,29,27.7,,1013,20010,1,0,0
8576765,10256,2019-04-13 12:00,1555156800,5,106.3,A8AW2,225,7,29,,,1011,20000,510,2,2
8576731,256,2019-04-13 12:00,1555156800,5,106.3,A8AW2,225,7,29,,,1011,20010,510,2,2
8643650,10256,2019-04-14 00:00,1555200000,2.9,105.1,A8AW2,225,7,29,,,1012,20000,510,2,2
8643577,256,2019-04-14 00:00,1555200000,2.9,105.1,A8AW2,225,7,29,,,1012,20010,510,2,2
9149759,10256,2019-04-18 00:00,1555545600,6.1,91.7,A8AW2,270,7,29,,,1011,20000,510,1,1
9149727,256,2019-04-18 00:00,1555545600,6.1,91.7,A8AW2,270,7,29,,,1011,20010,510,1,1
9211455,10256,2019-04-18 12:00,1555588800,6,89.1,A8AW2,270,7,31,,,1011,20000,510,2,2
9211532,256,2019-04-18 12:00,1555588800,6,89.1,A8AW2,270,7,31,,,1011,20010,510,2,2
9273070,10256,2019-04-19 00:00,1555632000,5.9,86.6,A8AW2,270,7,29,,,1011,20000,510,1,1
9273066,256,2019-04-19 00:00,1555632000,5.9,86.6,A8AW2,270,7,29,,,1011,20010,510,1,1
9304325,10256,2019-04-19 06:00,1555653600,5.9,85,A8AW2,270,7,33.5,26.2,,1013,20000,3,1,1
9304420,256,2019-04-19 06:00,1555653600,5.9,85,A8AW2,270,7,33.5,26.2,,1013,20010,3,1,1
9335811,10256,2019-04-19 12:00,1555675200,5.9,83.7,A8AW2,270,7,32,,,1010,20000,510,2,2
9335862,256,2019-04-19 12:00,1555675200,5.9,83.7,A8AW2,270,7,32,,,1010,20010,510,2,2
9378114,10256,2019-04-19 18:00,1555696800,5.8,82.3,A8AW2,270,7,29,27,,1010,20000,3,1,1
9378008,256,2019-04-19 18:00,1555696800,5.8,82.3,A8AW2,270,7,29,27,,1010,20010,3,1,1
9406197,10256,2019-04-20 00:00,1555718400,5.8,81,A8AW2,270,7,28,,,1009,20000,510,1,1
9406246,256,2019-04-20 00:00,1555718400,5.8,81,A8AW2,270,7,28,,,1009,20010,510,1,1
9425343,10256,2019-04-20 06:00,1555740000,6,79.6,A8AW2,315,7,32,30.7,,1011,20000,62,6,1
9425318,256,2019-04-20 06:00,1555740000,6,79.6,A8AW2,315,7,32,30.7,,1011,20010,62,6,1
9462414,10256,2019-04-20 12:00,1555761600,6.8,78.4,A8AW2,315,7,32,,,1008,20000,510,1,1
9462279,256,2019-04-20 12:00,1555761600,6.8,78.4,A8AW2,315,7,32,,,1008,20010,510,1,1
9524728,10256,2019-04-21 00:00,1555804800,8.6,76.4,A8AW2,315,7,25,,,1010,20000,29,9,8
9524685,256,2019-04-21 00:00,1555804800,8.6,76.4,A8AW2,315,7,25,,,1010,20010,29,9,8
9550344,10256,2019-04-21 06:00,1555826400,9.8,75.8,A8AW2,315,7,30,28.7,,1011,20000,60,6,6
9550376,256,2019-04-21 06:00,1555826400,9.8,75.8,A8AW2,315,7,30,28.7,,1011,20010,60,6,6
9586917,10256,2019-04-21 12:00,1555848000,11.1,75.2,A8AW2,315,7,31,,,1008,20000,510,1,1
9586857,256,2019-04-21 12:00,1555848000,11.1,75.2,A8AW2,315,7,31,,,1008,20010,510,1,1
9612252,10256,2019-04-21 18:00,1555869600,12.3,74.7,A8AW2,315,7,28,26.7,,1010,10000,2,0,0
9612198,256,2019-04-21 18:00,1555869600,12.3,74.7,A8AW2,315,7,28,26.7,,1010,10010,2,0,0
9648591,10256,2019-04-22 00:00,1555891200,13.4,74.1,A8AW2,315,7,28,,,1009,20000,510,1,1
9648503,256,2019-04-22 00:00,1555891200,13.4,74.1,A8AW2,315,7,28,,,1009,20010,510,1,1
9679541,10256,2019-04-22 06:00,1555912800,14.6,73.6,A8AW2,315,7,33,29.1,,1011,10000,5,0,0
9679477,256,2019-04-22 06:00,1555912800,14.6,73.6,A8AW2,315,7,33,29.1,,1011,10010,5,0,0
9710407,10256,2019-04-22 12:00,1555934400,15.9,73,A8AW2,315,7,30,,,1008,20000,510,1,1
9710437,256,2019-04-22 12:00,1555934400,15.9,73,A8AW2,315,7,30,,,1008,20010,510,1,1
9740149,10256,2019-04-22 18:00,1555956000,17.3,72.7,A8AW2,360,7,28,26.7,,1010,10000,1,0,0
9740202,256,2019-04-22 18:00,1555956000,17.3,72.7,A8AW2,360,7,28,26.7,,1010,10010,1,0,0
9919462,10256,2019-04-24 06:00,1556085600,19.3,72.4,A8AW2,360,7,32,29.4,,1012,10000,1,0,0
9919414,256,2019-04-24 06:00,1556085600,19.3,72.4,A8AW2,360,7,32,29.4,,1012,10010,1,0,0
9974587,10256,2019-04-24 18:00,1556128800,20.4,70.5,A8AW2,315,7,26,24.6,,1010,10000,2,0,0
9974636,256,2019-04-24 18:00,1556128800,20.4,70.5,A8AW2,315,7,26,24.6,,1010,10010,2,0,0
10040770,10256,2019-04-25 06:00,1556172000,21.9,68.9,A8AW2,360,7,32,30.7,,1014,10000,1,0,0
10040733,256,2019-04-25 06:00,1556172000,21.9,68.9,A8AW2,360,7,32,30.7,,1014,10010,1,0,0
10280569,10256,2019-04-27 06:00,1556344800,20.3,70.9,A8AW2,90,7,31,28.4,,1010,10000,5,0,0
10280618,256,2019-04-27 06:00,1556344800,20.3,70.9,A8AW2,90,7,31,28.4,,1010,10010,5,0,0
7244104,10256,2019-04-02 06:00,1554184800,-37,124.1,A8AX8,90,9,16.5,9.9,,1019.3,20000,3,0,0
7244673,256,2019-04-02 06:00,1554184800,-37,124.1,A8AX8,90,9,16.5,9.9,,1019.3,20010,3,0,0
7366264,10256,2019-04-03 06:00,1554271200,-38.1,132.7,A8AX8,90,9,14.2,5.5,,1028.1,20000,2,1,1
7366497,256,2019-04-03 06:00,1554271200,-38.1,132.7,A8AX8,90,9,14.2,5.5,,1028.1,20010,2,1,1
7899714,10256,2019-04-06 21:00,1554584400,12.5,-72.1,A8CG6,90,7,28,23.7,,1012,10000,509,,
7900175,256,2019-04-06 21:00,1554584400,12.5,-72.1,A8CG6,90,7,28,23.7,,1012,10010,509,,
7899656,256,2019-04-06 21:00,1554584400,12.5,-72.1,A8CG6,90,7,28,23.7,,1012,10010,509,,
8153089,10256,2019-04-09 08:00,1554796799,9.2,-56.8,A8CG6,135,9,27,22.6,,1014,20000,2,0,0
8153189,256,2019-04-09 08:00,1554796799,9.2,-56.8,A8CG6,135,9,27,22.6,,1014,20010,2,0,0
8153088,10256,2019-04-09 20:00,1554839999,7.4,-54.1,A8CG6,135,9,30,22.7,,1013,20000,2,2,2
8153188,256,2019-04-09 20:00,1554839999,7.4,-54.1,A8CG6,135,9,30,22.7,,1013,20010,2,2,2
8385492,10256,2019-04-11 19:00,1555009200,0.7,-43.7,A8CG6,135,9,30,22.7,,1012,10000,5,4,4
8385539,256,2019-04-11 19:00,1555009200,0.7,-43.7,A8CG6,135,9,30,22.7,,1012,10010,5,4,4
8606879,10256,2019-04-13 07:00,1555138800,-4.4,-35.7,A8CG6,135,7,28,23.7,,1011,20000,2,0,0
8606860,256,2019-04-13 07:00,1555138800,-4.4,-35.7,A8CG6,135,7,28,23.7,,1011,20010,2,0,0
8686936,10256,2019-04-14 07:00,1555225200,-9.9,-35.1,A8CG6,180,7,27.5,21.6,,1013,20000,2,1,1
8686944,256,2019-04-14 07:00,1555225200,-9.9,-35.1,A8CG6,180,7,27.5,21.6,,1013,20010,2,1,1
8813340,10256,2019-04-15 07:00,1555311600,-16.2,-36.9,A8CG6,180,9,28,21.3,,1014,10000,60,6,6
8813356,256,2019-04-15 07:00,1555311600,-16.2,-36.9,A8CG6,180,9,28,21.3,,1014,10010,60,6,6
8859804,10256,2019-04-15 19:00,1555354800,-19.3,-38.1,A8CG6,225,9,31,25.4,,1016,20000,3,2,2
8859851,256,2019-04-15 19:00,1555354800,-19.3,-38.1,A8CG6,225,9,31,25.4,,1016,20010,3,2,2
9252388,10256,2019-04-18 19:00,1555614000,-27.9,-48.2,A8CG6,225,7,27.5,22.4,,1013,20000,2,0,0
9252370,256,2019-04-18 19:00,1555614000,-27.9,-48.2,A8CG6,225,7,27.5,22.4,,1013,20010,2,0,0
9330378,10256,2019-04-19 07:00,1555657200,-30.7,-50.1,A8CG6,225,9,22,18.9,,1013,20000,2,1,1
9330407,256,2019-04-19 07:00,1555657200,-30.7,-50.1,A8CG6,225,9,22,18.9,,1013,20010,2,1,1
9388064,10256,2019-04-19 19:00,1555700400,-33.5,-52.2,A8CG6,225,9,23,16.5,,1011,20000,2,2,2
9388087,256,2019-04-19 19:00,1555700400,-33.5,-52.2,A8CG6,225,9,23,16.5,,1011,20010,2,2,2
10115590,10256,2019-04-24 19:00,1556132400,-33.7,-52.6,A8CG6,45,7,20,13,,1023,20000,2,0,0
10115558,256,2019-04-24 19:00,1556132400,-33.7,-52.6,A8CG6,45,7,20,13,,1023,20010,2,0,0
10590633,10256,2019-04-29 19:00,1556564400,-23.4,-43.8,A8CG6,45,7,27,21,,1014,20000,2,2,2
10590628,256,2019-04-29 19:00,1556564400,-23.4,-43.8,A8CG6,45,7,27,21,,1014,20010,2,2,2
7240958,10256,2019-04-02 06:00,1554184800,2,-5.1,A8CH2,135,9,30,16.3,,1000.8,10000,3,1,1
7241005,256,2019-04-02 06:00,1554184800,2,-5.1,A8CH2,135,9,30,16.3,,1000.8,10010,3,1,1
7295186,256,2019-04-02 15:00,1554217200,0.7,-2.9,A8CH2,135,9,31,27.1,,1008,20010,3,2,2
7302385,10256,2019-04-02 18:00,1554228000,0.2,-2.2,A8CH2,135,9,30,30,,1000.8,10000,1,2,2
7302411,256,2019-04-02 18:00,1554228000,0.2,-2.2,A8CH2,135,9,30,30,,1000.8,10010,1,2,2
7363604,10256,2019-04-03 06:00,1554271200,-1.4,0.6,A8CH2,135,9,30,16.3,,1000.9,10000,3,2,2
7363520,256,2019-04-03 06:00,1554271200,-1.4,0.6,A8CH2,135,9,30,16.3,,1000.9,10010,3,2,2
7431147,10256,2019-04-03 19:00,1554318000,-3.4,3.9,A8CH2,135,9,29,27.7,,1008,10000,3,1,1
7431431,256,2019-04-03 19:00,1554318000,-3.4,3.9,A8CH2,135,9,29,27.7,,1008,10010,3,1,1
7483750,10256,2019-04-04 06:00,1554357600,-5,6.5,A8CH2,135,9,20.9,20.8,,1000.9,10000,1,1,1
7483751,256,2019-04-04 06:00,1554357600,-5,6.5,A8CH2,135,9,20.9,20.8,,1000.9,10010,1,1,1
7507127,10256,2019-04-04 10:00,1554372000,-5.7,7.7,A8CH2,135,9,31,29.7,,1009,10000,3,1,1
7507124,256,2019-04-04 10:00,1554372000,-5.7,7.7,A8CH2,135,9,31,29.7,,1009,10010,3,1,1
7539768,10256,2019-04-04 18:00,1554400800,-6.8,9.6,A8CH2,135,9,30,16.3,,1000.6,4000,2,2,2
7539773,256,2019-04-04 18:00,1554400800,-6.8,9.6,A8CH2,135,9,30,16.3,,1000.6,4010,2,2,2
8077650,10256,2019-04-09 07:00,1554793200,-8.7,13.2,A8CH2,135,1,28,26.7,,1012,10000,3,1,1
8077649,256,2019-04-09 07:00,1554793200,-8.7,13.2,A8CH2,135,2,28,26.7,,1012,10010,3,1,1
8551632,10256,2019-04-13 07:00,1555138800,-8.7,13.2,A8CH2,225,1,28,26.7,,1011,10000,3,1,1
8551637,256,2019-04-13 07:00,1555138800,-8.7,13.2,A8CH2,225,2,28,26.7,,1011,10010,3,1,1
8672728,10256,2019-04-14 07:00,1555225200,-8.7,13.2,A8CH2,45,1,29,27.7,,1012,10000,1,1,1
8672638,256,2019-04-14 07:00,1555225200,-8.7,13.2,A8CH2,45,2,29,27.7,,1012,10010,1,1,1
8798229,10256,2019-04-15 07:00,1555311600,-8.7,13.2,A8CH2,45,1,28,26.7,,1013,10000,1,1,1
8798222,256,2019-04-15 07:00,1555311600,-8.7,13.2,A8CH2,45,2,28,26.7,,1013,10010,1,1,1
8921575,10256,2019-04-16 07:00,1555398000,-8.7,13.2,A8CH2,90,1,28,26.7,,1012,10000,3,1,1
8921579,256,2019-04-16 07:00,1555398000,-8.7,13.2,A8CH2,90,2,28,26.7,,1012,10010,3,1,1
9056375,10256,2019-04-17 07:00,1555484400,-8.7,13.2,A8CH2,90,1,28,26.7,,1012,10000,3,1,1
9056397,256,2019-04-17 07:00,1555484400,-8.7,13.2,A8CH2,90,2,28,26.7,,1012,10010,3,1,1
9178746,10256,2019-04-18 07:00,1555570800,-8.7,13.2,A8CH2,135,1,27,25.7,,1012,10000,3,1,1
9178737,256,2019-04-18 07:00,1555570800,-8.7,13.2,A8CH2,135,2,27,25.7,,1012,10010,3,1,1
9305971,10256,2019-04-19 07:00,1555657200,-8.7,13.2,A8CH2,360,1,29,27.7,,1012,10000,3,1,1
9305937,256,2019-04-19 07:00,1555657200,-8.7,13.2,A8CH2,360,2,29,27.7,,1012,10010,3,1,1
9432551,10256,2019-04-20 07:00,1555743600,-8.7,13.2,A8CH2,45,1,28,26.7,,1011,10000,3,1,1
9432553,256,2019-04-20 07:00,1555743600,-8.7,13.2,A8CH2,45,2,28,26.7,,1011,10010,3,1,1
9554070,10256,2019-04-21 07:00,1555830000,-8.7,13.2,A8CH2,225,1,27,25.7,,1011,10000,3,1,1
9554093,256,2019-04-21 07:00,1555830000,-8.7,13.2,A8CH2,225,2,27,25.7,,1011,10010,3,1,1
9680108,10256,2019-04-22 07:00,1555916400,-8.7,13.2,A8CH2,225,1,27,25.7,,1011,10000,3,1,1
9680110,256,2019-04-22 07:00,1555916400,-8.7,13.2,A8CH2,225,2,27,25.7,,1011,10010,3,1,1
9800632,10256,2019-04-23 07:00,1556002800,-8.7,13.2,A8CH2,225,1,28,26.7,,1011,10000,3,1,1
9800637,256,2019-04-23 07:00,1556002800,-8.7,13.2,A8CH2,225,2,28,26.7,,1011,10010,3,1,1
9918122,10256,2019-04-24 07:00,1556089200,-7.8,11.2,A8CH2,315,7,29,27.7,,1012,10000,3,1,1
9918134,256,2019-04-24 07:00,1556089200,-7.8,11.2,A8CH2,315,7,29,27.7,,1012,10010,3,1,1
10038888,10256,2019-04-25 07:00,1556175600,-6.4,9,A8CH2,270,1,28,26.7,,1014,10000,3,1,1
10038866,256,2019-04-25 07:00,1556175600,-6.4,9,A8CH2,270,2,28,26.7,,1014,10010,3,1,1
10160138,10256,2019-04-26 07:00,1556262000,-6.2,8.8,A8CH2,270,1,29,27.7,,1012,10000,3,1,1
10160066,256,2019-04-26 07:00,1556262000,-6.2,8.8,A8CH2,270,2,29,27.7,,1012,10010,3,1,1
10273945,10256,2019-04-27 06:00,1556344800,-4.7,8.3,A8CH2,225,4,20.8,20.7,,1010.1,4000,2,2,2
10273659,256,2019-04-27 06:00,1556344800,-4.7,8.3,A8CH2,225,4,20.8,20.7,,1010.1,4010,2,2,2
10333126,10256,2019-04-27 18:00,1556388000,-3,8,A8CH2,360,4,20.9,20.8,,1010,4000,2,2,2
10333121,256,2019-04-27 18:00,1556388000,-3,8,A8CH2,360,4,20.9,20.8,,1010,4010,2,2,2
10518812,10256,2019-04-29 07:00,1556521200,3.4,7.1,A8CH2,360,7,30,28.7,,1011,10000,3,1,1
10518822,256,2019-04-29 07:00,1556521200,3.4,7.1,A8CH2,360,7,30,28.7,,1011,10010,3,1,1
7281765,10256,2019-04-02 12:00,1554206400,35.3,-6.6,A8CI9,225,9,16,,,1018,10000,3,2,2
7281774,256,2019-04-02 12:00,1554206400,35.3,-6.6,A8CI9,225,9,16,,,1018,10010,3,2,2
7401162,10256,2019-04-03 12:00,1554292800,30.2,-11.5,A8CI9,270,9,18,,,1010,10000,3,2,2
7401199,256,2019-04-03 12:00,1554292800,30.2,-11.5,A8CI9,270,9,18,,,1010,10010,3,2,2
7515727,10256,2019-04-04 12:00,1554379200,24.8,-15.6,A8CI9,225,9,20,,,1016,10000,3,1,1
7515863,256,2019-04-04 12:00,1554379200,24.8,-15.6,A8CI9,225,9,20,,,1016,10010,3,1,1
7632975,10256,2019-04-05 12:00,1554465600,18.6,-17.5,A8CI9,180,7,21,,,1019,10000,1,1,1
7632938,256,2019-04-05 12:00,1554465600,18.6,-17.5,A8CI9,180,7,21,,,1019,10010,1,1,1
7761415,10256,2019-04-06 12:00,1554552000,12.6,-17.5,A8CI9,180,7,20,,,1015,4000,10,1,1
7761393,256,2019-04-06 12:00,1554552000,12.6,-17.5,A8CI9,180,7,20,,,1015,4010,10,1,1
7881462,10256,2019-04-07 12:00,1554638400,7.9,-14.5,A8CI9,135,7,27,,,1014,10000,2,1,1
7881466,256,2019-04-07 12:00,1554638400,7.9,-14.5,A8CI9,135,7,27,,,1014,10010,2,1,1
8005096,10256,2019-04-08 12:00,1554724800,4.8,-9.4,A8CI9,135,7,29,,,1014,10000,3,2,2
8005127,256,2019-04-08 12:00,1554724800,4.8,-9.4,A8CI9,135,7,29,,,1014,10010,3,2,2
8101523,10256,2019-04-09 12:00,1554811200,4.3,-3.9,A8CI9,90,7,30,,,1013,10000,3,1,1
8101564,256,2019-04-09 12:00,1554811200,4.3,-3.9,A8CI9,90,7,30,,,1013,10010,3,1,1
8220072,10256,2019-04-10 12:00,1554897600,5.7,1.9,A8CI9,90,7,34,27.5,,1012,10000,3,2,2
8220052,256,2019-04-10 12:00,1554897600,5.7,1.9,A8CI9,90,7,34,27.5,,1012,10010,3,2,2
9103588,10256,2019-04-17 15:00,1555513200,5.2,0,A8CI9,270,7,31,,,1010,10000,3,2,2
9103578,256,2019-04-17 15:00,1555513200,5.2,0,A8CI9,270,7,31,,,1010,10010,3,2,2
10080144,10256,2019-04-25 15:00,1556204400,6.1,-11.7,A8CI9,315,7,30,,,1011,10000,3,2,2
10080131,256,2019-04-25 15:00,1556204400,6.1,-11.7,A8CI9,315,7,30,,,1011,10010,3,2,2
10186640,10256,2019-04-26 12:00,1556280000,8.6,-15.4,A8CI9,315,7,27,,,1014,10000,2,1,1
10186696,256,2019-04-26 12:00,1556280000,8.6,-15.4,A8CI9,315,7,27,,,1014,10010,2,1,1
10310439,10256,2019-04-27 12:00,1556366400,13,-17.5,A8CI9,360,7,25,,,1011,4000,10,,
10310318,256,2019-04-27 12:00,1556366400,13,-17.5,A8CI9,360,7,25,,,1011,4010,10,,
10424479,10256,2019-04-28 12:00,1556452800,17.7,-17.5,A8CI9,360,7,22,,,1014,10000,1,1,1
10424522,256,2019-04-28 12:00,1556452800,17.7,-17.5,A8CI9,360,7,22,,,1014,10010,1,1,1
10547406,10256,2019-04-29 12:00,1556539200,22.3,-17.3,A8CI9,45,7,20,,,1015,10000,2,1,1
10547265,256,2019-04-29 12:00,1556539200,22.3,-17.3,A8CI9,45,7,20,,,1015,10010,2,1,1
10667300,10256,2019-04-30 12:00,1556625600,26.3,-14.6,A8CI9,45,7,20,,,1015,10000,3,2,2
10667405,256,2019-04-30 12:00,1556625600,26.3,-14.6,A8CI9,45,7,20,,,1015,10010,3,2,2
10779020,10256,2019-05-01 12:00,1556712000,30,-11.7,A8CI9,45,7,18,,,1013,10000,3,2,2
10779009,256,2019-05-01 12:00,1556712000,30,-11.7,A8CI9,45,7,18,,,1013,10010,3,2,2
10746019,10256,2019-05-01 06:00,1556690400,38.3,13.7,A8DM9,270,4,18.4,13.3,,1015.1,20000,1,0,0
10745914,256,2019-05-01 06:00,1556690400,38.3,13.7,A8DM9,270,4,18.4,13.3,,1015.1,20010,1,0,0
10774233,10256,2019-05-01 12:00,1556712000,38.3,12.4,A8DM9,270,7,19,15.9,,1017,20000,1,0,0
10774357,256,2019-05-01 12:00,1556712000,38.3,12.4,A8DM9,270,7,19,15.9,,1017,20010,1,0,0
10802697,10256,2019-05-01 18:00,1556733600,38.3,11,A8DM9,270,4,17,13.7,,1016.2,20000,2,0,0
10802671,256,2019-05-01 18:00,1556733600,38.3,11,A8DM9,270,4,17,13.7,,1016.2,20010,2,0,0
7901709,10256,2019-04-07 17:00,1554656399,38.9,-25.5,A8EG9,225,9,14,,,1017.5,10000,2,2,2
7901907,256,2019-04-07 17:00,1554656399,38.9,-25.5,A8EG9,225,9,14,,,1017.5,10010,2,2,2
7938792,10256,2019-04-08 00:00,1554681600,37.5,-27.7,A8EG9,225,9,14,8,,1022.1,10000,3,1,1
7939105,256,2019-04-08 00:00,1554681600,37.5,-27.7,A8EG9,225,9,14,8,,1022.1,10010,3,1,1
7966761,10256,2019-04-08 06:00,1554703200,36.6,-29.4,A8EG9,225,9,14,,,1023.2,10000,2,1,1
8000782,10256,2019-04-08 12:00,1554724800,35.5,-31.3,A8EG9,225,9,17.5,5.1,,1023.8,20000,1,1,1
8001482,256,2019-04-08 12:00,1554724800,35.5,-31.3,A8EG9,225,9,17.5,5.1,,1023.8,20010,1,1,1
8047160,10256,2019-04-09 00:00,1554768000,33.7,-34.4,A8EG9,225,9,18,15.5,,1021.2,20000,50,0,0
8047406,256,2019-04-09 00:00,1554768000,33.7,-34.4,A8EG9,225,9,18,15.5,,1021.2,20010,50,0,0
8069557,10256,2019-04-09 06:00,1554789600,32.9,-32.8,A8EG9,225,7,20,,,1019.8,20000,2,0,0
8100011,10256,2019-04-09 12:00,1554811200,31.9,-37.5,A8EG9,225,9,21.5,13.8,,1021,20000,3,1,1
8100184,256,2019-04-09 12:00,1554811200,31.9,-37.5,A8EG9,225,9,21.5,13.8,,1021,20010,3,1,1
8156445,10256,2019-04-10 00:00,1554854400,30.5,-40.6,A8EG9,225,9,22,18,,1021,20000,3,2,2
8156932,256,2019-04-10 00:00,1554854400,30.5,-40.6,A8EG9,225,9,22,18,,1021,20010,3,2,2
8180428,10256,2019-04-10 06:00,1554876000,29.7,-52.1,A8EG9,225,9,23,,,1020.3,10000,510,,
8208800,10256,2019-04-10 12:00,1554897600,28.8,-43.8,A8EG9,225,9,23.5,18,,1022.3,20000,3,1,1
8209014,256,2019-04-10 12:00,1554897600,28.8,-43.8,A8EG9,225,9,23.5,18,,1022.3,20010,3,1,1
8260369,10256,2019-04-11 00:00,1554940800,27.2,-46.8,A8EG9,225,9,22.5,16.8,,1024,20000,2,2,2
8261425,256,2019-04-11 00:00,1554940800,27.2,-46.8,A8EG9,225,9,22.5,16.8,,1024,20010,2,2,2
8321843,10256,2019-04-11 12:00,1554984000,25.5,-49.9,A8EG9,225,9,25,17,,1023.3,20000,1,2,2
8321900,256,2019-04-11 12:00,1554984000,25.5,-49.9,A8EG9,225,9,25,17,,1023.3,20010,1,2,2
8383857,10256,2019-04-12 00:00,1555027200,23.5,-53.3,A8EG9,225,9,23,18.3,,1022.6,20000,3,1,1
8444987,10256,2019-04-12 12:00,1555070400,21.5,-56.6,A8EG9,225,9,25.5,20.2,,1021.2,20000,3,1,1
8446026,256,2019-04-12 12:00,1555070400,21.5,-56.6,A8EG9,225,9,25.5,20.2,,1021.2,20010,3,1,1
8475386,10256,2019-04-12 18:00,1555092000,20.5,-58.2,A8EG9,225,9,28,,,1019.9,20000,3,1,1
8475613,256,2019-04-12 18:00,1555092000,20.5,-58.2,A8EG9,225,9,28,,,1019.9,20010,3,1,1
8509874,10256,2019-04-13 00:00,1555113600,19.5,-59.9,A8EG9,225,9,24.5,19.9,,1019.3,20000,3,1,1
8510893,256,2019-04-13 00:00,1555113600,19.5,-59.9,A8EG9,225,9,24.5,19.9,,1019.3,20010,3,1,1
8543191,10256,2019-04-13 06:00,1555135200,18.5,-61.5,A8EG9,225,9,25.5,,,1017.8,10000,2,1,1
8543495,256,2019-04-13 06:00,1555135200,18.5,-61.5,A8EG9,225,9,25.5,,,1017.8,10010,2,1,1
8580334,10256,2019-04-13 13:00,1555160400,17.2,-63.2,A8EG9,225,9,26.5,21.3,,1018.6,20000,3,1,1
8580584,256,2019-04-13 13:00,1555160400,17.2,-63.2,A8EG9,225,9,26.5,21.3,,1018.6,20010,3,1,1
8642025,10256,2019-04-14 01:00,1555203600,15.6,-66.5,A8EG9,225,9,26,23.1,,1015.7,20000,3,1,1
8642204,256,2019-04-14 01:00,1555203600,15.6,-66.5,A8EG9,225,9,26,23.1,,1015.7,20010,3,1,1
8713293,10256,2019-04-14 15:00,1555254000,13.7,-70.4,A8EG9,225,9,28,22.1,,1014.8,20000,3,1,1
8714223,256,2019-04-14 15:00,1555254000,13.7,-70.4,A8EG9,225,9,28,22.1,,1014.8,20010,3,1,1
8776196,10256,2019-04-15 03:00,1555297200,12.1,-73.7,A8EG9,225,9,26.5,23.6,,1012.2,10000,5,1,1
8776336,256,2019-04-15 03:00,1555297200,12.1,-73.7,A8EG9,225,9,26.5,23.6,,1012.2,10010,5,1,1
8838058,10256,2019-04-15 15:00,1555340400,10,-76.3,A8EG9,,9,28,23.7,,1012.5,10000,5,1,1
8838292,256,2019-04-15 15:00,1555340400,10,-76.3,A8EG9,,9,28,23.7,,1012.5,10010,5,1,1
9220592,10256,2019-04-18 15:00,1555599600,9.7,-76.2,A8EG9,45,7,29.5,23,,1011.1,10000,5,2,2
9222015,256,2019-04-18 15:00,1555599600,9.7,-76.2,A8EG9,45,7,29.5,23,,1011.1,10010,5,2,2
9470729,10256,2019-04-20 15:00,1555772400,13.5,-72.3,A8EG9,45,9,27,22.6,,1015.8,20000,3,1,1
9471053,256,2019-04-20 15:00,1555772400,13.5,-72.3,A8EG9,45,9,27,22.6,,1015.8,20010,3,1,1
9533392,10256,2019-04-21 03:00,1555815600,16.1,-70,A8EG9,45,9,25.5,21.8,,1017.5,10000,2,0,0
9533883,256,2019-04-21 03:00,1555815600,16.1,-70,A8EG9,45,9,25.5,21.8,,1017.5,10010,2,0,0
9595856,10256,2019-04-21 15:00,1555858800,18.8,-67.7,A8EG9,45,9,27,21,,1019.4,20000,3,0,0
9595973,256,2019-04-21 15:00,1555858800,18.8,-67.7,A8EG9,45,9,27,21,,1019.4,20010,3,0,0
9619040,10256,2019-04-21 20:00,1555876799,19.5,-66.9,A8EG9,45,9,28,,,1017.4,20000,3,2,2
9657311,10256,2019-04-22 03:00,1555902000,20.6,-65,A8EG9,45,9,27,19.3,,1019.4,20000,3,1,1
9657817,256,2019-04-22 03:00,1555902000,20.6,-65,A8EG9,45,9,27,19.3,,1019.4,20010,3,1,1
9671071,10256,2019-04-22 06:00,1555912800,20.9,-64.3,A8EG9,45,9,25.5,,,1018,20000,2,2,2
9671986,256,2019-04-22 06:00,1555912800,20.9,-64.3,A8EG9,45,9,25.5,,,1018,20010,2,2,2
9718726,10256,2019-04-22 15:00,1555945200,22.3,-62,A8EG9,45,9,26.5,22.1,,1018.4,20000,3,1,1
9719107,256,2019-04-22 15:00,1555945200,22.3,-62,A8EG9,45,9,26.5,22.1,,1018.4,20010,3,1,1
9733807,10256,2019-04-22 18:00,1555956000,22.7,-61.2,A8EG9,45,9,28,,,1016.6,20000,3,2,2
9735328,256,2019-04-22 18:00,1555956000,22.7,-61.2,A8EG9,45,9,28,,,1016.6,20010,3,2,2
9780389,10256,2019-04-23 03:00,1555988400,23.9,-59,A8EG9,45,9,23.5,15.2,,1016.4,20000,1,1,1
9780647,256,2019-04-23 03:00,1555988400,23.9,-59,A8EG9,45,9,23.5,15.2,,1016.4,20010,1,1,1
9793093,10256,2019-04-23 06:00,1555999200,24.3,-58.3,A8EG9,45,9,24,,,1015,20000,2,1,1
9793277,256,2019-04-23 06:00,1555999200,24.3,-58.3,A8EG9,45,9,24,,,1015,20010,2,1,1
9825296,10256,2019-04-23 12:00,1556020800,27.2,-56.8,A8EG9,45,9,23.5,22,,1016.5,20000,3,1,1
9825568,256,2019-04-23 12:00,1556020800,27.2,-56.8,A8EG9,45,9,23.5,22,,1016.5,20010,3,1,1
9883171,10256,2019-04-24 00:00,1556064000,26.8,-53.7,A8EG9,45,9,23,16.5,,1014.6,10000,3,1,1
9883297,256,2019-04-24 00:00,1556064000,26.8,-53.7,A8EG9,45,9,23,16.5,,1014.6,10010,3,1,1
9912370,10256,2019-04-24 06:00,1556085600,27.7,-52.1,A8EG9,45,9,21,,,1013.7,20000,2,2,2
9912700,256,2019-04-24 06:00,1556085600,27.7,-52.1,A8EG9,45,9,21,,,1013.7,20010,2,2,2
9939872,10256,2019-04-24 11:00,1556103599,28.4,-50.8,A8EG9,45,9,23,14.6,,1014.9,20000,3,1,1
9940089,256,2019-04-24 11:00,1556103599,28.4,-50.8,A8EG9,45,9,23,14.6,,1014.9,20010,3,1,1
10003425,10256,2019-04-25 00:00,1556150400,30.3,-47.2,A8EG9,45,9,21,17.8,,1015.7,10000,2,1,1
10003591,256,2019-04-25 00:00,1556150400,30.3,-47.2,A8EG9,45,9,21,17.8,,1015.7,10010,2,1,1
10063529,10256,2019-04-25 12:00,1556193600,32,-43.9,A8EG9,45,9,22,18.9,,1016,20000,2,1,1
10063890,256,2019-04-25 12:00,1556193600,32,-43.9,A8EG9,45,9,22,18.9,,1016,20010,2,1,1
10092059,10256,2019-04-25 18:00,1556215200,32.8,-42.3,A8EG9,45,9,21,,,1015.8,20000,2,0,0
10092998,256,2019-04-25 18:00,1556215200,32.8,-42.3,A8EG9,45,9,21,,,1015.8,20010,2,0,0
10124224,10256,2019-04-26 00:00,1556236800,33.7,-40.5,A8EG9,45,9,20,19.2,,1018.2,10000,61,1,1
10124483,256,2019-04-26 00:00,1556236800,33.7,-40.5,A8EG9,45,9,20,19.2,,1018.2,10010,61,1,1
10185513,10256,2019-04-26 12:00,1556280000,35.4,-37.1,A8EG9,45,9,20.5,17.3,,1020.9,10000,3,2,2
10187216,256,2019-04-26 12:00,1556280000,35.4,-37.1,A8EG9,45,9,20.5,17.3,,1020.9,10010,3,2,2
10213362,10256,2019-04-26 18:00,1556301600,36.2,-35.4,A8EG9,45,9,18,,,1021.7,20000,3,1,1
10213532,256,2019-04-26 18:00,1556301600,36.2,-35.4,A8EG9,45,9,18,,,1021.7,20010,3,1,1
10244497,10256,2019-04-27 00:00,1556323200,37.1,-33.6,A8EG9,45,9,18,15.5,,1023.8,10000,2,2,2
10245049,256,2019-04-27 00:00,1556323200,37.1,-33.6,A8EG9,45,9,18,15.5,,1023.8,10010,2,2,2
10305247,10256,2019-04-27 12:00,1556366400,38.8,-29.9,A8EG9,45,9,19,14.9,,1025.5,20000,3,2,2
10305791,256,2019-04-27 12:00,1556366400,38.8,-29.9,A8EG9,45,9,19,14.9,,1025.5,20010,3,2,2
10331184,10256,2019-04-27 17:00,1556384399,39.6,-28.3,A8EG9,45,9,18,,,1024,20000,2,2,2
10331345,256,2019-04-27 17:00,1556384399,39.6,-28.3,A8EG9,45,9,18,,,1024,20010,2,2,2
10362796,10256,2019-04-28 00:00,1556409600,40.6,-26.1,A8EG9,45,9,15.5,13.7,,1024.8,10000,1,1,1
10363262,256,2019-04-28 00:00,1556409600,40.6,-26.1,A8EG9,45,9,15.5,13.7,,1024.8,10010,1,1,1
10543204,10256,2019-04-29 12:00,1556539200,45.5,-15,A8EG9,45,7,14.5,12.7,,1018.9,4000,11,2,2
10542828,256,2019-04-29 12:00,1556539200,45.5,-15,A8EG9,45,7,14.5,12.7,,1018.9,4010,11,2,2
10601405,10256,2019-04-30 00:00,1556582400,47,-11.2,A8EG9,45,7,13,11.1,,1021.2,10000,3,2,2
10601218,256,2019-04-30 00:00,1556582400,47,-11.2,A8EG9,45,7,13,11.1,,1021.2,10010,3,2,2
10709311,10256,2019-04-30 22:00,1556661600,49.7,-4.3,A8EG9,45,7,15,11.3,,1022.1,4000,2,1,1
10708873,256,2019-04-30 22:00,1556661600,49.7,-4.3,A8EG9,45,7,15,11.3,,1022.1,4010,2,1,1
8049341,10256,2019-04-09 00:00,1554768000,-31.2,-20.4,A8GU4,,,24,19.6,,1018,4000,10,2,2
8049426,256,2019-04-09 00:00,1554768000,-31.2,-20.4,A8GU4,,,24,19.6,,1018,4010,10,2,2
7490904,10256,2019-04-04 06:00,1554357600,9.9,-78,A8GU6,90,7,29,23.5,,1014,10000,1,0,0
7490854,256,2019-04-04 06:00,1554357600,9.9,-78,A8GU6,90,7,29,23.5,,1014,10010,1,0,0
7669381,10256,2019-04-05 18:00,1554487200,11.8,-75.5,A8GU6,360,9,29,23.5,,1011,20000,3,2,2
7669309,256,2019-04-05 18:00,1554487200,11.8,-75.5,A8GU6,360,9,29,23.5,,1011,20010,3,2,2
7730413,10256,2019-04-06 06:00,1554530400,14.9,-75.1,A8GU6,360,9,25,17.5,,1009,10000,1,1,1
7730340,256,2019-04-06 06:00,1554530400,14.9,-75.1,A8GU6,360,9,25,17.5,,1009,10010,1,1,1
7792032,10256,2019-04-06 18:00,1554573600,18.5,-74.6,A8GU6,45,9,33,27.8,,1017,20000,2,1,1
7792043,256,2019-04-06 18:00,1554573600,18.5,-74.6,A8GU6,45,9,33,27.8,,1017,20010,2,1,1
8076503,10256,2019-04-09 06:00,1554789600,28.2,-79.6,A8GU6,360,12,26,23.2,,1015,10000,3,2,2
8076470,256,2019-04-09 06:00,1554789600,28.2,-79.6,A8GU6,360,12,26,23.2,,1015,10010,3,2,2
8129795,10256,2019-04-09 18:00,1554832800,31.5,-77.4,A8GU6,45,9,30,26,,1011,4000,10,0,0
8129824,256,2019-04-09 18:00,1554832800,31.5,-77.4,A8GU6,45,9,30,26,,1011,4010,10,0,0
8239222,10256,2019-04-10 18:00,1554919200,37.4,-73.9,A8GU6,360,7,20,15.3,,1011,20000,2,1,1
8239300,256,2019-04-10 18:00,1554919200,37.4,-73.9,A8GU6,360,7,20,15.3,,1011,20010,2,1,1
8794715,10256,2019-04-15 06:00,1555308000,33.7,-76.9,A8GU6,225,7,26,20.2,,1006,10000,3,1,1
8794747,256,2019-04-15 06:00,1555308000,33.7,-76.9,A8GU6,225,7,26,20.2,,1006,10010,3,1,1
9058022,10256,2019-04-17 06:00,1555480800,28.5,-79.9,A8GU6,180,9,26,18.6,,1024,20000,2,0,0
9057992,256,2019-04-17 06:00,1555480800,28.5,-79.9,A8GU6,180,9,26,18.6,,1024,20010,2,0,0
9304326,10256,2019-04-19 06:00,1555653600,21.4,-76.2,A8GU6,135,7,28,22.4,,1014,20000,1,1,1
9304422,256,2019-04-19 06:00,1555653600,21.4,-76.2,A8GU6,135,7,28,22.4,,1014,20010,1,1,1
9361554,10256,2019-04-19 18:00,1555696800,19.8,-74.1,A8GU6,225,7,30,24.6,,1015,20000,2,0,0
9361638,256,2019-04-19 18:00,1555696800,19.8,-74.1,A8GU6,225,7,30,24.6,,1015,20010,2,0,0
9425344,10256,2019-04-20 06:00,1555740000,17.1,-74.9,A8GU6,180,7,29,22,,1014,20000,2,0,0
9425319,256,2019-04-20 06:00,1555740000,17.1,-74.9,A8GU6,180,7,29,22,,1014,20010,2,0,0
9493059,10256,2019-04-20 19:00,1555786800,14.2,-75.2,A8GU6,180,7,30,23.1,,1015,20000,2,0,0
9493117,256,2019-04-20 19:00,1555786800,14.2,-75.2,A8GU6,180,7,30,23.1,,1015,20010,2,0,0
9555764,10256,2019-04-21 06:00,1555826400,11.3,-75.6,A8GU6,180,7,28,23.9,,1012,10000,3,1,1
9555798,256,2019-04-21 06:00,1555826400,11.3,-75.6,A8GU6,180,7,28,23.9,,1012,10010,3,1,1
9679544,10256,2019-04-22 06:00,1555912800,10.2,-76.2,A8GU6,270,4,30,24.6,,1012,20000,2,0,0
9679479,256,2019-04-22 06:00,1555912800,10.2,-76.2,A8GU6,270,4,30,24.6,,1012,20010,2,0,0
9740151,10256,2019-04-22 18:00,1555956000,9.9,-77.9,A8GU6,270,7,30,24.6,,1011,20000,2,0,0
9740204,256,2019-04-22 18:00,1555956000,9.9,-77.9,A8GU6,270,7,30,24.6,,1011,20010,2,0,0
9979871,10256,2019-04-24 19:00,1556132400,3.5,-80.3,A8GU6,180,7,30,24.6,,1009,20000,2,0,0
9979857,256,2019-04-24 19:00,1556132400,3.5,-80.3,A8GU6,180,7,30,24.6,,1009,20010,2,0,0
10040771,10256,2019-04-25 06:00,1556172000,0.9,-80.8,A8GU6,180,7,28,22.4,,1009,10000,2,0,0
10040734,256,2019-04-25 06:00,1556172000,0.9,-80.8,A8GU6,180,7,28,22.4,,1009,10010,2,0,0
10095056,10256,2019-04-25 18:00,1556215200,-1.9,-81.2,A8GU6,180,7,31,25.7,,1012,20000,2,0,0
10094981,256,2019-04-25 18:00,1556215200,-1.9,-81.2,A8GU6,180,7,31,25.7,,1012,20010,2,0,0
10399774,10256,2019-04-28 06:00,1556431200,-8.8,-79.7,A8GU6,135,7,23,15.2,,1009,10000,1,0,0
10399726,256,2019-04-28 06:00,1556431200,-8.8,-79.7,A8GU6,135,7,23,15.2,,1009,10010,1,0,0
10630198,10256,2019-04-30 06:00,1556604000,-17,-76.1,A8GU6,180,9,23,15.2,,1012,10000,3,1,1
10630295,256,2019-04-30 06:00,1556604000,-17,-76.1,A8GU6,180,9,23,15.2,,1012,10010,3,1,1
10694688,10256,2019-04-30 19:00,1556650800,-20.7,-75.2,A8GU6,180,9,24,16.4,,1014,20000,3,2,2
10694788,256,2019-04-30 19:00,1556650800,-20.7,-75.2,A8GU6,180,9,24,16.4,,1014,20010,3,2,2
10746014,10256,2019-05-01 06:00,1556690400,-24.3,-74.2,A8GU6,180,9,20,15.3,,1016,10000,3,1,1
10745915,256,2019-05-01 06:00,1556690400,-24.3,-74.2,A8GU6,180,9,20,15.3,,1016,10010,3,1,1
10806928,10256,2019-05-01 18:00,1556733600,-27.8,-73.3,A8GU6,180,9,22,14,,1014,10000,3,1,1
10806873,256,2019-05-01 18:00,1556733600,-27.8,-73.3,A8GU6,180,9,22,14,,1014,10010,3,1,1
7213187,10256,2019-04-02 00:00,1554163200,-32.9,30.4,A8GU8,90,7,20.2,12.2,,1022,10000,2,2,2
7213206,256,2019-04-02 00:00,1554163200,-32.9,30.4,A8GU8,90,7,20.2,12.2,,1022,10010,2,2,2
7243291,10256,2019-04-02 06:00,1554184800,-32.5,31.8,A8GU8,90,7,20,11.7,,1024.2,20000,2,1,1
7243258,256,2019-04-02 06:00,1554184800,-32.5,31.8,A8GU8,90,7,20,11.7,,1024.2,20010,2,1,1
7243259,256,2019-04-02 06:00,1554184800,-32.5,31.8,A8GU8,,,20,11.7,,1024.2,20010,510,,
7254493,10256,2019-04-02 07:00,1554188400,-32.4,32.1,A8GU8,90,7,20.5,11.9,,1024.4,10000,3,2,2
7254457,256,2019-04-02 07:00,1554188400,-32.4,32.1,A8GU8,90,7,20.5,11.9,,1024.4,10010,3,2,2
7274491,10256,2019-04-02 12:00,1554206400,-32.1,33.1,A8GU8,90,7,21.4,12,,1023,10000,2,2,2
7274503,256,2019-04-02 12:00,1554206400,-32.1,33.1,A8GU8,90,7,21.4,12,,1023,10010,2,2,2
7315563,10256,2019-04-02 18:00,1554228000,-31.6,34.6,A8GU8,90,7,20.5,11.9,,1024.4,10000,2,1,1
7315518,256,2019-04-02 18:00,1554228000,-31.6,34.6,A8GU8,90,7,20.5,11.9,,1024.4,10010,2,1,1
7315519,256,2019-04-02 18:00,1554228000,-31.6,34.6,A8GU8,,,20.5,11.9,,1024.4,10010,510,,
7315557,10256,2019-04-02 20:00,1554235199,-31.5,35,A8GU8,90,7,20,10.7,,1023.5,10000,2,1,1
7315509,256,2019-04-02 20:00,1554235199,-31.5,35,A8GU8,90,7,20,10.7,,1023.5,10010,2,1,1
7335488,10256,2019-04-03 00:00,1554249600,-31.2,36,A8GU8,90,7,20.4,14.1,,1022,10000,2,0,0
7335573,256,2019-04-03 00:00,1554249600,-31.2,36,A8GU8,90,7,20.4,14.1,,1022,10010,2,0,0
7370510,10256,2019-04-03 06:00,1554271200,-30.8,37.4,A8GU8,90,7,21,16,,1022.5,10000,3,2,2
7370436,256,2019-04-03 06:00,1554271200,-30.8,37.4,A8GU8,,,21,16,,1022.5,10010,510,,
7370435,256,2019-04-03 06:00,1554271200,-30.8,37.4,A8GU8,90,7,21,16,,1022.5,10010,3,2,2
7377855,10256,2019-04-03 08:00,1554278399,-30.6,37.8,A8GU8,90,7,22,14.1,,1021.7,10000,2,1,1
7377859,256,2019-04-03 08:00,1554278399,-30.6,37.8,A8GU8,90,7,22,14.1,,1021.7,10010,2,1,1
7401161,10256,2019-04-03 12:00,1554292800,-30.4,38.7,A8GU8,90,7,22.4,16,,1019,10000,3,2,2
7401200,256,2019-04-03 12:00,1554292800,-30.4,38.7,A8GU8,90,7,22.4,16,,1019,10010,3,2,2
7432415,10256,2019-04-03 18:00,1554314400,-29.7,40,A8GU8,45,7,22.6,19.6,,1019.2,10000,2,1,1
7432361,256,2019-04-03 18:00,1554314400,-29.7,40,A8GU8,45,7,22.6,19.6,,1019.2,10010,2,1,1
7455338,10256,2019-04-04 00:00,1554336000,-29.1,41.2,A8GU8,45,7,23,20,,1015.5,10000,2,1,1
7455287,256,2019-04-04 00:00,1554336000,-29.1,41.2,A8GU8,45,7,23,20,,1015.5,10010,2,1,1
7505822,10256,2019-04-04 10:00,1554372000,-28,43.3,A8GU8,45,7,26.4,23.3,,1014,10000,3,2,2
7505768,256,2019-04-04 10:00,1554372000,-28,43.3,A8GU8,45,7,26.4,23.3,,1014,10010,3,2,2
7515729,10256,2019-04-04 12:00,1554379200,-27.8,43.7,A8GU8,45,7,26.4,24.1,,1012.9,10000,2,1,1
7515857,256,2019-04-04 12:00,1554379200,-27.8,43.7,A8GU8,45,7,26.4,24.1,,1012.9,10010,2,1,1
7572345,10256,2019-04-04 22:00,1554415200,-26.7,45.6,A8GU8,45,7,27.3,25.5,,1013,20000,2,0,0
7572374,256,2019-04-04 22:00,1554415200,-26.7,45.6,A8GU8,45,7,27.3,25.5,,1013,20010,2,0,0
7572350,10256,2019-04-05 00:00,1554422400,-26.4,46,A8GU8,45,7,27,25.4,,1013,10000,2,0,0
7572376,256,2019-04-05 00:00,1554422400,-26.4,46,A8GU8,45,7,27,25.4,,1013,10010,2,0,0
7632978,10256,2019-04-05 11:00,1554461999,-25,48,A8GU8,45,7,29,23.7,,1016.7,10000,2,0,0
7632944,256,2019-04-05 11:00,1554461999,-25,48,A8GU8,45,7,29,23.7,,1016.7,10010,2,0,0
7658939,10256,2019-04-05 17:00,1554483599,-24.1,48.9,A8GU8,45,7,27,23.3,,1018.2,10000,2,1,1
7658919,256,2019-04-05 17:00,1554483599,-24.1,48.9,A8GU8,45,7,27,23.3,,1018.2,10010,2,1,1
7719743,10256,2019-04-05 22:00,1554501600,-23.3,49.7,A8GU8,45,7,26.4,22,,1017.8,10000,2,1,1
7720047,256,2019-04-05 22:00,1554501600,-23.3,49.7,A8GU8,45,7,26.4,22,,1017.8,10010,2,1,1
7719825,256,2019-04-05 22:00,1554501600,-23.3,49.7,A8GU8,45,7,26.4,22,,1017.8,10010,2,1,1
7719746,10256,2019-04-06 00:00,1554508800,-23,50,A8GU8,45,7,27,23.3,,1016.8,10000,2,1,1
7719828,256,2019-04-06 00:00,1554508800,-23,50,A8GU8,45,7,27,23.3,,1016.8,10010,2,1,1
7724984,10256,2019-04-06 05:00,1554526799,-22.2,50.9,A8GU8,45,7,29,23.9,,1017.6,10000,3,2,2
7724832,256,2019-04-06 05:00,1554526799,-22.2,50.9,A8GU8,45,7,29,23.9,,1017.6,10010,3,2,2
7761413,10256,2019-04-06 12:00,1554552000,-21.2,51.9,A8GU8,45,7,28.2,23.8,,1015.8,10000,2,2,2
7761394,256,2019-04-06 12:00,1554552000,-21.2,51.9,A8GU8,45,7,28.2,23.8,,1015.8,10010,2,2,2
7781587,10256,2019-04-06 17:00,1554569999,-20.4,52.7,A8GU8,45,7,27,24.1,,1017.3,20000,0,1,1
7781569,256,2019-04-06 17:00,1554569999,-20.4,52.7,A8GU8,,,27,24.1,,1017.3,20010,510,,
7781568,256,2019-04-06 17:00,1554569999,-20.4,52.7,A8GU8,45,7,27,24.1,,1017.3,20010,0,1,1
7819796,10256,2019-04-07 00:00,1554595200,-19.4,53.8,A8GU8,45,7,25.2,23.6,,1014.4,4000,62,6,6
7819807,256,2019-04-07 00:00,1554595200,-19.4,53.8,A8GU8,45,7,25.2,23.6,,1014.4,4010,62,6,6
7861393,10256,2019-04-07 08:00,1554623999,-18.3,54.9,A8GU8,45,7,29.5,26.1,,1015.5,10000,3,2,2
7861368,256,2019-04-07 08:00,1554623999,-18.3,54.9,A8GU8,45,7,29.5,26.1,,1015.5,10010,3,2,2
7869321,10256,2019-04-07 10:00,1554631200,-17.9,55.3,A8GU8,45,7,28.8,24.8,,1013.6,10000,2,1,1
7869302,256,2019-04-07 10:00,1554631200,-17.9,55.3,A8GU8,45,7,28.8,24.8,,1013.6,10010,2,1,1
7915299,10256,2019-04-07 19:00,1554663600,-16.5,56.6,A8GU8,45,7,27.5,24.6,,1014.5,10000,2,1,1
7915251,256,2019-04-07 19:00,1554663600,-16.5,56.6,A8GU8,45,7,27.5,24.6,,1014.5,10010,2,1,1
7940510,10256,2019-04-08 00:00,1554681600,-15.8,57.3,A8GU8,45,7,28,26,,1011.6,20000,2,0,0
7940459,256,2019-04-08 00:00,1554681600,-15.8,57.3,A8GU8,45,7,28,26,,1011.6,20010,2,0,0
7975921,10256,2019-04-08 05:00,1554699599,-14.9,58.2,A8GU8,45,7,29.5,25.5,,1011.5,10000,2,1,1
7975996,256,2019-04-08 05:00,1554699599,-14.9,58.2,A8GU8,45,7,29.5,25.5,,1011.5,10010,2,1,1
7986074,10256,2019-04-08 09:00,1554714000,-14.4,58.8,A8GU8,45,7,29,26.8,,1010,10000,80,8,8
7986107,256,2019-04-08 09:00,1554714000,-14.4,58.8,A8GU8,45,7,29,26.8,,1010,10010,80,8,8
7995884,10256,2019-04-08 11:00,1554721199,-14.1,59.1,A8GU8,45,7,29,26.8,,1009.2,10000,2,1,1
7995941,256,2019-04-08 11:00,1554721199,-14.1,59.1,A8GU8,45,7,29,26.8,,1009.2,10010,2,1,1
8045466,10256,2019-04-08 22:00,1554760800,-12.5,60.7,A8GU8,45,7,26,24.6,,1009,10000,2,1,1
8045545,256,2019-04-08 22:00,1554760800,-12.5,60.7,A8GU8,45,7,26,24.6,,1009,10010,2,1,1
8076501,10256,2019-04-09 06:00,1554789600,-11.3,62,A8GU8,45,7,29.5,27.3,,1011.4,4000,62,6,2
8076472,256,2019-04-09 06:00,1554789600,-11.3,62,A8GU8,45,7,29.5,27.3,,1011.4,4010,62,6,2
8085286,10256,2019-04-09 09:00,1554800400,-11,62.4,A8GU8,45,7,29.8,26.6,,1009,10000,3,2,2
8085319,256,2019-04-09 09:00,1554800400,-11,62.4,A8GU8,45,7,29.8,26.6,,1009,10010,3,2,2
8121098,10256,2019-04-09 16:00,1554825600,-10,63.5,A8GU8,45,7,28,24.4,,1011.8,20000,3,2,2
8121060,256,2019-04-09 16:00,1554825600,-10,63.5,A8GU8,45,7,28,24.4,,1011.8,20010,3,2,2
8121062,256,2019-04-09 16:00,1554825600,-10,63.5,A8GU8,,,28,24.4,,1011.8,20010,510,,
8148281,10256,2019-04-09 22:00,1554847200,-9.1,64.5,A8GU8,45,7,26,23.9,,1010.7,4000,60,6,6
8148240,256,2019-04-09 22:00,1554847200,-9.1,64.5,A8GU8,45,7,26,23.9,,1010.7,4010,60,6,6
8170748,10256,2019-04-10 03:00,1554865200,-8.4,65.3,A8GU8,45,7,29,25.8,,1012,50000,1,0,0
8170705,256,2019-04-10 03:00,1554865200,-8.4,65.3,A8GU8,45,7,29,25.8,,1012,50010,1,0,0
8179192,10256,2019-04-10 05:00,1554872399,-8.2,65.6,A8GU8,45,7,31.2,27.1,,1012.2,10000,2,1,1
8179262,256,2019-04-10 05:00,1554872399,-8.2,65.6,A8GU8,45,7,31.2,27.1,,1012.2,10010,2,1,1
8197168,10256,2019-04-10 08:00,1554883199,-7.8,66,A8GU8,45,7,32,24.6,,1011.7,20000,2,1,1
8197135,256,2019-04-10 08:00,1554883199,-7.8,66,A8GU8,45,7,32,24.6,,1011.7,20010,2,1,1
8200916,10256,2019-04-10 10:00,1554890400,-7.5,66.3,A8GU8,45,7,31.3,24.4,,1010.5,10000,2,0,0
8200894,256,2019-04-10 10:00,1554890400,-7.5,66.3,A8GU8,45,7,31.3,24.4,,1010.5,10010,2,0,0
8222465,10256,2019-04-10 15:00,1554908400,-6.8,67.1,A8GU8,45,7,29,25.2,,1011.4,20000,1,0,0
8222378,256,2019-04-10 15:00,1554908400,-6.8,67.1,A8GU8,45,7,29,25.2,,1011.4,20010,1,0,0
8239224,10256,2019-04-10 19:00,1554922800,-6.3,67.6,A8GU8,45,7,28.5,25.1,,1012.4,10000,2,0,0
8239299,256,2019-04-10 19:00,1554922800,-6.3,67.6,A8GU8,45,7,28.5,25.1,,1012.4,10010,2,0,0
8252053,10256,2019-04-10 22:00,1554933600,-5.9,68.1,A8GU8,45,7,28,25.2,,1011,10000,3,1,1
8252051,256,2019-04-10 22:00,1554933600,-5.9,68.1,A8GU8,45,7,28,25.2,,1011,10010,3,1,1
8280775,10256,2019-04-11 03:00,1554951600,-5.3,68.8,A8GU8,45,7,31,25.1,,1012.4,50000,2,1,1
8280780,256,2019-04-11 03:00,1554951600,-5.3,68.8,A8GU8,45,7,31,25.1,,1012.4,50010,2,1,1
8308815,10256,2019-04-11 08:00,1554969599,-4.6,69.5,A8GU8,45,7,32,25.4,,1011,20000,2,0,0
8308770,256,2019-04-11 08:00,1554969599,-4.6,69.5,A8GU8,45,7,32,25.4,,1011,20010,2,0,0
8313746,10256,2019-04-11 10:00,1554976800,-4.3,69.8,A8GU8,45,7,32.7,25.5,,1010,20000,2,0,0
8313800,256,2019-04-11 10:00,1554976800,-4.3,69.8,A8GU8,45,7,32.7,25.5,,1010,20010,2,0,0
8339648,10256,2019-04-11 15:00,1554994800,-3.7,70.5,A8GU8,45,7,29,25.2,,1011.1,20000,2,1,1
8339625,256,2019-04-11 15:00,1554994800,-3.7,70.5,A8GU8,45,7,29,25.2,,1011.1,20010,2,1,1
8354370,10256,2019-04-11 17:00,1555001999,-3.4,70.8,A8GU8,45,7,28.6,25.2,,1012.5,10000,3,2,2
8354402,256,2019-04-11 17:00,1555001999,-3.4,70.8,A8GU8,45,7,28.6,25.2,,1012.5,10010,3,2,2
8370343,10256,2019-04-11 20:00,1555012799,-3,71.2,A8GU8,45,7,27,25.4,,1011,10000,80,8,1
8370251,256,2019-04-11 20:00,1555012799,-3,71.2,A8GU8,45,7,27,25.4,,1011,10010,80,8,1
8401554,10256,2019-04-12 03:00,1555038000,-2.2,72.1,A8GU8,45,7,29,26.6,,1011,10000,3,2,2
8401489,256,2019-04-12 03:00,1555038000,-2.2,72.1,A8GU8,45,7,29,26.6,,1011,10010,3,2,2
8416768,10256,2019-04-12 06:00,1555048800,-1.7,72.6,A8GU8,45,7,34,24.6,,1011.2,10000,3,2,2
8416852,256,2019-04-12 06:00,1555048800,-1.7,72.6,A8GU8,45,7,34,24.6,,1011.2,10010,3,2,2
8439707,10256,2019-04-12 10:00,1555063200,-1.3,73.1,A8GU8,45,7,31.7,25.3,,1009,20000,3,1,1
8439687,256,2019-04-12 10:00,1555063200,-1.3,73.1,A8GU8,45,7,31.7,25.3,,1009,20010,3,1,1
8463708,10256,2019-04-12 15:00,1555081200,-0.7,73.8,A8GU8,45,7,30,25.7,,1010.4,20000,2,1,1
8463723,256,2019-04-12 15:00,1555081200,-0.7,73.8,A8GU8,45,7,30,25.7,,1010.4,20010,2,1,1
8463724,256,2019-04-12 15:00,1555081200,-0.7,73.8,A8GU8,,,30,25.7,,1010.4,20010,510,,
8502299,10256,2019-04-12 22:00,1555106400,0.2,74.7,A8GU8,45,7,28,25,,1009.2,10000,3,1,1
8502273,256,2019-04-12 22:00,1555106400,0.2,74.7,A8GU8,45,7,28,25,,1009.2,10010,3,1,1
8529147,10256,2019-04-13 03:00,1555124400,0.9,75.2,A8GU8,45,7,31,25.8,,1010.8,20000,2,1,1
8529139,256,2019-04-13 03:00,1555124400,0.9,75.2,A8GU8,45,7,31,25.8,,1010.8,20010,2,1,1
8541363,10256,2019-04-13 05:00,1555131599,1.2,75.4,A8GU8,45,4,31.8,27.5,,1012.5,10000,2,1,1
8541325,256,2019-04-13 05:00,1555131599,1.2,75.4,A8GU8,45,4,31.8,27.5,,1012.5,10010,2,1,1
8566212,10256,2019-04-13 10:00,1555149600,2,76,A8GU8,45,4,33.2,26.2,,1009,20000,2,0,0
8566199,256,2019-04-13 10:00,1555149600,2,76,A8GU8,45,4,33.2,26.2,,1009,20010,2,0,0
8592806,10256,2019-04-13 15:00,1555167600,2.7,76.5,A8GU8,45,7,30,25.1,,1010.9,20000,2,1,1
8592777,256,2019-04-13 15:00,1555167600,2.7,76.5,A8GU8,45,7,30,25.1,,1010.9,20010,2,1,1
8614391,10256,2019-04-13 18:00,1555178400,3.2,76.9,A8GU8,45,4,29,24.8,,1011,10000,2,0,0
8614400,256,2019-04-13 18:00,1555178400,3.2,76.9,A8GU8,45,4,29,24.8,,1011,10010,2,0,0
8622961,10256,2019-04-13 21:00,1555189200,3.6,77.2,A8GU8,45,4,29,25.4,,1009.6,20000,2,1,1
8622980,256,2019-04-13 21:00,1555189200,3.6,77.2,A8GU8,45,4,29,25.4,,1009.6,20010,2,1,1
8690141,10256,2019-04-14 10:00,1555236000,5.5,78.6,A8GU8,45,4,31.4,24.5,,1008.4,10000,3,1,1
8690026,256,2019-04-14 10:00,1555236000,5.5,78.6,A8GU8,45,4,31.4,24.5,,1008.4,10010,3,1,1
8716237,10256,2019-04-14 15:00,1555254000,6.1,79.2,A8GU8,45,7,29,25,,1010.3,20000,3,2,2
8716204,256,2019-04-14 15:00,1555254000,6.1,79.2,A8GU8,45,7,29,25,,1010.3,20010,3,2,2
8931987,10256,2019-04-16 09:00,1555405200,5.7,82,A8GU8,90,9,31.6,26.2,,1008.9,10000,2,0,0
8931932,256,2019-04-16 09:00,1555405200,5.7,82,A8GU8,90,9,31.6,26.2,,1008.9,10010,2,0,0
8971260,10256,2019-04-16 14:00,1555423199,5.8,83.4,A8GU8,90,9,29,24.8,,1010.3,20000,2,1,1
8971093,256,2019-04-16 14:00,1555423199,5.8,83.4,A8GU8,,,29,24.8,,1010.3,20010,510,,
8971092,256,2019-04-16 14:00,1555423199,5.8,83.4,A8GU8,90,9,29,24.8,,1010.3,20010,2,1,1
8989457,10256,2019-04-16 19:00,1555441200,5.8,84.6,A8GU8,90,9,28.6,25.8,,1011,10000,2,0,0
8989472,256,2019-04-16 19:00,1555441200,5.8,84.6,A8GU8,90,9,28.6,25.8,,1011,10010,2,0,0
9031898,10256,2019-04-17 02:00,1555466399,5.9,86.4,A8GU8,90,9,30,26.8,,1011.5,20000,3,1,1
9032042,256,2019-04-17 02:00,1555466399,5.9,86.4,A8GU8,90,9,30,26.8,,1011.5,20010,3,1,1
9063527,10256,2019-04-17 08:00,1555487999,6,88.2,A8GU8,90,7,31.4,24.5,,1009,20000,2,1,1
9063462,256,2019-04-17 08:00,1555487999,6,88.2,A8GU8,90,7,31.4,24.5,,1009,20010,2,1,1
9113577,10256,2019-04-17 18:00,1555524000,6.1,90.8,A8GU8,90,9,29.1,25.1,,1011,10000,2,1,1
9113547,256,2019-04-17 18:00,1555524000,6.1,90.8,A8GU8,90,9,29.1,25.1,,1011,10010,2,1,1
9155461,10256,2019-04-18 02:00,1555552799,6.2,92.8,A8GU8,90,9,30,25.7,,1011.3,50000,3,1,1
9155480,256,2019-04-18 02:00,1555552799,6.2,92.8,A8GU8,90,9,30,25.7,,1011.3,50010,3,1,1
9175331,10256,2019-04-18 06:00,1555567200,6.2,94,A8GU8,90,9,33,26.6,,1011.7,10000,3,2,2
9175269,256,2019-04-18 06:00,1555567200,6.2,94,A8GU8,90,9,33,26.6,,1011.7,10010,3,2,2
9211548,10256,2019-04-18 13:00,1555592400,5.9,95.9,A8GU8,90,9,29,26,,1009,20000,25,1,1
9211544,256,2019-04-18 13:00,1555592400,5.9,95.9,A8GU8,90,9,29,26,,1009,20010,25,1,1
9211545,256,2019-04-18 13:00,1555592400,5.9,95.9,A8GU8,,,29,26,,1009,20010,510,,
9236427,10256,2019-04-18 18:00,1555610400,5.6,97.1,A8GU8,90,9,29.2,26.8,,1010.5,10000,2,1,1
9236384,256,2019-04-18 18:00,1555610400,5.6,97.1,A8GU8,90,9,29.2,26.8,,1010.5,10010,2,1,1
9269339,10256,2019-04-19 00:00,1555632000,4.9,98.6,A8GU8,135,9,28,25.4,,1008.6,20000,3,2,2
9269363,256,2019-04-19 00:00,1555632000,4.9,98.6,A8GU8,,,28,25.4,,1008.6,20010,510,,
9269362,256,2019-04-19 00:00,1555632000,4.9,98.6,A8GU8,135,9,28,25.4,,1008.6,20010,3,2,2
9335812,10256,2019-04-19 12:00,1555675200,2.8,100.9,A8GU8,135,9,30,26.2,,1007,10000,5,0,0
9335863,256,2019-04-19 12:00,1555675200,2.8,100.9,A8GU8,135,9,30,26.2,,1007,10010,5,0,0
9617590,10256,2019-04-21 19:00,1555873200,4.2,106.1,A8GU8,45,9,,,,1006,10000,3,1,1
9617583,256,2019-04-21 19:00,1555873200,4.2,106.1,A8GU8,45,9,,,,1006,10010,3,1,1
9679543,10256,2019-04-22 06:00,1555912800,6.5,107.8,A8GU8,45,9,31.2,25.3,,1007,10000,2,0,0
9679480,256,2019-04-22 06:00,1555912800,6.5,107.8,A8GU8,45,9,31.2,25.3,,1007,10010,2,0,0
9735007,10256,2019-04-22 18:00,1555956000,9,109.8,A8GU8,45,9,28.4,26,,1008,10000,2,1,1
9735018,256,2019-04-22 18:00,1555956000,9,109.8,A8GU8,45,9,28.4,26,,1008,10010,2,1,1
9770826,10256,2019-04-23 00:00,1555977600,10.5,110.7,A8GU8,45,9,32,28.7,,1009.5,20000,3,2,2
9770752,256,2019-04-23 00:00,1555977600,10.5,110.7,A8GU8,,,32,28.7,,1009.5,20010,510,,
9770751,256,2019-04-23 00:00,1555977600,10.5,110.7,A8GU8,45,9,32,28.7,,1009.5,20010,3,2,2
9805609,10256,2019-04-23 07:00,1556002800,12.2,111.5,A8GU8,45,9,31,26.5,,1009,10000,2,1,1
9805599,256,2019-04-23 07:00,1556002800,12.2,111.5,A8GU8,45,9,31,26.5,,1009,10010,2,1,1
9856051,10256,2019-04-23 18:00,1556042400,14.8,112.7,A8GU8,45,9,27.8,26,,1009,10000,2,0,0
9856039,256,2019-04-23 18:00,1556042400,14.8,112.7,A8GU8,45,9,27.8,26,,1009,10010,2,0,0
9884699,10256,2019-04-24 00:00,1556064000,16.3,113.3,A8GU8,45,9,31,26.9,,1011.3,10000,6,2,2
9884642,256,2019-04-24 00:00,1556064000,16.3,113.3,A8GU8,45,9,31,26.9,,1011.3,10010,6,2,2
9914078,10256,2019-04-24 06:00,1556085600,17.6,114.2,A8GU8,45,9,32.2,24.5,,1011,10000,2,0,0
9914117,256,2019-04-24 06:00,1556085600,17.6,114.2,A8GU8,45,9,32.2,24.5,,1011,10010,2,0,0
9950056,10256,2019-04-24 12:00,1556107200,19,115.2,A8GU8,45,7,28,24.8,,1010.2,50000,1,0,0
9950071,256,2019-04-24 12:00,1556107200,19,115.2,A8GU8,45,7,28,24.8,,1010.2,50010,1,0,0
9979870,10256,2019-04-24 19:00,1556132400,20.6,116.3,A8GU8,45,9,27,24.6,,1008.5,10000,2,0,0
9979859,256,2019-04-24 19:00,1556132400,20.6,116.3,A8GU8,45,9,27,24.6,,1008.5,10010,2,0,0
10070589,10256,2019-04-25 12:00,1556193600,24.2,119.1,A8GU8,45,9,25,22.9,,1008.8,4000,10,1,1
10070558,256,2019-04-25 12:00,1556193600,24.2,119.1,A8GU8,45,9,25,22.9,,1008.8,4010,10,1,1
10070559,256,2019-04-25 12:00,1556193600,24.2,119.1,A8GU8,,,25,22.9,,1008.8,4010,510,,
10131037,10256,2019-04-26 00:00,1556236800,26.5,121.3,A8GU8,45,9,23,20.9,,1013,10000,5,1,1
10130954,256,2019-04-26 00:00,1556236800,26.5,121.3,A8GU8,,,23,20.9,,1013,10010,510,,
10130953,256,2019-04-26 00:00,1556236800,26.5,121.3,A8GU8,45,9,23,20.9,,1013,10010,5,1,1
10191888,10256,2019-04-26 12:00,1556280000,29.3,123,A8GU8,45,9,15,12.5,,1020.1,4000,11,0,0
10191812,256,2019-04-26 12:00,1556280000,29.3,123,A8GU8,,,15,12.5,,1020.1,4010,510,,
10191811,256,2019-04-26 12:00,1556280000,29.3,123,A8GU8,45,9,15,12.5,,1020.1,4010,11,0,0
10605913,10256,2019-04-30 00:00,1556582400,25.7,120.8,A8GU8,225,9,25,24.8,,1007.8,2000,10,4,4
10605933,256,2019-04-30 00:00,1556582400,25.7,120.8,A8GU8,225,9,25,24.8,,1007.8,2010,10,4,4
10605934,256,2019-04-30 00:00,1556582400,25.7,120.8,A8GU8,,,25,24.8,,1007.8,2010,510,,
7213182,10256,2019-04-02 00:00,1554163200,9.9,-58.9,A8GX4,315,7,23,18.3,,1013,20000,2,0,0
7213207,256,2019-04-02 00:00,1554163200,9.9,-58.9,A8GX4,315,7,23,18.3,,1013,20010,2,0,0
7243290,10256,2019-04-02 06:00,1554184800,10.5,-60.1,A8GX4,315,7,23,15.3,,1013,20000,3,0,0
7243260,256,2019-04-02 06:00,1554184800,10.5,-60.1,A8GX4,315,7,23,15.3,,1013,20010,3,0,0
7304514,10256,2019-04-02 18:00,1554228000,11.7,-62.4,A8GX4,270,7,26,21.4,,1015,20000,3,2,2
7304581,256,2019-04-02 18:00,1554228000,11.7,-62.4,A8GX4,270,7,26,21.4,,1015,20010,3,2,2
7365328,10256,2019-04-03 06:00,1554271200,12.1,-65.1,A8GX4,270,7,22,17.6,,1014.5,20000,3,2,2
7365261,256,2019-04-03 06:00,1554271200,12.1,-65.1,A8GX4,270,7,22,17.6,,1014.5,20010,3,2,2
7425194,10256,2019-04-03 18:00,1554314400,12.5,-67.8,A8GX4,270,7,26.5,20.6,,1016,10000,3,2,2
7425256,256,2019-04-03 18:00,1554314400,12.5,-67.8,A8GX4,270,7,26.5,20.6,,1016,10010,3,2,2
7602858,10256,2019-04-05 06:00,1554444000,11,-75.3,A8GX4,225,7,23,17.2,,1011,4000,10,2,2
7602795,256,2019-04-05 06:00,1554444000,11,-75.3,A8GX4,225,7,23,17.2,,1011,4010,10,2,2
7724980,10256,2019-04-06 06:00,1554530400,11.2,-75.8,A8GX4,360,4,22,16.3,,1009,10000,3,2,2
7724821,256,2019-04-06 06:00,1554530400,11.2,-75.8,A8GX4,360,4,22,16.3,,1009,10010,3,2,2
7854135,10256,2019-04-07 06:00,1554616800,15.7,-75.4,A8GX4,360,7,23,17.2,,1014,10000,3,2,2
7854257,256,2019-04-07 06:00,1554616800,15.7,-75.4,A8GX4,360,7,23,17.2,,1014,10010,3,2,2
8076498,10256,2019-04-09 06:00,1554789600,18.3,-80.3,A8GX4,270,7,23,16.1,,1013,10000,3,1,1
8076474,256,2019-04-09 06:00,1554789600,18.3,-80.3,A8GX4,270,7,23,16.1,,1013,10010,3,1,1
8129792,10256,2019-04-09 18:00,1554832800,19.3,-83,A8GX4,270,7,28,21.5,,1012,10000,3,0,0
8129825,256,2019-04-09 18:00,1554832800,19.3,-83,A8GX4,270,7,28,21.5,,1012,10010,3,0,0
8183502,10256,2019-04-10 06:00,1554876000,21.2,-85,A8GX4,315,7,23,16.8,,1010,10000,3,0,0
8183621,256,2019-04-10 06:00,1554876000,21.2,-85,A8GX4,315,7,23,16.8,,1010,10010,3,0,0
8239221,10256,2019-04-10 18:00,1554919200,23.5,-86.6,A8GX4,315,7,26,15.7,,1011,10000,3,2,2
8239301,256,2019-04-10 18:00,1554919200,23.5,-86.6,A8GX4,315,7,26,15.7,,1011,10010,3,2,2
8293270,10256,2019-04-11 06:00,1554962400,26,-87.8,A8GX4,315,7,21,11.1,,1010,10000,1,2,2
8293343,256,2019-04-11 06:00,1554962400,26,-87.8,A8GX4,315,7,21,11.1,,1010,10010,1,2,2
8614390,10256,2019-04-13 18:00,1555178400,28,-90.6,A8GX4,270,4,24,19.5,,1006,4000,10,1,1
8614401,256,2019-04-13 18:00,1555178400,28,-90.6,A8GX4,270,4,24,19.5,,1006,4010,10,1,1
8668790,10256,2019-04-14 06:00,1555221600,28,-92.7,A8GX4,315,4,20,14.4,,1006,10000,3,0,0
8668780,256,2019-04-14 06:00,1555221600,28,-92.7,A8GX4,315,4,20,14.4,,1006,10010,3,0,0
8731385,10256,2019-04-14 18:00,1555264800,29.1,-94.2,A8GX4,315,2,14,3.7,,1014,10000,1,2,2
8731336,256,2019-04-14 18:00,1555264800,29.1,-94.2,A8GX4,315,2,14,3.7,,1014,10010,1,2,2
9058018,10256,2019-04-17 06:00,1555480800,28.3,-94.6,A8GX4,135,4,20,9.3,,1014.5,10000,3,0,0
9057993,256,2019-04-17 06:00,1555480800,28.3,-94.6,A8GX4,135,4,20,9.3,,1014.5,10010,3,0,0
9113576,10256,2019-04-17 18:00,1555524000,26.4,-94.5,A8GX4,180,4,24,23.3,,1012,4000,10,0,0
9113548,256,2019-04-17 18:00,1555524000,26.4,-94.5,A8GX4,180,4,24,23.3,,1012,4010,10,0,0
9175329,10256,2019-04-18 06:00,1555567200,24.5,-94.9,A8GX4,180,4,22,16.3,,1005.5,10000,3,0,0
9175270,256,2019-04-18 06:00,1555567200,24.5,-94.9,A8GX4,180,4,22,16.3,,1005.5,10010,3,0,0
9241928,10256,2019-04-18 18:00,1555610400,22.5,-95.3,A8GX4,180,4,25,24.3,,1007,4000,10,0,0
9242045,256,2019-04-18 18:00,1555610400,22.5,-95.3,A8GX4,180,4,25,24.3,,1007,4010,10,0,0
9298800,10256,2019-04-19 06:00,1555653600,20.3,-95.8,A8GX4,180,7,22,19,,1014,10000,3,0,0
9298757,256,2019-04-19 06:00,1555653600,20.3,-95.8,A8GX4,180,7,22,19,,1014,10010,3,0,0
9550350,10256,2019-04-21 06:00,1555826400,20.9,-93.2,A8GX4,45,7,21,19.5,,1017.5,10000,0,2,2
9550383,256,2019-04-21 06:00,1555826400,20.9,-93.2,A8GX4,45,7,21,19.5,,1017.5,10010,0,2,2
9617588,10256,2019-04-21 18:00,1555869600,21.9,-90.3,A8GX4,90,7,23,16.9,,1018,10000,1,2,2
9617586,256,2019-04-21 18:00,1555869600,21.9,-90.3,A8GX4,90,7,23,16.9,,1018,10010,1,2,2
9679540,10256,2019-04-22 06:00,1555912800,22.7,-87.3,A8GX4,90,7,21,19.5,,1017.5,10000,1,2,2
9679481,256,2019-04-22 06:00,1555912800,22.7,-87.3,A8GX4,90,7,21,19.5,,1017.5,10010,1,2,2
9740148,10256,2019-04-22 18:00,1555956000,20.9,-85.2,A8GX4,135,7,26,20.2,,1017,10000,3,1,1
9740205,256,2019-04-22 18:00,1555956000,20.9,-85.2,A8GX4,135,7,26,20.2,,1017,10010,3,1,1
9794771,10256,2019-04-23 06:00,1555999200,19.3,-82.8,A8GX4,135,7,24,22.6,,1015.5,10000,1,2,2
9794909,256,2019-04-23 06:00,1555999200,19.3,-82.8,A8GX4,135,7,24,22.6,,1015.5,10010,1,2,2
9856049,10256,2019-04-23 18:00,1556042400,18.1,-80.1,A8GX4,90,7,27,23.6,,1014.5,10000,3,2,2
9856040,256,2019-04-23 18:00,1556042400,18.1,-80.1,A8GX4,90,7,27,23.6,,1014.5,10010,3,2,2
9914074,10256,2019-04-24 06:00,1556085600,17.5,-77.2,A8GX4,90,7,24,21.1,,1012,10000,3,1,1
9914118,256,2019-04-24 06:00,1556085600,17.5,-77.2,A8GX4,90,7,24,21.1,,1012,10010,3,1,1
10040769,10256,2019-04-25 06:00,1556172000,16.8,-76.6,A8GX4,180,4,23,20.1,,1013,10000,3,1,1
10040735,256,2019-04-25 06:00,1556172000,16.8,-76.6,A8GX4,180,4,23,20.1,,1013,10010,3,1,1
10100270,10256,2019-04-25 18:00,1556215200,14.8,-76.3,A8GX4,180,7,27,22.8,,1012,10000,3,1,1
10100234,256,2019-04-25 18:00,1556215200,14.8,-76.3,A8GX4,180,7,27,22.8,,1012,10010,3,1,1
10158052,10256,2019-04-26 06:00,1556258400,12.9,-76,A8GX4,180,4,24,21.1,,1012,10000,3,0,0
10158065,256,2019-04-26 06:00,1556258400,12.9,-76,A8GX4,180,4,24,21.1,,1012,10010,3,0,0
10221662,10256,2019-04-26 18:00,1556301600,11,-75.8,A8GX4,180,4,28,23.9,,1010,10000,3,1,1
10221620,256,2019-04-26 18:00,1556301600,11,-75.8,A8GX4,180,4,28,23.9,,1010,10010,3,1,1
10334978,10256,2019-04-27 18:00,1556388000,10.1,-77,A8GX4,270,7,27,25.7,,1009,10000,3,1,1
10335038,256,2019-04-27 18:00,1556388000,10.1,-77,A8GX4,270,7,27,25.7,,1009,10010,3,1,1
10399772,10256,2019-04-28 06:00,1556431200,9.9,-79.2,A8GX4,270,7,24,21.1,,1009.5,10000,3,1,1
10399727,256,2019-04-28 06:00,1556431200,9.9,-79.2,A8GX4,270,7,24,21.1,,1009.5,10010,3,1,1
10689573,10256,2019-04-30 18:00,1556647200,11,-76.4,A8GX4,90,9,27,25,,1007.5,10000,3,0,0
10689601,256,2019-04-30 18:00,1556647200,11,-76.4,A8GX4,90,9,27,25,,1007.5,10010,3,0,0
10746012,10256,2019-05-01 06:00,1556690400,12.2,-73.4,A8GX4,90,9,23,20.1,,1009,10000,3,0,0
10745916,256,2019-05-01 06:00,1556690400,12.2,-73.4,A8GX4,90,9,23,20.1,,1009,10010,3,0,0
10806926,10256,2019-05-01 18:00,1556733600,12.7,-70.2,A8GX4,90,9,27,24.3,,1012,4000,10,1,1
10806874,256,2019-05-01 18:00,1556733600,12.7,-70.2,A8GX4,90,9,27,24.3,,1012,4010,10,1,1
7423534,10256,2019-04-03 18:00,1554314400,27.8,-88.7,A8HO3,135,7,23,18.3,,1024.6,20000,2,1,1
7423573,256,2019-04-03 18:00,1554314400,27.8,-88.7,A8HO3,135,7,23,18.3,,1024.6,20010,2,1,1
7485880,10256,2019-04-04 06:00,1554357600,25.6,-87,A8HO3,135,7,23,18.3,,1022,20000,2,,
7486256,256,2019-04-04 06:00,1554357600,25.6,-87,A8HO3,135,7,23,18.3,,1022,20010,2,,
7539884,10256,2019-04-04 18:00,1554400800,24,-84.3,A8HO3,135,7,26,19.9,,1020.8,20000,2,,
7540065,256,2019-04-04 18:00,1554400800,24,-84.3,A8HO3,135,7,26,19.9,,1020.8,20010,2,,
7660975,10256,2019-04-05 18:00,1554487200,26.1,-79.3,A8HO3,360,7,29,23.2,,1021,20000,3,1,1
7661276,256,2019-04-05 18:00,1554487200,26.1,-79.3,A8HO3,360,7,29,23.2,,1021,20010,3,1,1
7723080,10256,2019-04-06 06:00,1554530400,25.9,-76.5,A8HO3,45,7,25,17,,1020.2,20000,2,1,1
7723083,256,2019-04-06 06:00,1554530400,25.9,-76.5,A8HO3,45,7,25,17,,1020.2,20010,2,1,1
7784104,10256,2019-04-06 18:00,1554573600,27,-73.5,A8HO3,45,7,26.5,17.9,,1022.5,20000,2,1,1
7784123,256,2019-04-06 18:00,1554573600,27,-73.5,A8HO3,45,7,26.5,17.9,,1022.5,20010,2,1,1
7847155,10256,2019-04-07 06:00,1554616800,28.1,-70.5,A8HO3,45,7,24,19.4,,1022.5,20000,2,1,1
7847138,256,2019-04-07 06:00,1554616800,28.1,-70.5,A8HO3,45,7,24,19.4,,1022.5,20010,2,1,1
7892698,10256,2019-04-07 15:00,1554649200,28.9,-68.1,A8HO3,90,7,25.4,19.3,,1023.3,20000,2,0,0
7892682,256,2019-04-07 15:00,1554649200,28.9,-68.1,A8HO3,90,7,25.4,19.3,,1023.3,20010,2,0,0
7907531,10256,2019-04-07 18:00,1554660000,29.2,-67.4,A8HO3,90,7,26.1,19.8,,1022.2,20000,2,1,1
7907572,256,2019-04-07 18:00,1554660000,29.2,-67.4,A8HO3,90,7,26.1,19.8,,1022.2,20010,2,1,1
8022284,10256,2019-04-08 18:00,1554746400,31.1,-61,A8HO3,90,7,25,18.8,,1019.2,20000,2,1,1
8022288,256,2019-04-08 18:00,1554746400,31.1,-61,A8HO3,90,7,25,18.8,,1019.2,20010,2,1,1
8069989,10256,2019-04-09 06:00,1554789600,31.9,-57.7,A8HO3,45,7,24,22.5,,1018.9,20000,3,1,1
8070005,256,2019-04-09 06:00,1554789600,31.9,-57.7,A8HO3,45,7,24,22.5,,1018.9,20010,3,1,1
8182436,10256,2019-04-10 06:00,1554876000,33.2,-51.1,A8HO3,90,7,20,16.7,,1014.9,20000,2,1,1
8182100,256,2019-04-10 06:00,1554876000,33.2,-51.1,A8HO3,90,7,20,16.7,,1014.9,20010,2,1,1
8232248,10256,2019-04-10 18:00,1554919200,33.8,-47.6,A8HO3,90,7,23,19.9,,1014.8,20000,3,1,1
8232257,256,2019-04-10 18:00,1554919200,33.8,-47.6,A8HO3,90,7,23,19.9,,1014.8,20010,3,1,1
8277158,10256,2019-04-11 03:00,1554951600,34.2,-45,A8HO3,90,7,21,19.4,,1015.1,20000,2,1,1
8276828,256,2019-04-11 03:00,1554951600,34.2,-45,A8HO3,90,7,21,19.4,,1015.1,20010,2,1,1
8713935,10256,2019-04-14 15:00,1555254000,35.4,-21,A8HO3,90,7,16.5,12,,1013,20000,3,6,5
8713936,256,2019-04-14 15:00,1555254000,35.4,-21,A8HO3,90,7,16.5,12,,1013,20010,3,6,5
8161979,10256,2019-04-10 00:00,1554854400,40.9,139.5,A8IE9,45,9,12,7.9,,1017,20000,1,1,1
8161974,256,2019-04-10 00:00,1554854400,40.9,139.5,A8IE9,45,9,12,7.9,,1017,20010,1,1,1
8209781,10256,2019-04-10 12:00,1554897600,41.8,144.1,A8IE9,45,9,7.1,2,,1011,10000,3,2,2
8209708,256,2019-04-10 12:00,1554897600,41.8,144.1,A8IE9,45,9,7.1,2,,1011,10010,3,2,2
8239223,10256,2019-04-10 18:00,1554919200,42.6,146.2,A8IE9,45,9,4,2.8,,1010.5,20000,2,2,2
8239302,256,2019-04-10 18:00,1554919200,42.6,146.2,A8IE9,45,9,4,2.8,,1010.5,20010,2,2,2
8295234,10256,2019-04-11 06:00,1554962400,44,150.6,A8IE9,90,9,6,-2.3,,1008.8,20000,2,0,0
8295241,256,2019-04-11 06:00,1554962400,44,150.6,A8IE9,90,9,6,-2.3,,1008.8,20010,2,0,0
8359738,10256,2019-04-11 18:00,1555005600,45.1,154.8,A8IE9,90,9,3,0.3,,1008,20000,3,0,0
8359710,256,2019-04-11 18:00,1555005600,45.1,154.8,A8IE9,90,9,3,0.3,,1008,20010,3,0,0
8393286,10256,2019-04-12 00:00,1555027200,45.6,157,A8IE9,90,9,8,3.3,,1009,10000,3,2,2
8393314,256,2019-04-12 00:00,1555027200,45.6,157,A8IE9,90,9,8,3.3,,1009,10010,3,2,2
8422194,10256,2019-04-12 06:00,1555048800,46,159.3,A8IE9,90,9,4,-1.6,,1007,20000,2,0,0
8422146,256,2019-04-12 06:00,1555048800,46,159.3,A8IE9,90,9,4,-1.6,,1007,20010,2,0,0
8483829,10256,2019-04-12 18:00,1555092000,46.8,163.7,A8IE9,90,9,4,0,,1006,20000,3,0,0
8483997,256,2019-04-12 18:00,1555092000,46.8,163.7,A8IE9,90,9,4,0,,1006,20010,3,0,0
8513009,10256,2019-04-13 00:00,1555113600,47.1,165.9,A8IE9,90,9,3,-2.8,,1008,20000,3,2,2
8513027,256,2019-04-13 00:00,1555113600,47.1,165.9,A8IE9,90,9,3,-2.8,,1008,20010,3,2,2
8550204,10256,2019-04-13 06:00,1555135200,47.4,168.2,A8IE9,90,9,4,1.4,,1007,20000,3,0,0
8550300,256,2019-04-13 06:00,1555135200,47.4,168.2,A8IE9,90,9,4,1.4,,1007,20010,3,0,0
8614392,10256,2019-04-13 18:00,1555178400,47.8,172.8,A8IE9,90,9,4,1.4,,1006,20000,2,0,0
8614402,256,2019-04-13 18:00,1555178400,47.8,172.8,A8IE9,90,9,4,1.4,,1006,20010,2,0,0
8643652,10256,2019-04-14 00:00,1555200000,47.9,175.2,A8IE9,90,7,5,2.5,,1007,10000,2,2,2
8643578,256,2019-04-14 00:00,1555200000,47.9,175.2,A8IE9,90,7,5,2.5,,1007,10010,2,2,2
8736741,10256,2019-04-14 18:00,1555264800,47.8,-177.5,A8IE9,90,9,9,3.2,,1005.5,20000,1,1,1
8736689,256,2019-04-14 18:00,1555264800,47.8,-177.5,A8IE9,90,9,9,3.2,,1005.5,20010,1,1,1
8762484,10256,2019-04-15 00:00,1555286400,47.8,-175,A8IE9,90,9,9,1.8,,1006,20000,2,1,1
8762307,256,2019-04-15 00:00,1555286400,47.8,-175,A8IE9,90,9,9,1.8,,1006,20010,2,1,1
8794716,10256,2019-04-15 06:00,1555308000,47.8,-172.5,A8IE9,90,9,9,4.5,,1003.5,20000,3,1,1
8794748,256,2019-04-15 06:00,1555308000,47.8,-172.5,A8IE9,90,9,9,4.5,,1003.5,20010,3,1,1
8885307,10256,2019-04-16 00:00,1555372800,47.1,-165.2,A8IE9,90,9,9,4.5,,1005.5,20000,2,1,1
8885262,256,2019-04-16 00:00,1555372800,47.1,-165.2,A8IE9,90,9,9,4.5,,1005.5,20010,2,1,1
8921388,10256,2019-04-16 06:00,1555394400,46.7,-162.7,A8IE9,90,9,9,4.5,,1006,10000,3,2,2
8921282,256,2019-04-16 06:00,1555394400,46.7,-162.7,A8IE9,90,9,9,4.5,,1006,10010,3,2,2
8989456,10256,2019-04-16 18:00,1555437600,45.9,-158.1,A8IE9,90,9,10,3.1,,1008,20000,2,1,1
8989471,256,2019-04-16 18:00,1555437600,45.9,-158.1,A8IE9,90,9,10,3.1,,1008,20010,2,1,1
9118914,10256,2019-04-17 18:00,1555524000,43.8,-149.4,A8IE9,135,9,10.5,5,,1011,10000,3,1,1
9118724,256,2019-04-17 18:00,1555524000,43.8,-149.4,A8IE9,135,9,10.5,5,,1011,10010,3,1,1
9144314,10256,2019-04-18 00:00,1555545600,43.1,-147.2,A8IE9,135,9,12,5.6,,1013,20000,1,1,1
9144306,256,2019-04-18 00:00,1555545600,43.1,-147.2,A8IE9,135,9,12,5.6,,1013,20010,1,1,1
9180574,10256,2019-04-18 06:00,1555567200,42.4,-144.9,A8IE9,135,9,12,7.9,,1016,10000,1,1,1
9180504,256,2019-04-18 06:00,1555567200,42.4,-144.9,A8IE9,135,9,12,7.9,,1016,10010,1,1,1
9211458,10256,2019-04-18 12:00,1555588800,41.6,-142.8,A8IE9,135,9,13,9.1,,1016,20000,0,2,2
9211533,256,2019-04-18 12:00,1555588800,41.6,-142.8,A8IE9,135,9,13,9.1,,1016,20010,0,2,2
9241930,10256,2019-04-18 18:00,1555610400,40.7,-140.6,A8IE9,135,9,13,9.1,,1021,10000,50,5,2
9242046,256,2019-04-18 18:00,1555610400,40.7,-140.6,A8IE9,135,9,13,9.1,,1021,10010,50,5,2
9304328,10256,2019-04-19 06:00,1555653600,38.9,-136.5,A8IE9,135,9,13,11.1,,1025,20000,1,1,1
9304423,256,2019-04-19 06:00,1555653600,38.9,-136.5,A8IE9,135,9,13,11.1,,1025,20010,1,1,1
9351442,10256,2019-04-19 12:00,1555675200,38,-134.5,A8IE9,135,9,14,12.2,,1023,20000,509,,
9351495,256,2019-04-19 12:00,1555675200,38,-134.5,A8IE9,135,9,14,12.2,,1023,20010,509,,
9366928,10256,2019-04-19 18:00,1555696800,37,-132.6,A8IE9,135,9,14,10.2,,1023,10000,3,2,2
9366998,256,2019-04-19 18:00,1555696800,37,-132.6,A8IE9,135,9,14,10.2,,1023,10010,3,2,2
9398616,10256,2019-04-20 00:00,1555718400,36,-130.6,A8IE9,135,9,16,12.4,,1021,10000,28,4,2
9398537,256,2019-04-20 00:00,1555718400,36,-130.6,A8IE9,135,9,16,12.4,,1021,10010,28,4,2
9430954,10256,2019-04-20 06:00,1555740000,34.9,-128.8,A8IE9,135,9,14,12.2,,1021,10000,3,2,2
9430923,256,2019-04-20 06:00,1555740000,34.9,-128.8,A8IE9,135,9,14,12.2,,1021,10010,3,2,2
9493057,10256,2019-04-20 18:00,1555783200,32.7,-125.3,A8IE9,135,9,16,12.4,,1022,10000,3,2,2
9493120,256,2019-04-20 18:00,1555783200,32.7,-125.3,A8IE9,135,9,16,12.4,,1022,10010,3,2,2
9550351,10256,2019-04-21 06:00,1555826400,30.5,-122,A8IE9,135,9,16,14.3,,1021,10000,3,2,2
9550384,256,2019-04-21 06:00,1555826400,30.5,-122,A8IE9,135,9,16,14.3,,1021,10010,3,2,2
9581450,10256,2019-04-21 12:00,1555848000,30.7,-120,A8IE9,90,9,15.5,11.8,,1019,20000,0,0,0
9581344,256,2019-04-21 12:00,1555848000,30.7,-120,A8IE9,90,9,15.5,11.8,,1019,20010,0,0,0
9617592,10256,2019-04-21 18:00,1555869600,31.2,-118,A8IE9,45,9,16,12.4,,1020,10000,2,2,2
9617587,256,2019-04-21 18:00,1555869600,31.2,-118,A8IE9,45,9,16,12.4,,1020,10010,2,2,2
7255127,10256,2019-04-02 06:00,1554184800,40.7,132.7,A8IG2,,0,4,-4.2,,1019.1,10000,2,0,0
7250020,10256,2019-04-02 06:00,1554184800,40.7,132.7,A8IG2,,,4,,,,10000,509,,
7255444,256,2019-04-02 06:00,1554184800,40.7,132.7,A8IG2,0,0,4,-4.2,,1019.1,10010,2,0,0
7250211,256,2019-04-02 06:00,1554184800,40.7,132.7,A8IG2,,,4,,,,10010,510,,
7367788,10256,2019-04-03 06:00,1554271200,37.6,130.8,A8IG2,180,4,11.2,-3.1,,1020.5,10000,1,0,0
7368407,256,2019-04-03 06:00,1554271200,37.6,130.8,A8IG2,180,4,11.2,-3.1,,1020.5,10010,1,0,0
7425966,10256,2019-04-03 18:00,1554314400,35.6,129.7,A8IG2,180,7,10.2,-2.7,,1020.3,10000,2,1,1
7426391,256,2019-04-03 18:00,1554314400,35.6,129.7,A8IG2,180,7,10.2,-2.7,,1020.3,10010,2,1,1
7542532,10256,2019-04-04 18:00,1554400800,33.9,127.6,A8IG2,270,9,12.3,5.9,,1016,10000,2,1,1
7542621,256,2019-04-04 18:00,1554400800,33.9,127.6,A8IG2,270,9,12.3,5.9,,1016,10010,2,1,1
7609906,10256,2019-04-05 06:00,1554444000,35.9,124.3,A8IG2,360,9,13.5,3.1,,1014.5,10000,5,0,0
7610786,256,2019-04-05 06:00,1554444000,35.9,124.3,A8IG2,360,9,13.5,3.1,,1014.5,10010,5,0,0
7726467,10256,2019-04-06 06:00,1554530400,38.7,121.8,A8IG2,225,7,8.5,-0.8,,1012.8,10000,3,1,1
7726994,256,2019-04-06 06:00,1554530400,38.7,121.8,A8IG2,225,7,8.5,-0.8,,1012.8,10010,3,1,1
7787184,10256,2019-04-06 18:00,1554573600,38.8,118.8,A8IG2,270,7,7,2.2,,1015.8,10000,3,2,2
7787468,256,2019-04-06 18:00,1554573600,38.8,118.8,A8IG2,270,7,7,2.2,,1015.8,10010,3,2,2
7986788,10256,2019-04-08 06:00,1554703200,38,121.8,A8IG2,135,7,11.5,3.2,,1020.5,10000,3,2,2
7971373,10256,2019-04-08 06:00,1554703200,38,121.8,A8IG2,,,11.5,3.2,,1020.5,10000,509,,
7971589,256,2019-04-08 06:00,1554703200,38,121.8,A8IG2,,,11.5,3.2,,1020.5,10010,510,,
7986905,256,2019-04-08 06:00,1554703200,38,121.8,A8IG2,135,7,11.5,3.2,,1020.5,10010,3,2,2
8023784,10256,2019-04-08 18:00,1554746400,36.3,122.5,A8IG2,,,8.8,4,,1019,10000,509,,
8081340,10256,2019-04-08 18:00,1554746400,36.3,122.5,A8IG2,225,7,8.8,4,,1019,10000,3,1,1
8023913,256,2019-04-08 18:00,1554746400,36.3,122.5,A8IG2,,,8.8,4,,1019,10010,510,,
8081528,256,2019-04-08 18:00,1554746400,36.3,122.5,A8IG2,225,7,8.8,4,,1019,10010,3,1,1
8080508,10256,2019-04-09 06:00,1554789600,35.8,121.1,A8IG2,,,10.2,8.1,,1009.2,4000,509,,
8081342,10256,2019-04-09 06:00,1554789600,35.8,121.1,A8IG2,270,7,10.2,8.1,,1009.2,4000,61,6,2
8081530,256,2019-04-09 06:00,1554789600,35.8,121.1,A8IG2,270,7,10.2,8.1,,1009.2,4010,61,6,2
8081037,256,2019-04-09 06:00,1554789600,35.8,121.1,A8IG2,,,10.2,8.1,,1009.2,4010,510,,
8196781,10256,2019-04-10 06:00,1554876000,34.4,122.1,A8IG2,135,4,9,2.6,,1018,10000,2,0,0
8184390,10256,2019-04-10 06:00,1554876000,34.4,122.1,A8IG2,,,9,2.6,,1018,10000,509,,
8184745,256,2019-04-10 06:00,1554876000,34.4,122.1,A8IG2,,,9,2.6,,1018,10010,510,,
8198025,256,2019-04-10 06:00,1554876000,34.4,122.1,A8IG2,135,4,9,2.6,,1018,10010,2,0,0
8235649,10256,2019-04-10 18:00,1554919200,33.5,122.4,A8IG2,,,10.7,7.5,,1018,10000,509,,
8236041,256,2019-04-10 18:00,1554919200,33.5,122.4,A8IG2,,,10.7,7.5,,1018,10010,510,,
8293980,10256,2019-04-11 06:00,1554962400,32.8,122.6,A8IG2,,,12,5.3,,1018,10000,509,,
8294253,256,2019-04-11 06:00,1554962400,32.8,122.6,A8IG2,,,12,5.3,,1018,10010,510,,
8479500,10256,2019-04-12 18:00,1555092000,30.6,123.5,A8IG2,,,12.5,6.6,,1021,10000,509,,
8479728,256,2019-04-12 18:00,1555092000,30.6,123.5,A8IG2,,,12.5,6.6,,1021,10010,510,,
8545854,10256,2019-04-13 06:00,1555135200,28.1,122.2,A8IG2,,,15.8,13.1,,1018.1,10000,509,,
8546175,256,2019-04-13 06:00,1555135200,28.1,122.2,A8IG2,,,15.8,13.1,,1018.1,10010,510,,
8607622,10256,2019-04-13 18:00,1555178400,25.6,120.4,A8IG2,,,17.5,15.9,,1018,10000,509,,
8607955,256,2019-04-13 18:00,1555178400,25.6,120.4,A8IG2,,,17.5,15.9,,1018,10010,510,,
8669388,10256,2019-04-14 06:00,1555221600,23.4,118,A8IG2,,,23.8,19.7,,1017,10000,509,,
8669815,256,2019-04-14 06:00,1555221600,23.4,118,A8IG2,,,23.8,19.7,,1017,10010,510,,
8732248,10256,2019-04-14 18:00,1555264800,20.8,116.3,A8IG2,,,25.2,23.3,,1015,10000,509,,
8732464,256,2019-04-14 18:00,1555264800,20.8,116.3,A8IG2,,,25.2,23.3,,1015,10010,510,,
8793593,10256,2019-04-15 06:00,1555308000,18.2,114.5,A8IG2,,,29,25.6,,1012.8,10000,509,,
8793872,256,2019-04-15 06:00,1555308000,18.2,114.5,A8IG2,,,29,25.6,,1012.8,10010,510,,
8855182,10256,2019-04-15 18:00,1555351200,15.4,112.5,A8IG2,,,29.3,25.3,,1012.3,10000,509,,
8855456,256,2019-04-15 18:00,1555351200,15.4,112.5,A8IG2,,,29.3,25.3,,1012.3,10010,510,,
8983944,10256,2019-04-16 18:00,1555437600,10.6,109.3,A8IG2,,,29,24.9,,1012,10000,509,,
8984197,256,2019-04-16 18:00,1555437600,10.6,109.3,A8IG2,,,29,24.9,,1012,10010,510,,
9176016,10256,2019-04-18 06:00,1555567200,9.8,107.4,A8IG2,,,31.5,24.9,,1011.2,10000,509,,
9197711,10256,2019-04-18 06:00,1555567200,9.8,107.4,A8IG2,180,7,31.5,24.9,,1011.2,10000,2,1,1
9202017,256,2019-04-18 06:00,1555567200,9.8,107.4,A8IG2,180,7,31.5,24.9,,1011.2,10010,2,1,1
9176286,256,2019-04-18 06:00,1555567200,9.8,107.4,A8IG2,,,31.5,24.9,,1011.2,10010,510,,
9237099,10256,2019-04-18 18:00,1555610400,8,106,A8IG2,,,28.3,23.8,,1011,10000,509,,
9237412,256,2019-04-18 18:00,1555610400,8,106,A8IG2,,,28.3,23.8,,1011,10010,510,,
9299890,10256,2019-04-19 06:00,1555653600,8.5,104.1,A8IG2,,,30.5,25,,1010.1,10000,509,,
9300268,256,2019-04-19 06:00,1555653600,8.5,104.1,A8IG2,,,30.5,25,,1010.1,10010,510,,
9362330,10256,2019-04-19 18:00,1555696800,9,103.4,A8IG2,,,29.2,24.9,,1008.4,10000,509,,
9362592,256,2019-04-19 18:00,1555696800,9,103.4,A8IG2,,,29.2,24.9,,1008.4,10010,510,,
9426267,10256,2019-04-20 06:00,1555740000,10.9,101.8,A8IG2,,,34.5,25.9,,1007.5,10000,509,,
9426661,256,2019-04-20 06:00,1555740000,10.9,101.8,A8IG2,,,34.5,25.9,,1007.5,10010,510,,
9613091,10256,2019-04-21 18:00,1555869600,11.1,101.7,A8IG2,,,,,,1006.3,10000,2,0,0
9613429,256,2019-04-21 18:00,1555869600,11.1,101.7,A8IG2,,,,,,1006.3,10010,2,0,0
9674670,10256,2019-04-22 06:00,1555912800,8.8,103.5,A8IG2,,,33,25.1,,1008.1,10000,509,,
9675014,256,2019-04-22 06:00,1555912800,8.8,103.5,A8IG2,,,33,25.1,,1008.1,10010,510,,
9820933,10256,2019-04-22 18:00,1555956000,8,106,A8IG2,90,7,30.5,25.5,,1008,10000,2,0,0
9820935,10256,2019-04-22 18:00,1555956000,8,106,A8IG2,90,7,30.5,25.5,,1008,10000,2,0,0
9735808,10256,2019-04-22 18:00,1555956000,8,106,A8IG2,,,30.5,25.5,,1008,10000,509,,
9736160,256,2019-04-22 18:00,1555956000,8,106,A8IG2,,,30.5,25.5,,1008,10010,510,,
9821310,256,2019-04-22 18:00,1555956000,8,106,A8IG2,90,7,30.5,25.5,,1008,10010,2,0,0
9819110,10256,2019-04-23 06:00,1555999200,9,108.6,A8IG2,45,7,33,25.7,,1009,10000,2,0,0
9795579,10256,2019-04-23 06:00,1555999200,9,108.6,A8IG2,,,33,25.7,,1009,10000,509,,
9821315,256,2019-04-23 06:00,1555999200,9,108.6,A8IG2,45,7,33,25.7,,1009,10010,2,0,0
9795945,256,2019-04-23 06:00,1555999200,9,108.6,A8IG2,,,33,25.7,,1009,10010,510,,
9854976,10256,2019-04-23 18:00,1556042400,10.3,111.1,A8IG2,,,30,24.1,,1009.8,10000,509,,
9855355,256,2019-04-23 18:00,1556042400,10.3,111.1,A8IG2,,,30,24.1,,1009.8,10010,510,,
9914811,10256,2019-04-24 06:00,1556085600,11.7,113.5,A8IG2,,,32,23.1,,1009.8,10000,509,,
9915130,256,2019-04-24 06:00,1556085600,11.7,113.5,A8IG2,,,32,23.1,,1009.8,10010,510,,
9975398,10256,2019-04-24 18:00,1556128800,12.6,116.2,A8IG2,,,30.5,22.9,,1009.3,10000,509,,
9975676,256,2019-04-24 18:00,1556128800,12.6,116.2,A8IG2,,,30.5,22.9,,1009.3,10010,510,,
10036377,10256,2019-04-25 06:00,1556172000,13.2,118.8,A8IG2,,,32.5,23.3,,1009.5,10000,509,,
10036543,256,2019-04-25 06:00,1556172000,13.2,118.8,A8IG2,,,32.5,23.3,,1009.5,10010,510,,
10682772,10256,2019-04-30 06:00,1556604000,13.7,121,A8IG2,,0,33.6,24.4,,1008.7,10000,2,0,0
10631080,10256,2019-04-30 06:00,1556604000,13.7,121,A8IG2,,,33.6,24.4,,1008.7,10000,509,,
10685872,256,2019-04-30 06:00,1556604000,13.7,121,A8IG2,0,0,33.6,24.4,,1008.7,10010,2,0,0
10631397,256,2019-04-30 06:00,1556604000,13.7,121,A8IG2,,,33.6,24.4,,1008.7,10010,510,,
10690445,10256,2019-04-30 18:00,1556647200,15.8,119.6,A8IG2,,,29.6,25,,1010.2,10000,509,,
10761165,10256,2019-04-30 18:00,1556647200,15.8,119.6,A8IG2,360,9,29.6,25,,1010.2,10000,3,2,2
10761164,10256,2019-04-30 18:00,1556647200,15.8,119.6,A8IG2,360,9,29.6,25,,1010.2,10000,3,2,2
10761331,256,2019-04-30 18:00,1556647200,15.8,119.6,A8IG2,360,9,29.6,25,,1010.2,10010,3,2,2
10690707,256,2019-04-30 18:00,1556647200,15.8,119.6,A8IG2,,,29.6,25,,1010.2,10010,510,,
10757074,10256,2019-05-01 06:00,1556690400,19.5,120.4,A8IG2,360,9,32.5,23.6,,1009.8,10000,2,1,1
10746792,10256,2019-05-01 06:00,1556690400,19.5,120.4,A8IG2,,,32.5,23.6,,1009.8,10000,509,,
10747037,256,2019-05-01 06:00,1556690400,19.5,120.4,A8IG2,,,32.5,23.6,,1009.8,10010,510,,
10761336,256,2019-05-01 06:00,1556690400,19.5,120.4,A8IG2,360,9,32.5,23.6,,1009.8,10010,2,1,1
10803574,10256,2019-05-01 18:00,1556733600,22.7,121.6,A8IG2,,,23.6,20.6,,1012.2,4000,509,,
10803837,256,2019-05-01 18:00,1556733600,22.7,121.6,A8IG2,,,23.6,20.6,,1012.2,4010,510,,
7541762,10256,2019-04-04 18:00,1554400800,15.9,71.2,A8JE6,180,7,28,25.3,,1013,10000,0,1,1
7541560,256,2019-04-04 18:00,1554400800,15.9,71.2,A8JE6,180,7,28,25.3,,1013,10010,0,1,1
7725157,10256,2019-04-06 06:00,1554530400,9.9,75.5,A8JE6,135,7,32,29.4,,1014,10000,3,0,0
7724875,256,2019-04-06 06:00,1554530400,9.9,75.5,A8JE6,135,7,32,29.4,,1014,10010,3,0,0
7848913,10256,2019-04-07 06:00,1554616800,7.1,79.3,A8JE6,90,7,34,30.8,,1012,10000,3,0,0
7848900,256,2019-04-07 06:00,1554616800,7.1,79.3,A8JE6,90,7,34,30.8,,1012,10010,3,0,0
8009499,10256,2019-04-08 14:00,1554731999,6.2,79.9,A8JE6,135,7,28.9,,,1009.2,10000,2,0,0
8009263,256,2019-04-08 14:00,1554731999,6.2,79.9,A8JE6,135,7,28.9,,,1009.2,10010,2,0,0
8050585,10256,2019-04-09 00:00,1554768000,5.7,81.7,A8JE6,90,7,26.1,,,1009.9,4000,62,9,9
8050544,256,2019-04-09 00:00,1554768000,5.7,81.7,A8JE6,90,7,26.1,,,1009.9,4010,62,9,9
8101663,10256,2019-04-09 12:00,1554811200,5.8,84.3,A8JE6,90,7,29.4,,,1009.8,20000,2,1,1
8101575,256,2019-04-09 12:00,1554811200,5.8,84.3,A8JE6,90,7,29.4,,,1009.8,20010,2,1,1
8157442,10256,2019-04-10 00:00,1554854400,5.9,86.8,A8JE6,90,7,28.1,,,1010.4,20000,2,1,1
8157252,256,2019-04-10 00:00,1554854400,5.9,86.8,A8JE6,90,7,28.1,,,1010.4,20010,2,1,1
8183673,10256,2019-04-10 06:00,1554876000,6,88,A8JE6,90,7,31.5,25.5,,1011,20000,3,1,1
8183651,256,2019-04-10 06:00,1554876000,6,88,A8JE6,90,7,31.5,25.5,,1011,20010,3,1,1
8209880,10256,2019-04-10 12:00,1554897600,6,89.2,A8JE6,90,7,27.8,,,1009.7,20000,3,9,8
8209825,256,2019-04-10 12:00,1554897600,6,89.2,A8JE6,90,7,27.8,,,1009.7,20010,3,9,8
8264699,10256,2019-04-11 00:00,1554940800,6.1,91.5,A8JE6,90,7,28.8,,,1009.2,20000,2,1,1
8264688,256,2019-04-11 00:00,1554940800,6.1,91.5,A8JE6,90,7,28.8,,,1009.2,20010,2,1,1
8293453,10256,2019-04-11 06:00,1554962400,6.2,92.9,A8JE6,90,7,30,25.3,,1010,20000,3,2,2
8293388,256,2019-04-11 06:00,1554962400,6.2,92.9,A8JE6,90,7,30,25.3,,1010,20010,3,2,2
8323945,10256,2019-04-11 12:00,1554984000,6.2,94,A8JE6,90,7,30.2,,,1007.2,20000,2,0,0
8323762,256,2019-04-11 12:00,1554984000,6.2,94,A8JE6,90,7,30.2,,,1007.2,20010,2,0,0
8354424,10256,2019-04-11 18:00,1555005600,6.2,95.2,A8JE6,90,7,29,24.2,,1010,20000,2,1,1
8354410,256,2019-04-11 18:00,1555005600,6.2,95.2,A8JE6,90,7,29,24.2,,1010,20010,2,1,1
9519026,10256,2019-04-21 00:00,1555804800,9.6,100.8,A8JE6,180,7,30,28.7,,1006,10000,3,2,2
9519053,256,2019-04-21 00:00,1555804800,9.6,100.8,A8JE6,180,7,30,28.7,,1006,10010,3,2,2
9581603,10256,2019-04-21 12:00,1555848000,7.4,101.7,A8JE6,135,7,30,28,,1004.8,10000,2,1,1
9581398,256,2019-04-21 12:00,1555848000,7.4,101.7,A8JE6,135,7,30,28,,1004.8,10010,2,1,1
9651088,10256,2019-04-22 00:00,1555891200,5.5,103.3,A8JE6,135,7,30,28,,1006,20000,3,2,2
9651092,256,2019-04-22 00:00,1555891200,5.5,103.3,A8JE6,135,7,30,28,,1006,20010,3,2,2
10254061,10256,2019-04-27 00:00,1556323200,5,98.6,A8JE6,315,7,29,27.7,,1008.7,10000,3,1,1
10253689,256,2019-04-27 00:00,1556323200,5,98.6,A8JE6,315,7,29,27.7,,1008.7,10010,3,1,1
10309093,10256,2019-04-27 12:00,1556366400,6.1,96.2,A8JE6,225,7,30,28.7,,1018.7,10000,3,,
10308945,256,2019-04-27 12:00,1556366400,6.1,96.2,A8JE6,225,7,30,28.7,,1018.7,10010,3,,
10372260,10256,2019-04-28 00:00,1556409600,6.2,93.4,A8JE6,270,7,29,27,,1009,10000,3,5,5
10372266,256,2019-04-28 00:00,1556409600,6.2,93.4,A8JE6,270,7,29,27,,1009,10010,3,5,5
10513801,10256,2019-04-29 06:00,1556517600,6,86.8,A8JE6,270,7,29,27.7,,1006.8,10000,3,5,5
10513626,256,2019-04-29 06:00,1556517600,6,86.8,A8JE6,270,7,29,27.7,,1006.8,10010,3,5,5
7263087,10256,2019-04-02 10:00,1554199200,43,8.9,A8JM6,45,7,16,10.8,,1016.2,10000,2,2,2
7263033,256,2019-04-02 10:00,1554199200,43,8.9,A8JM6,45,7,16,10.8,,1016.2,10010,2,2,2
7742980,10256,2019-04-06 10:00,1554544800,41.6,3.6,A8JM6,225,7,12,8.3,,1000.7,20000,1,6,2
7742922,256,2019-04-06 10:00,1554544800,41.6,3.6,A8JM6,225,7,12,8.3,,1000.7,20010,1,6,2
8385498,10256,2019-04-12 00:00,1555027200,-20.2,154.8,A8JX8,360,7,26,22.3,,1012,20000,60,2,2
8385544,256,2019-04-12 00:00,1555027200,-20.2,154.8,A8JX8,360,7,26,22.3,,1012,20010,60,2,2
8513007,10256,2019-04-13 00:00,1555113600,-14,152.9,A8JX8,360,9,32,23.4,,1009.5,20000,2,0,0
8513026,256,2019-04-13 00:00,1555113600,-14,152.9,A8JX8,360,9,32,23.4,,1009.5,20010,2,0,0
8981771,10256,2019-04-16 18:00,1555437600,3,139.6,A8JX8,315,7,28,25.9,,1008,20000,2,8,1
8982861,256,2019-04-16 18:00,1555437600,3,139.6,A8JX8,315,7,28,25.9,,1008,20010,2,8,1
9425342,10256,2019-04-20 06:00,1555740000,18,123.9,A8JX8,315,7,31,29.7,,1007.5,20000,2,1,1
9425317,256,2019-04-20 06:00,1555740000,18,123.9,A8JX8,315,7,31,29.7,,1007.5,20010,2,1,1
7248806,10256,2019-04-02 06:00,1554184800,17.9,-68.3,A8KC6,225,4,24.5,21.7,,1017,20000,2,0,0
7248831,256,2019-04-02 06:00,1554184800,17.9,-68.3,A8KC6,225,4,24.5,21.7,,1017,20010,2,0,0
7315570,10256,2019-04-02 18:00,1554228000,16.5,-69.7,A8KC6,225,4,28,22.4,,1017,20000,2,2,2
7315520,256,2019-04-02 18:00,1554228000,16.5,-69.7,A8KC6,225,4,28,22.4,,1017,20010,2,2,2
7365332,10256,2019-04-03 06:00,1554271200,15.4,-70.8,A8KC6,225,4,25,21.4,,1016,20000,2,0,0
7365263,256,2019-04-03 06:00,1554271200,15.4,-70.8,A8KC6,225,4,25,21.4,,1016,20010,2,0,0
7848773,10256,2019-04-07 05:00,1554613199,10,-77.5,A8KC6,270,4,26,21.8,,1013,20000,2,2,2
7848886,256,2019-04-07 05:00,1554613199,10,-77.5,A8KC6,270,4,26,21.8,,1013,20010,2,2,2
8422198,10256,2019-04-12 06:00,1555048800,16.2,-84.7,A8KC6,270,9,26.5,24.5,,1011,20000,2,0,0
8422147,256,2019-04-12 06:00,1555048800,16.2,-84.7,A8KC6,270,9,26.5,24.5,,1011,20010,2,0,0
9929699,10256,2019-04-24 08:00,1556092799,19.8,-94.3,A8KC6,90,4,23,13.4,,1010,20000,2,2,2
9929739,256,2019-04-24 08:00,1556092799,19.8,-94.3,A8KC6,90,4,23,13.4,,1010,20010,2,2,2
9929740,256,2019-04-24 08:00,1556092799,19.8,-94.3,A8KC6,90,4,23,13.4,,1010,20010,2,2,2
7208298,10256,2019-04-02 00:00,1554163200,22.3,68.4,A8KM8,270,7,24,,,1010,10000,3,0,0
7208312,256,2019-04-02 00:00,1554163200,22.3,68.4,A8KM8,270,7,24,,,1010,10010,3,0,0
7240056,10256,2019-04-02 06:00,1554184800,22.7,67,A8KM8,270,7,27,22.6,,1012,4000,3,2,2
7240055,256,2019-04-02 06:00,1554184800,22.7,67,A8KM8,270,7,27,22.6,,1012,4010,3,2,2
7302217,10256,2019-04-02 18:00,1554228000,23.3,64.6,A8KM8,270,7,25,22,,1010,2000,3,2,2
7302213,256,2019-04-02 18:00,1554228000,23.3,64.6,A8KM8,270,7,25,22,,1010,2010,3,2,2
7333532,10256,2019-04-03 00:00,1554249600,23.7,63.3,A8KM8,270,7,25,,,1009,10000,0,0,0
7333589,256,2019-04-03 00:00,1554249600,23.7,63.3,A8KM8,270,7,25,,,1009,10010,0,0,0
7397732,10256,2019-04-03 12:00,1554292800,24.4,60.5,A8KM8,270,7,29,23.2,,1010,10000,0,,
7397805,256,2019-04-03 12:00,1554292800,24.4,60.5,A8KM8,270,7,29,23.2,,1010,10010,0,,
7423565,10256,2019-04-03 18:00,1554314400,24.7,59.3,A8KM8,315,7,27,21,,1012,2000,3,2,2
7423618,256,2019-04-03 18:00,1554314400,24.7,59.3,A8KM8,315,7,27,21,,1012,2010,3,2,2
7482211,10256,2019-04-04 06:00,1554357600,25.3,56.7,A8KM8,270,7,25,22,,1014,4000,5,2,2
7482231,256,2019-04-04 06:00,1554357600,25.3,56.7,A8KM8,270,7,25,22,,1014,4010,5,2,2
7941374,10256,2019-04-08 00:00,1554681600,26,55.6,A8KM8,45,7,25,17,,1006.5,20000,2,0,0
7941388,256,2019-04-08 00:00,1554681600,26,55.6,A8KM8,45,7,25,17,,1006.5,20010,2,0,0
7942166,256,2019-04-08 00:00,1554681600,26,55.6,A8KM8,45,7,25,17,,1006.5,20000,2,0,0
7967293,10256,2019-04-08 06:00,1554703200,26.3,56.6,A8KM8,135,7,26,14.5,,1009,10000,3,1,1
7969197,256,2019-04-08 06:00,1554703200,26.3,56.6,A8KM8,135,7,26,14.5,,1009,10010,3,1,1
7971144,256,2019-04-08 06:00,1554703200,26.3,56.6,A8KM8,135,7,26,14.5,,1009,10000,3,1,1
8021079,10256,2019-04-08 18:00,1554746400,24.6,56.6,A8KM8,0,0,23,16.5,,1009,10000,3,1,1
8022851,256,2019-04-08 18:00,1554746400,24.6,56.6,A8KM8,0,0,23,16.5,,1009,10010,3,1,1
8155332,10256,2019-04-10 00:00,1554854400,24.2,58.1,A8KM8,90,7,26,23.1,,1009,20000,2,0,0
8157023,256,2019-04-10 00:00,1554854400,24.2,58.1,A8KM8,90,7,26,23.1,,1009,20010,2,0,0
8181307,10256,2019-04-10 06:00,1554876000,23.7,59.6,A8KM8,90,7,27,21.1,,1013,10000,3,1,1
8183243,256,2019-04-10 06:00,1554876000,23.7,59.6,A8KM8,90,7,27,21.1,,1013,10010,3,1,1
8211239,10256,2019-04-10 12:00,1554897600,23.2,61.2,A8KM8,90,7,29,26.2,,1011,10000,1,0,0
8211327,256,2019-04-10 12:00,1554897600,23.2,61.2,A8KM8,90,7,29,26.2,,1011,10010,1,0,0
8232561,10256,2019-04-10 18:00,1554919200,22.8,62.6,A8KM8,180,7,26,20.1,,1012,10000,3,1,1
8234348,256,2019-04-10 18:00,1554919200,22.8,62.6,A8KM8,180,7,26,20.1,,1012,10010,3,1,1
8263576,10256,2019-04-11 00:00,1554940800,22.3,64.2,A8KM8,90,7,25,23.5,,1012,10000,0,0,0
8263965,256,2019-04-11 00:00,1554940800,22.3,64.2,A8KM8,90,7,25,23.5,,1012,10010,0,0,0
8291466,10256,2019-04-11 06:00,1554962400,21.6,65.4,A8KM8,135,7,26,23.9,,1013,10000,3,1,1
8292075,256,2019-04-11 06:00,1554962400,21.6,65.4,A8KM8,135,7,26,23.9,,1013,10010,3,1,1
8320234,10256,2019-04-11 12:00,1554984000,20.6,66.4,A8KM8,135,7,31,22.3,,1011,10000,1,,
8322627,256,2019-04-11 12:00,1554984000,20.6,66.4,A8KM8,135,7,31,22.3,,1011,10010,1,,
8356513,10256,2019-04-11 19:00,1555009200,19.4,67.6,A8KM8,135,7,25,22.1,,1011,10000,3,1,1
8356503,256,2019-04-11 19:00,1555009200,19.4,67.6,A8KM8,135,7,25,22.1,,1011,10010,3,1,1
8385727,10256,2019-04-12 00:00,1555027200,18.4,68.6,A8KM8,135,7,25,22,,1011,10000,1,,
8386157,256,2019-04-12 00:00,1555027200,18.4,68.6,A8KM8,135,7,25,22,,1011,10010,1,,
8413767,10256,2019-04-12 06:00,1555048800,17.5,69.5,A8KM8,135,7,28,23.6,,1014,10000,3,1,1
8415606,256,2019-04-12 06:00,1555048800,17.5,69.5,A8KM8,135,7,28,23.6,,1014,10010,3,1,1
8448406,10256,2019-04-12 12:00,1555070400,16.4,70.6,A8KM8,135,7,30,25.8,,1010,10000,1,,
8448651,256,2019-04-12 12:00,1555070400,16.4,70.6,A8KM8,135,7,30,25.8,,1010,10010,1,,
8475713,10256,2019-04-12 18:00,1555092000,15.4,71.6,A8KM8,135,7,26,23.1,,1010,10000,1,1,1
8477319,256,2019-04-12 18:00,1555092000,15.4,71.6,A8KM8,135,7,26,23.1,,1010,10010,1,1,1
8510439,10256,2019-04-13 00:00,1555113600,14.3,72.6,A8KM8,135,7,27,24.1,,1009,10000,0,,
8512759,256,2019-04-13 00:00,1555113600,14.3,72.6,A8KM8,135,7,27,24.1,,1009,10010,0,,
8576640,10256,2019-04-13 12:00,1555156800,11.9,74.3,A8KM8,135,7,31,25.4,,1009,10000,0,,
8576924,256,2019-04-13 12:00,1555156800,11.9,74.3,A8KM8,135,7,31,25.4,,1009,10010,0,,
8604694,10256,2019-04-13 18:00,1555178400,10.7,74.9,A8KM8,135,7,28,25.2,,1011,10000,3,2,2
8606658,256,2019-04-13 18:00,1555178400,10.7,74.9,A8KM8,135,7,28,25.2,,1011,10010,3,2,2
8634860,10256,2019-04-14 00:00,1555200000,9.4,75.7,A8KM8,135,7,29,24.8,,1009,10000,1,,
8636865,256,2019-04-14 00:00,1555200000,9.4,75.7,A8KM8,135,7,29,24.8,,1009,10010,1,,
8666461,10256,2019-04-14 06:00,1555221600,8.3,76.6,A8KM8,135,7,31,31,,1012,10000,3,2,2
8668461,256,2019-04-14 06:00,1555221600,8.3,76.6,A8KM8,135,7,31,31,,1012,10010,3,2,2
8702370,10256,2019-04-14 12:00,1555243200,7.4,77.8,A8KM8,135,7,32,25,,1009,10000,2,0,0
8702438,256,2019-04-14 12:00,1555243200,7.4,77.8,A8KM8,135,7,32,25,,1009,10010,2,0,0
8728971,10256,2019-04-14 18:00,1555264800,6.5,78.9,A8KM8,135,7,28,26.6,,1011,10000,1,2,2
8731065,256,2019-04-14 18:00,1555264800,6.5,78.9,A8KM8,135,7,28,26.6,,1011,10010,1,2,2
8768639,10256,2019-04-15 00:00,1555286400,5.7,80.1,A8KM8,90,7,28,25.9,,1009,10000,3,1,1
8768909,256,2019-04-15 00:00,1555286400,5.7,80.1,A8KM8,90,7,28,25.9,,1009,10010,3,1,1
8790953,10256,2019-04-15 06:00,1555308000,5.7,81.4,A8KM8,90,7,28,25.2,,1013,4000,63,0,0
8791537,256,2019-04-15 06:00,1555308000,5.7,81.4,A8KM8,90,7,28,25.2,,1013,4010,63,0,0
8823731,10256,2019-04-15 12:00,1555329600,5.8,83,A8KM8,90,7,27,24.1,,1009,10000,62,2,2
8823807,256,2019-04-15 12:00,1555329600,5.8,83,A8KM8,90,7,27,24.1,,1009,10010,62,2,2
8854515,10256,2019-04-15 18:00,1555351200,5.8,84.3,A8KM8,90,7,28,22.1,,1012,10000,13,9,8
8854598,256,2019-04-15 18:00,1555351200,5.8,84.3,A8KM8,90,7,28,22.1,,1012,10010,13,9,8
8881366,10256,2019-04-16 00:00,1555372800,5.9,85.7,A8KM8,90,7,28,23.7,,1009,10000,3,,
8883898,256,2019-04-16 00:00,1555372800,5.9,85.7,A8KM8,90,7,28,23.7,,1009,10010,3,,
8916815,10256,2019-04-16 06:00,1555394400,5.9,87.2,A8KM8,90,7,28.5,23.5,,1011,20000,2,2,2
8916848,256,2019-04-16 06:00,1555394400,5.9,87.2,A8KM8,90,7,28.5,23.5,,1011,20010,2,2,2
8946883,10256,2019-04-16 12:00,1555416000,6,88.8,A8KM8,90,7,30,24.3,,1009,10000,3,1,1
8946903,256,2019-04-16 12:00,1555416000,6,88.8,A8KM8,90,7,30,24.3,,1009,10010,3,1,1
8981233,10256,2019-04-16 18:00,1555437600,6.1,90.1,A8KM8,90,7,27,22.6,,1011.5,20000,2,1,1
8981443,256,2019-04-16 18:00,1555437600,6.1,90.1,A8KM8,90,7,27,22.6,,1011.5,20010,2,1,1
9015854,10256,2019-04-17 00:00,1555459200,6.1,91.5,A8KM8,90,7,29,24.8,,1009,10000,3,,
9017978,256,2019-04-17 00:00,1555459200,6.1,91.5,A8KM8,90,7,29,24.8,,1009,10010,3,,
9049359,10256,2019-04-17 06:00,1555480800,6.2,93,A8KM8,90,7,30,22.7,,1012,20000,2,1,1
9051338,256,2019-04-17 06:00,1555480800,6.2,93,A8KM8,90,7,30,22.7,,1012,20010,2,1,1
9080387,10256,2019-04-17 12:00,1555502400,6.2,94.4,A8KM8,90,7,29,26.2,,1009,10000,1,,
9082007,256,2019-04-17 12:00,1555502400,6.2,94.4,A8KM8,90,7,29,26.2,,1009,10010,1,,
9145489,10256,2019-04-18 00:00,1555545600,5.6,97.2,A8KM8,90,7,30,25.8,,1009,10000,3,1,1
9145549,256,2019-04-18 00:00,1555545600,5.6,97.2,A8KM8,90,7,30,25.8,,1009,10010,3,1,1
9173586,10256,2019-04-18 06:00,1555567200,5,98.5,A8KM8,135,7,31,22.3,,1011.5,10000,15,1,1
9173888,256,2019-04-18 06:00,1555567200,5,98.5,A8KM8,135,7,31,22.3,,1011.5,10010,15,1,1
9207746,10256,2019-04-18 12:00,1555588800,4.2,99.4,A8KM8,135,7,30,25.8,,1008,10000,1,,
9207943,256,2019-04-18 12:00,1555588800,4.2,99.4,A8KM8,135,7,30,25.8,,1008,10010,1,,
9234624,10256,2019-04-18 18:00,1555610400,3.4,100.3,A8KM8,135,7,26,21.5,,1011,10000,2,1,1
9235043,256,2019-04-18 18:00,1555610400,3.4,100.3,A8KM8,135,7,26,21.5,,1011,10010,2,1,1
9391372,10256,2019-04-20 00:00,1555718400,2.3,101.7,A8KM8,135,7,29,26.2,,1008,4000,3,2,2
9391796,256,2019-04-20 00:00,1555718400,2.3,101.7,A8KM8,135,7,29,26.2,,1008,4010,3,2,2
9516018,10256,2019-04-21 00:00,1555804800,3,105.1,A8KM8,360,7,29,26.2,,1007,10000,3,1,1
9517669,256,2019-04-21 00:00,1555804800,3,105.1,A8KM8,360,7,29,26.2,,1007,10010,3,1,1
9548401,10256,2019-04-21 06:00,1555826400,4,105.8,A8KM8,45,7,30,22.7,,1007,20000,2,1,1
9548890,256,2019-04-21 06:00,1555826400,4,105.8,A8KM8,45,7,30,22.7,,1007,20010,2,1,1
9578390,10256,2019-04-21 12:00,1555848000,5.1,105.5,A8KM8,45,7,29,27.6,,1009,10000,3,2,2
9581203,256,2019-04-21 12:00,1555848000,5.1,105.5,A8KM8,45,7,29,27.6,,1009,10010,3,2,2
9609123,10256,2019-04-21 18:00,1555869600,6.2,107.3,A8KM8,45,7,27.5,23.1,,1007,20000,2,1,1
9610686,256,2019-04-21 18:00,1555869600,6.2,107.3,A8KM8,45,7,27.5,23.1,,1007,20010,2,1,1
9639847,10256,2019-04-22 00:00,1555891200,7.2,108,A8KM8,45,7,30,27.3,,1007,20000,3,,
9641984,256,2019-04-22 00:00,1555891200,7.2,108,A8KM8,45,7,30,27.3,,1007,20010,3,,
9671065,10256,2019-04-22 06:00,1555912800,8.4,108.9,A8KM8,45,7,30,24.3,,1007.5,20000,2,1,1
9672712,256,2019-04-22 06:00,1555912800,8.4,108.9,A8KM8,45,7,30,24.3,,1007.5,20010,2,1,1
9701738,10256,2019-04-22 12:00,1555934400,9.5,109.6,A8KM8,45,7,28,25.2,,1007,20000,1,0,0
9703716,256,2019-04-22 12:00,1555934400,9.5,109.6,A8KM8,45,7,28,25.2,,1007,20010,1,0,0
9732693,10256,2019-04-22 18:00,1555956000,10.7,110.3,A8KM8,45,7,27.5,23.1,,1009,55000,1,0,0
9733643,256,2019-04-22 18:00,1555956000,10.7,110.3,A8KM8,45,7,27.5,23.1,,1009,50010,1,0,0
9762505,10256,2019-04-23 00:00,1555977600,11.8,110.9,A8KM8,45,7,30,25.8,,1010,10000,3,1,1
9764448,256,2019-04-23 00:00,1555977600,11.8,110.9,A8KM8,45,7,30,25.8,,1010,10010,3,1,1
9791905,10256,2019-04-23 06:00,1555999200,13,111.6,A8KM8,45,7,29,24,,1010,55000,1,0,0
9793475,256,2019-04-23 06:00,1555999200,13,111.6,A8KM8,45,7,29,24,,1010,50010,1,0,0
9821980,10256,2019-04-23 12:00,1556020800,14.2,112.2,A8KM8,360,7,29,24.8,,1010,10000,3,1,1
9823986,256,2019-04-23 12:00,1556020800,14.2,112.2,A8KM8,360,7,29,24.8,,1010,10010,3,1,1
9851117,10256,2019-04-23 18:00,1556042400,15.4,112.8,A8KM8,45,7,27,24.1,,1010,20000,1,0,0
9852642,256,2019-04-23 18:00,1556042400,15.4,112.8,A8KM8,45,7,27,24.1,,1010,20010,1,0,0
9880918,10256,2019-04-24 00:00,1556064000,16.6,113.3,A8KM8,360,7,29,29,,1011,10000,3,,
9883449,256,2019-04-24 00:00,1556064000,16.6,113.3,A8KM8,360,7,29,29,,1011,10010,3,,
9912203,10256,2019-04-24 06:00,1556085600,17.9,113.7,A8KM8,360,7,31,23.9,,1011,20000,2,0,0
9912846,256,2019-04-24 06:00,1556085600,17.9,113.7,A8KM8,360,7,31,23.9,,1011,20010,2,0,0
9940966,10256,2019-04-24 12:00,1556107200,19.1,114.1,A8KM8,360,7,28,25.2,,1010,10000,3,1,1
9944329,256,2019-04-24 12:00,1556107200,19.1,114.1,A8KM8,360,7,28,25.2,,1010,10010,3,1,1
9971735,10256,2019-04-24 18:00,1556128800,20.5,114.2,A8KM8,360,7,25.5,23.3,,1009,20000,1,0,0
9973424,256,2019-04-24 18:00,1556128800,20.5,114.2,A8KM8,360,7,25.5,23.3,,1009,20010,1,0,0
10001032,10256,2019-04-25 00:00,1556150400,21.8,114.3,A8KM8,360,7,27,25.6,,1010,10000,3,1,1
10122812,10256,2019-04-26 00:00,1556236800,22.1,115.2,A8KM8,90,7,28,25.2,,1011,4000,3,1,1
10124575,256,2019-04-26 00:00,1556236800,22.1,115.2,A8KM8,90,7,28,25.2,,1011,4010,3,1,1
10153245,10256,2019-04-26 06:00,1556258400,22.6,116.7,A8KM8,45,7,26,21.5,,1011,4000,10,2,2
10154683,256,2019-04-26 06:00,1556258400,22.6,116.7,A8KM8,45,7,26,21.5,,1011,4010,10,2,2
10182967,10256,2019-04-26 12:00,1556280000,23.3,117.9,A8KM8,45,7,21,19.4,,1013,4000,61,0,0
10214740,10256,2019-04-26 18:00,1556301600,24.3,119.1,A8KM8,45,7,23,21.5,,1013.5,4000,10,2,2
10215195,256,2019-04-26 18:00,1556301600,24.3,119.1,A8KM8,45,7,23,21.5,,1013.5,4010,10,2,2
10242696,10256,2019-04-27 00:00,1556323200,25.2,120.1,A8KM8,45,7,21,19.4,,1016,4000,59,0,0
10244860,256,2019-04-27 00:00,1556323200,25.2,120.1,A8KM8,45,7,21,19.4,,1016,4010,59,0,0
10273952,10256,2019-04-27 06:00,1556344800,26.3,121.2,A8KM8,45,7,20,15.8,,1016,10000,2,2,2
10275014,256,2019-04-27 06:00,1556344800,26.3,121.2,A8KM8,45,7,20,15.8,,1016,10010,2,2,2
10336104,10256,2019-04-27 18:00,1556388000,28.6,123.3,A8KM8,45,7,18,14.6,,1017,10000,61,6,5
10336304,256,2019-04-27 18:00,1556388000,28.6,123.3,A8KM8,45,7,18,14.6,,1017,10010,61,6,5
10391695,10256,2019-04-28 06:00,1556431200,30.7,125.3,A8KM8,45,7,15,14.1,,1016,4000,61,6,5
10393110,256,2019-04-28 06:00,1556431200,30.7,125.3,A8KM8,45,7,15,14.1,,1016,4010,61,6,5
10424331,10256,2019-04-28 12:00,1556452800,31.7,126.3,A8KM8,45,7,15,11.2,,1015,10000,3,2,2
10424426,256,2019-04-28 12:00,1556452800,31.7,126.3,A8KM8,45,7,15,11.2,,1015,10010,3,2,2
10457122,10256,2019-04-28 18:00,1556474400,32.7,127.1,A8KM8,45,7,17,14.4,,1015,10000,51,6,5
10457139,256,2019-04-28 18:00,1556474400,32.7,127.1,A8KM8,45,7,17,14.4,,1015,10010,51,6,5
10486304,10256,2019-04-29 01:00,1556499600,33.7,128.1,A8KM8,45,7,16,14.2,,1013,2000,59,5,5
10486348,256,2019-04-29 01:00,1556499600,33.7,128.1,A8KM8,45,7,16,14.2,,1013,2010,59,5,5
10657039,10256,2019-04-30 12:00,1556625600,33.8,128.1,A8KM8,225,7,15,13,,1007,10000,3,1,1
10658614,256,2019-04-30 12:00,1556625600,33.8,128.1,A8KM8,225,7,15,13,,1007,10010,3,1,1
10687944,10256,2019-04-30 18:00,1556647200,32.9,126.9,A8KM8,225,7,16,12.4,,1008,20000,1,1,1
10692019,256,2019-04-30 18:00,1556647200,32.9,126.9,A8KM8,225,7,16,12.4,,1008,20010,1,1,1
10714807,10256,2019-05-01 00:00,1556668800,31.9,125.7,A8KM8,225,7,14,8,,1010,10000,3,0,0
10716896,256,2019-05-01 00:00,1556668800,31.9,125.7,A8KM8,225,7,14,8,,1010,10010,3,0,0
10743867,10256,2019-05-01 06:00,1556690400,31,124.6,A8KM8,225,7,16,12.4,,1011,4000,10,2,2
10744766,256,2019-05-01 06:00,1556690400,31,124.6,A8KM8,225,7,16,12.4,,1011,4010,10,2,2
10771276,10256,2019-05-01 12:00,1556712000,30.5,124.1,A8KM8,0,0,16,12.4,,1012,2000,5,2,2
10773936,256,2019-05-01 12:00,1556712000,30.5,124.1,A8KM8,0,0,16,12.4,,1012,2010,5,2,2
10803481,10256,2019-05-01 18:00,1556733600,30.4,124.1,A8KM8,0,0,15,11.3,,1015.5,10000,1,0,0
10803490,256,2019-05-01 18:00,1556733600,30.4,124.1,A8KM8,0,0,15,11.3,,1015.5,10010,1,0,0
7630842,10256,2019-04-05 12:00,1554465600,9.3,94.4,A8KM9,270,7,30,27.4,,1009,20000,,1,1
