MAROB_ID,IID,MESSZEIT,KENNUNG,GEOGR_BREITE,GEOGR_LAENGE,FEUCHTTEMPERATUR,WASSERTEMPERATUR,LUFTDRUCK_REDUZIERT,HORIZONTALE_SICHT,WETTER,LAT_LON,cluster id,confidence
8773461,10256,2019-04-15 01:00,9v8896,28.5,-68.6,,23.8,1021.6,20000.0,3.0,"(28.5, -68.6)",0.0,0.9999856948852539
8773443,256,2019-04-15 01:00,9v8896,28.5,-68.6,,23.8,1021.6,20010.0,3.0,"(28.5, -68.6)",0.0,0.9999856948852539
8827342,10256,2019-04-15 01:00,a8rh6,1.1,4.0,25.2,29.5,1011.1,20000.0,3.0,"(1.1, 4.0)",1.0,0.9999856948852539
8827339,256,2019-04-15 01:00,a8rh6,1.1,4.0,,29.5,1011.1,20010.0,3.0,"(1.1, 4.0)",1.0,0.9999856948852539
8826978,256,2019-04-15 01:00,a8zu9,-23.4,-44.0,,,1016.5,20010.0,2.0,"(-23.4, -44.0)",,
8763675,10384,2019-04-15 01:00,dbba,54.4,12.4,,5.9,1032.5,,509.0,"(54.4, 12.4)",,
8824802,10384,2019-04-15 01:00,dbea,54.0,8.2,,7.2,1029.1,,509.0,"(54.0, 8.2)",2.0,0.9999383687973022
8763352,10384,2019-04-15 01:00,dbea,54.0,8.2,,7.0,1031.0,,509.0,"(54.0, 8.2)",2.0,0.9999383687973022
8780265,10384,2019-04-15 01:00,dbfc,54.4,12.4,,5.5,1032.3,,509.0,"(54.4, 12.4)",,
8763674,10384,2019-04-15 01:00,dbfh,53.5,8.6,,7.1,1029.0,,509.0,"(53.5, 8.6)",,
8780111,10384,2019-04-15 01:00,dbfi,53.9,8.7,,9.4,1030.7,,509.0,"(53.9, 8.7)",,
8780067,10384,2019-04-15 01:00,dbfx,53.5,8.6,,10.2,1029.7,,509.0,"(53.5, 8.6)",,
8763679,10384,2019-04-15 01:00,dbjm,54.0,8.5,,7.3,1030.9,,509.0,"(54.0, 8.5)",,
8789156,384,2019-04-15 01:00,dbkr,54.1,12.1,,9.2,1032.2,,509.0,"(54.1, 12.1)",3.0,0.9999383687973022
8789376,384,2019-04-15 01:00,dbkr,54.1,12.1,,8.8,1032.3,,509.0,"(54.1, 12.1)",3.0,0.9999383687973022
8789380,10384,2019-04-15 01:00,dbkr,54.1,12.1,,8.8,1032.3,,509.0,"(54.1, 12.1)",3.0,0.9999383687973022
8789317,10384,2019-04-15 01:00,dbkr,54.1,12.1,,9.2,1032.2,,509.0,"(54.1, 12.1)",3.0,0.9999383687973022
8826904,10384,2019-04-15 01:00,dblk,-53.2,-70.9,,8.3,993.6,,509.0,"(-53.2, -70.9)",4.0,0.9999383687973022
8826865,384,2019-04-15 01:00,dblk,-53.2,-70.9,,8.3,993.6,,509.0,"(-53.2, -70.9)",4.0,0.9999383687973022
8773442,256,2019-04-15 01:00,dcpx2,6.9,136.1,,28.0,1011.0,20010.0,3.0,"(6.9, 136.1)",5.0,0.9999856948852539
8773460,10256,2019-04-15 01:00,dcpx2,6.9,136.1,29.0,28.0,1011.0,20000.0,3.0,"(6.9, 136.1)",5.0,0.9999856948852539
8826727,10384,2019-04-15 01:00,eucde14,8.86,-79.48,,,1012.1,,,"(8.86, -79.48)",,
8784272,10384,2019-04-15 02:00,dbfc,54.4,12.4,,5.5,1032.6,,509.0,"(54.4, 12.4)",,
8784271,10384,2019-04-15 02:00,dbfi,53.9,8.7,,9.3,1030.7,,509.0,"(53.9, 8.7)",,
8784260,10384,2019-04-15 02:00,dbfx,53.5,8.6,,10.2,1029.7,,509.0,"(53.5, 8.6)",,
8789366,384,2019-04-15 02:00,dbkr,54.1,12.1,,8.7,1032.1,,509.0,"(54.1, 12.1)",6.0,0.9999383687973022
8789358,10384,2019-04-15 02:00,dbkr,54.1,12.1,,8.7,1032.1,,509.0,"(54.1, 12.1)",6.0,0.9999383687973022
8831853,384,2019-04-15 02:00,dbkv,54.3,10.2,,7.9,1029.4,,509.0,"(54.3, 10.2)",,
8831858,384,2019-04-15 02:00,dbnd,54.3,10.2,,8.2,1029.5,,509.0,"(54.3, 10.2)",,
8831859,384,2019-04-15 02:00,eucde08,49.9,-3.5,,10.9,1012.4,,509.0,"(49.9, -3.5)",,
8831881,384,2019-04-15 02:00,eucde09,48.9,-67.9,,2.9,1000.5,,509.0,"(48.9, -67.9)",,
8831888,384,2019-04-15 02:00,eucde19,33.1,137.7,,,1014.8,,509.0,"(33.1, 137.7)",,
8831872,384,2019-04-15 02:00,eucde25,32.7,-16.7,,,1020.8,,509.0,"(32.7, -16.7)",,
8836740,384,2019-04-15 03:00,6201065,54.0,6.6,,,1026.7,,509.0,"(54.0, 6.6)",7.0,0.9999383687973022
8775437,384,2019-04-15 03:00,6201065,54.0,6.6,,,1031.0,,509.0,"(54.0, 6.6)",7.0,0.9999383687973022
8836739,384,2019-04-15 03:00,6201066,55.2,7.2,,,1029.0,,509.0,"(55.2, 7.2)",8.0,0.9999383687973022
8775447,384,2019-04-15 03:00,6201066,55.2,7.2,,,1033.2,,509.0,"(55.2, 7.2)",8.0,0.9999383687973022
8776196,10256,2019-04-15 03:00,a8eg9,12.1,-73.7,24.5,,1012.2,10000.0,5.0,"(12.1, -73.7)",9.0,0.9999856948852539
8776336,256,2019-04-15 03:00,a8eg9,12.1,-73.7,,,1012.2,10010.0,5.0,"(12.1, -73.7)",9.0,0.9999856948852539
8775347,256,2019-04-15 03:00,a8nq6,26.5,-114.8,,,1012.0,20010.0,2.0,"(26.5, -114.8)",10.0,0.9999856948852539
8775312,10256,2019-04-15 03:00,a8nq6,26.5,-114.8,19.0,,1012.0,20000.0,2.0,"(26.5, -114.8)",10.0,0.9999856948852539
8781276,256,2019-04-15 03:00,a8pc7,12.7,-82.0,,,1014.0,20010.0,510.0,"(12.7, -82.0)",11.0,0.9999999403953552
8781305,10256,2019-04-15 03:00,a8pc7,12.7,-82.0,24.5,,1014.0,20000.0,,"(12.7, -82.0)",11.0,0.9999999403953552
8778955,10256,2019-04-15 03:00,a8pg8,16.2,-82.7,25.0,28.0,1012.0,10000.0,0.0,"(16.2, -82.7)",12.0,0.9999856948852539
8779297,256,2019-04-15 03:00,a8pg8,16.2,-82.7,,28.0,1012.0,10010.0,0.0,"(16.2, -82.7)",12.0,0.9999856948852539
8776604,256,2019-04-15 03:00,a8ve3,21.0,121.0,,28.2,1014.0,10010.0,58.0,"(21.0, 121.0)",13.0,0.9999856948852539
8776253,10256,2019-04-15 03:00,a8ve3,21.0,121.0,23.6,28.2,1014.0,10000.0,58.0,"(21.0, 121.0)",13.0,0.9999856948852539
8836629,10256,2019-04-15 03:00,a8ze4,8.0,108.5,,30.8,1009.1,10000.0,3.0,"(8.0, 108.5)",14.0,0.9999856948852539
8836653,256,2019-04-15 03:00,a8ze4,8.0,108.5,,30.8,1009.1,10010.0,3.0,"(8.0, 108.5)",14.0,0.9999856948852539
8774424,10384,2019-04-15 03:00,dbba,54.4,12.4,,5.9,1032.6,,509.0,"(54.4, 12.4)",,
8835796,10384,2019-04-15 03:00,dbba,54.1,12.1,,9.0,1028.8,,509.0,"(54.1, 12.1)",,
8836794,10384,2019-04-15 03:00,dbbe,13.4,-123.2,,26.9,1011.9,,509.0,"(13.4, -123.2)",,
8775409,10384,2019-04-15 03:00,dbbe,12.9,-120.9,,27.0,1011.3,,509.0,"(12.9, -120.9)",,
8837149,10256,2019-04-15 03:00,dbbh,16.7,-62.1,,26.5,1017.9,20000.0,2.0,"(16.7, -62.1)",16.0,0.9999856948852539
8837201,256,2019-04-15 03:00,dbbh,16.7,-62.1,,26.5,1017.9,20010.0,2.0,"(16.7, -62.1)",16.0,0.9999856948852539
8775615,384,2019-04-15 03:00,dbbh,16.5,-61.9,,26.7,1016.7,,509.0,"(16.5, -61.9)",15.0,0.9999383687973022
8775669,10384,2019-04-15 03:00,dbbh,16.5,-61.9,,26.7,1016.7,,509.0,"(16.5, -61.9)",15.0,0.9999383687973022
8836680,10384,2019-04-15 03:00,dbbt,-29.3,-37.0,,24.5,1020.5,,509.0,"(-29.3, -37.0)",17.0,0.9999383687973022
8836709,384,2019-04-15 03:00,dbbt,-29.3,-37.0,,24.5,1020.5,,509.0,"(-29.3, -37.0)",17.0,0.9999383687973022
8774154,10384,2019-04-15 03:00,dbea,54.0,8.2,,7.0,1030.8,,509.0,"(54.0, 8.2)",,
8789432,10384,2019-04-15 03:00,dbfc,54.4,12.4,,5.5,1032.5,,509.0,"(54.4, 12.4)",,
8774425,10384,2019-04-15 03:00,dbfh,53.5,8.6,,6.5,1029.3,,509.0,"(53.5, 8.6)",,
8851105,10384,2019-04-15 03:00,dbfi,53.9,8.7,,9.5,1026.8,,509.0,"(53.9, 8.7)",18.0,0.9999383687973022
8789430,10384,2019-04-15 03:00,dbfi,53.9,8.7,,9.3,1030.8,,509.0,"(53.9, 8.7)",18.0,0.9999383687973022
8789357,10384,2019-04-15 03:00,dbfx,53.5,8.6,,10.2,1030.0,,509.0,"(53.5, 8.6)",,
8835823,10384,2019-04-15 03:00,dbjm,53.9,8.9,,8.9,1027.4,,509.0,"(53.9, 8.9)",,
8774444,10384,2019-04-15 03:00,dbjm,54.0,8.5,,7.6,1031.1,,509.0,"(54.0, 8.5)",,
8789544,384,2019-04-15 03:00,dbkr,54.1,12.1,,8.7,1031.8,,509.0,"(54.1, 12.1)",19.0,0.9999383687973022
8789546,10384,2019-04-15 03:00,dbkr,54.1,12.1,,8.7,1031.8,,509.0,"(54.1, 12.1)",19.0,0.9999383687973022
8836692,384,2019-04-15 03:00,dbkv,54.3,10.2,,8.0,1028.7,,509.0,"(54.3, 10.2)",20.0,0.99994662942393
8775336,384,2019-04-15 03:00,dbkv,54.3,10.2,,7.7,1032.3,,509.0,"(54.3, 10.2)",20.0,0.99994662942393
8775972,10384,2019-04-15 03:00,dbkv,54.33,10.18,,7.74,1032.3,,,"(54.33, 10.18)",20.0,0.9999564290046692
8776178,10384,2019-04-15 03:00,dblk,-52.9,-70.8,,8.0,996.3,,509.0,"(-52.9, -70.8)",21.0,0.9999383687973022
8776108,384,2019-04-15 03:00,dblk,-52.9,-70.8,,8.0,996.3,,509.0,"(-52.9, -70.8)",21.0,0.9999383687973022
8836637,384,2019-04-15 03:00,dbnd,54.3,10.2,,8.3,1028.9,,509.0,"(54.3, 10.2)",22.0,0.999920027124037
8775973,10384,2019-04-15 03:00,dbnd,54.33,10.15,,7.94,1032.5,,,"(54.33, 10.15)",22.0,0.9999051690101624
8775337,384,2019-04-15 03:00,dbnd,54.3,10.2,,7.9,1032.5,,509.0,"(54.3, 10.2)",22.0,0.999920027124037
8836791,10256,2019-04-15 03:00,ddsd2,35.4,-8.1,,17.9,1019.5,10000.0,3.0,"(35.4, -8.1)",24.0,0.9999856948852539
8836738,256,2019-04-15 03:00,ddsd2,35.4,-8.1,,17.9,1019.5,10010.0,3.0,"(35.4, -8.1)",24.0,0.9999856948852539
8775121,256,2019-04-15 03:00,ddsd2,34.2,-12.5,,17.9,1015.5,10010.0,3.0,"(34.2, -12.5)",23.0,0.9999856948852539
8775125,10256,2019-04-15 03:00,ddsd2,34.2,-12.5,,17.9,1015.5,10000.0,3.0,"(34.2, -12.5)",23.0,0.9999856948852539
8778612,10256,2019-04-15 03:00,ddyl2,45.5,154.3,,1.0,1022.7,10000.0,2.0,"(45.5, 154.3)",25.0,0.9999856948852539
8778627,256,2019-04-15 03:00,ddyl2,45.5,154.3,,1.0,1022.7,10010.0,2.0,"(45.5, 154.3)",25.0,0.9999856948852539
8775311,10256,2019-04-15 03:00,defy,39.5,-23.9,10.9,15.0,1013.6,10000.0,1.0,"(39.5, -23.9)",26.0,0.9999856948852539
8775331,256,2019-04-15 03:00,defy,39.5,-23.9,,15.0,1013.6,10010.0,1.0,"(39.5, -23.9)",26.0,0.9999856948852539
8776675,10256,2019-04-15 03:00,dfgx2,36.7,132.4,11.6,12.0,1017.8,20000.0,2.0,"(36.7, 132.4)",27.0,0.9999856948852539
8776730,256,2019-04-15 03:00,dfgx2,36.7,132.4,,12.0,1017.8,20010.0,2.0,"(36.7, 132.4)",27.0,0.9999856948852539
8778881,256,2019-04-15 03:00,dfnb2,34.6,122.2,,9.0,1021.9,4010.0,0.0,"(34.6, 122.2)",28.0,0.9999876618385315
8778901,10256,2019-04-15 03:00,dfnb2,34.6,122.2,,9.0,1021.9,4000.0,0.0,"(34.6, 122.2)",28.0,0.9999876618385315
8778500,10256,2019-04-15 03:00,dgwd2,10.8,108.7,,29.0,1012.2,20000.0,2.0,"(10.8, 108.7)",29.0,0.9999856948852539
8778558,256,2019-04-15 03:00,dgwd2,10.8,108.7,,29.0,1012.2,20010.0,2.0,"(10.8, 108.7)",29.0,0.9999856948852539
8836607,256,2019-04-15 03:00,dhbn,-34.1,163.0,,23.0,1023.7,20010.0,3.0,"(-34.1, 163.0)",30.0,0.9999856948852539
8836486,10256,2019-04-15 03:00,dhbn,-34.1,163.0,16.0,23.0,1023.7,20000.0,3.0,"(-34.1, 163.0)",30.0,0.9999856948852539
8775131,10256,2019-04-15 03:00,dhbn,-34.2,167.3,15.5,23.0,1022.3,20000.0,2.0,"(-34.2, 167.3)",,
8775126,10256,2019-04-15 03:00,dihc,47.0,161.3,3.1,2.0,1024.9,20000.0,1.0,"(47.0, 161.3)",31.0,0.9999856948852539
8775123,256,2019-04-15 03:00,dihc,47.0,161.3,,2.0,1024.9,20010.0,1.0,"(47.0, 161.3)",31.0,0.9999856948852539
8779299,256,2019-04-15 03:00,diti2,26.4,-95.2,,,1018.0,20010.0,2.0,"(26.4, -95.2)",32.0,0.9999856948852539
8778960,10256,2019-04-15 03:00,diti2,26.4,-95.2,16.0,,1018.0,20000.0,2.0,"(26.4, -95.2)",32.0,0.9999856948852539
8836628,10256,2019-04-15 03:00,djqb2,14.3,-72.2,,25.0,1015.2,20000.0,3.0,"(14.3, -72.2)",34.0,0.9999856948852539
8836528,256,2019-04-15 03:00,djqb2,14.3,-72.2,,25.0,1015.2,20010.0,3.0,"(14.3, -72.2)",34.0,0.9999856948852539
8776025,256,2019-04-15 03:00,djqb2,16.7,-69.6,,25.0,1016.2,20010.0,2.0,"(16.7, -69.6)",33.0,0.9999856948852539
8776073,10256,2019-04-15 03:00,djqb2,16.7,-69.6,,25.0,1016.2,20000.0,2.0,"(16.7, -69.6)",33.0,0.9999856948852539
8775993,256,2019-04-15 03:00,djqc2,-19.8,-75.2,,21.0,1015.7,20010.0,2.0,"(-19.8, -75.2)",35.0,0.9999856948852539
8776074,10256,2019-04-15 03:00,djqc2,-19.8,-75.2,,21.0,1015.7,20000.0,2.0,"(-19.8, -75.2)",35.0,0.9999856948852539
8837213,256,2019-04-15 03:00,djqc2,-15.7,-76.3,,22.0,1013.6,20010.0,2.0,"(-15.7, -76.3)",,
8775976,10384,2019-04-15 03:00,eucde08,50.66,0.74,,9.99,1024.4,,,"(50.66, 0.74)",36.0,0.9998579621315002
8775340,384,2019-04-15 03:00,eucde08,50.7,0.7,,10.0,1024.4,,509.0,"(50.7, 0.7)",36.0,0.9998579621315002
8836687,384,2019-04-15 03:00,eucde08,49.9,-3.9,,11.0,1012.2,,509.0,"(49.9, -3.9)",,
8775913,10384,2019-04-15 03:00,eucde09,47.2,-70.6,,2.69,1010.2,,,"(47.2, -70.6)",,
8836700,384,2019-04-15 03:00,eucde09,49.0,-67.7,,2.8,998.7,,509.0,"(49.0, -67.7)",,
8836701,384,2019-04-15 03:00,eucde19,33.2,138.1,,,1014.0,,509.0,"(33.2, 138.1)",,
8775912,10384,2019-04-15 03:00,eucde19,31.91,134.22,,,1013.5,,,"(31.91, 134.22)",37.0,0.9999869465827942
8775345,384,2019-04-15 03:00,eucde19,31.9,134.2,,,1013.5,,509.0,"(31.9, 134.2)",37.0,0.9999869465827942
8836632,384,2019-04-15 03:00,eucde27,36.7,-45.6,,,1019.9,,509.0,"(36.7, -45.6)",,
8780590,384,2019-04-15 04:00,6201065,54.0,6.6,,,1031.0,,509.0,"(54.0, 6.6)",,
8780591,384,2019-04-15 04:00,6201066,55.2,7.2,,,1032.9,,509.0,"(55.2, 7.2)",,
8781251,10256,2019-04-15 04:00,a8oh4,12.4,-87.2,26.0,,1010.0,,2.0,"(12.4, -87.2)",38.0,0.9999383687973022
8781176,256,2019-04-15 04:00,a8oh4,12.4,-87.2,,,1010.0,,2.0,"(12.4, -87.2)",38.0,0.9999383687973022
8779335,10384,2019-04-15 04:00,dbba,54.4,12.4,,5.9,1032.2,,509.0,"(54.4, 12.4)",,
8780629,10384,2019-04-15 04:00,dbbe,12.9,-121.1,,26.8,1011.9,,509.0,"(12.9, -121.1)",,
8780775,384,2019-04-15 04:00,dbbh,16.5,-61.9,,26.6,1016.8,,509.0,"(16.5, -61.9)",39.0,0.9999383687973022
8780776,10384,2019-04-15 04:00,dbbh,16.5,-61.9,,26.6,1016.8,,509.0,"(16.5, -61.9)",39.0,0.9999383687973022
8780052,10384,2019-04-15 04:00,dbbt,-30.2,-36.9,,24.4,1020.8,,509.0,"(-30.2, -36.9)",,
8779192,10384,2019-04-15 04:00,dbea,54.0,8.2,,7.1,1030.9,,509.0,"(54.0, 8.2)",,
8794718,10384,2019-04-15 04:00,dbfc,54.4,12.4,,5.5,1032.1,,509.0,"(54.4, 12.4)",,
8779336,10384,2019-04-15 04:00,dbfh,53.5,8.6,,6.3,1029.2,,509.0,"(53.5, 8.6)",,
8794717,10384,2019-04-15 04:00,dbfi,53.9,8.7,,9.3,1030.6,,509.0,"(53.9, 8.7)",,
8794685,10384,2019-04-15 04:00,dbfx,53.5,8.6,,10.2,1030.0,,509.0,"(53.5, 8.6)",,
8780109,10384,2019-04-15 04:00,dbjm,54.0,8.5,,7.4,1030.7,,509.0,"(54.0, 8.5)",,
8789157,384,2019-04-15 04:00,dbkr,54.1,12.1,,9.0,1032.0,,509.0,"(54.1, 12.1)",40.0,0.9999383687973022
8789318,10384,2019-04-15 04:00,dbkr,54.1,12.1,,9.0,1032.0,,509.0,"(54.1, 12.1)",40.0,0.9999383687973022
8781026,10384,2019-04-15 04:00,dbkv,54.33,10.18,,7.74,1032.2,,,"(54.33, 10.18)",41.0,0.9999564290046692
8780384,384,2019-04-15 04:00,dbkv,54.3,10.2,,7.7,1032.2,,509.0,"(54.3, 10.2)",41.0,0.9999564290046692
8842453,10384,2019-04-15 04:00,dblk,-53.2,-70.9,,8.4,992.9,,509.0,"(-53.2, -70.9)",43.0,0.9999383687973022
8842486,384,2019-04-15 04:00,dblk,-53.2,-70.9,,8.4,992.9,,509.0,"(-53.2, -70.9)",43.0,0.9999383687973022
8781252,10384,2019-04-15 04:00,dblk,-52.9,-70.8,,8.2,996.3,,509.0,"(-52.9, -70.8)",42.0,0.9999383687973022
8781178,384,2019-04-15 04:00,dblk,-52.9,-70.8,,8.2,996.3,,509.0,"(-52.9, -70.8)",42.0,0.9999383687973022
8780381,384,2019-04-15 04:00,dbnd,54.3,10.2,,7.9,1032.2,,509.0,"(54.3, 10.2)",44.0,0.9999051690101624
8781025,10384,2019-04-15 04:00,dbnd,54.33,10.15,,7.86,1032.2,,,"(54.33, 10.15)",44.0,0.9999051690101624
8782258,10256,2019-04-15 04:00,dccr2,25.9,35.3,,25.0,1011.3,4000.0,10.0,"(25.9, 35.3)",45.0,0.9999876618385315
8782256,256,2019-04-15 04:00,dccr2,25.9,35.3,,25.0,1011.3,4010.0,10.0,"(25.9, 35.3)",45.0,0.9999876618385315
8841813,384,2019-04-15 04:00,eucde04,53.5,-3.6,,,1013.4,,509.0,"(53.5, -3.6)",,
8781029,10384,2019-04-15 04:00,eucde08,50.56,0.37,,10.17,1023.7,,,"(50.56, 0.37)",46.0,0.9998860359191895
8780388,384,2019-04-15 04:00,eucde08,50.6,0.4,,10.2,1023.7,,509.0,"(50.6, 0.4)",46.0,0.9998860359191895
8780428,384,2019-04-15 04:00,eucde09,47.4,-70.4,,2.7,1009.3,,509.0,"(47.4, -70.4)",47.0,0.9999505877494812
8780991,10384,2019-04-15 04:00,eucde09,47.42,-70.44,,2.69,1009.3,,,"(47.42, -70.44)",47.0,0.9999505877494812
8780391,384,2019-04-15 04:00,eucde19,32.0,134.6,,,1013.5,,509.0,"(32.0, 134.6)",48.0,0.9999430775642395
8780976,10384,2019-04-15 04:00,eucde19,32.01,134.56,,,1013.5,,,"(32.01, 134.56)",48.0,0.9999430775642395
8784693,384,2019-04-15 05:00,6201065,54.0,6.6,,,1030.9,,509.0,"(54.0, 6.6)",49.0,0.9999383687973022
8846832,384,2019-04-15 05:00,6201065,54.0,6.6,,,1025.5,,509.0,"(54.0, 6.6)",49.0,0.9999383687973022
8846830,384,2019-04-15 05:00,6201066,55.2,7.2,,,1027.8,,509.0,"(55.2, 7.2)",50.0,0.9999383687973022
8784692,384,2019-04-15 05:00,6201066,55.2,7.2,,,1032.8,,509.0,"(55.2, 7.2)",50.0,0.9999383687973022
8787523,256,2019-04-15 05:00,a8tl8,-4.3,107.2,,30.6,1011.0,10010.0,62.0,"(-4.3, 107.2)",51.0,0.9999856948852539
8787584,10256,2019-04-15 05:00,a8tl8,-4.3,107.2,28.0,30.6,1011.0,10000.0,62.0,"(-4.3, 107.2)",51.0,0.9999856948852539
8785832,10256,2019-04-15 05:00,a8ul3,36.3,24.6,16.0,17.0,1012.0,10000.0,3.0,"(36.3, 24.6)",52.0,0.9999856948852539
8785816,256,2019-04-15 05:00,a8ul3,36.3,24.6,,17.0,1012.0,10010.0,3.0,"(36.3, 24.6)",52.0,0.9999856948852539
8787524,256,2019-04-15 05:00,cqib6,-31.4,33.6,,24.0,1009.6,20010.0,3.0,"(-31.4, 33.6)",53.0,0.9999856948852539
8787583,10256,2019-04-15 05:00,cqib6,-31.4,33.6,23.0,24.0,1009.6,20000.0,3.0,"(-31.4, 33.6)",53.0,0.9999856948852539
8783595,384,2019-04-15 05:00,dbba,54.4,12.4,,5.9,1032.2,,509.0,"(54.4, 12.4)",54.0,0.9999383687973022
8783610,10384,2019-04-15 05:00,dbba,54.4,12.4,,5.9,1032.2,,509.0,"(54.4, 12.4)",54.0,0.9999383687973022
8784718,10384,2019-04-15 05:00,dbbe,13.0,-121.3,,26.9,1012.2,,509.0,"(13.0, -121.3)",,
8846853,10384,2019-04-15 05:00,dbbe,13.5,-123.6,,27.0,1013.7,,509.0,"(13.5, -123.6)",,
8847254,384,2019-04-15 05:00,dbbh,16.7,-62.1,,26.8,1016.7,,509.0,"(16.7, -62.1)",56.0,0.9999383687973022
8847324,10384,2019-04-15 05:00,dbbh,16.7,-62.1,,26.8,1016.7,,509.0,"(16.7, -62.1)",56.0,0.9999383687973022
8785193,384,2019-04-15 05:00,dbbh,16.6,-61.9,,26.5,1016.5,,509.0,"(16.6, -61.9)",55.0,0.9999383687973022
8785177,10384,2019-04-15 05:00,dbbh,16.6,-61.9,,26.5,1016.5,,509.0,"(16.6, -61.9)",55.0,0.9999383687973022
8846813,10384,2019-04-15 05:00,dbbt,-29.3,-37.0,,24.5,1019.9,,509.0,"(-29.3, -37.0)",,
8785810,10384,2019-04-15 05:00,dbbt,-30.2,-36.9,,24.5,1020.3,,509.0,"(-30.2, -36.9)",,
8783508,10384,2019-04-15 05:00,dbea,54.0,8.2,,7.1,1030.5,,509.0,"(54.0, 8.2)",,
8800173,10384,2019-04-15 05:00,dbfc,54.3,12.2,,5.1,1032.1,,509.0,"(54.3, 12.2)",,
8783611,10384,2019-04-15 05:00,dbfh,53.5,8.6,,5.9,1029.2,,509.0,"(53.5, 8.6)",,
8800172,10384,2019-04-15 05:00,dbfi,53.9,8.7,,9.2,1030.6,,509.0,"(53.9, 8.7)",,
8800160,10384,2019-04-15 05:00,dbfx,53.5,8.6,,10.1,1030.0,,509.0,"(53.5, 8.6)",,
8783632,10384,2019-04-15 05:00,dbjm,54.0,8.5,,7.2,1030.5,,509.0,"(54.0, 8.5)",,
8789315,10384,2019-04-15 05:00,dbkr,54.1,12.1,,8.6,1032.0,,509.0,"(54.1, 12.1)",57.0,0.9999383687973022
8851030,384,2019-04-15 05:00,dbkr,54.1,12.1,,9.9,1028.3,,509.0,"(54.1, 12.1)",57.0,0.9999383687973022
8789154,384,2019-04-15 05:00,dbkr,54.1,12.1,,8.6,1032.0,,509.0,"(54.1, 12.1)",57.0,0.9999383687973022
8847314,10384,2019-04-15 05:00,dbkv,54.33,10.18,,7.99,1028.0,,,"(54.33, 10.18)",58.0,0.9999644242814894
8846807,384,2019-04-15 05:00,dbkv,54.3,10.2,,8.0,1028.0,,509.0,"(54.3, 10.2)",58.0,0.9999496834407171
8784526,384,2019-04-15 05:00,dbkv,54.3,10.2,,7.8,1032.2,,509.0,"(54.3, 10.2)",58.0,0.9999496834407171
8785152,10384,2019-04-15 05:00,dbkv,54.33,10.18,,7.79,1032.2,,,"(54.33, 10.18)",58.0,0.9999644242814894
8785356,10384,2019-04-15 05:00,dblk,-52.9,-70.8,,8.2,996.5,,509.0,"(-52.9, -70.8)",59.0,0.9999383687973022
8785325,384,2019-04-15 05:00,dblk,-52.9,-70.8,,8.2,996.5,,509.0,"(-52.9, -70.8)",59.0,0.9999383687973022
8847501,10384,2019-04-15 05:00,dblk,-53.2,-70.8,,8.3,992.8,,509.0,"(-53.2, -70.8)",60.0,0.9999383687973022
8847436,384,2019-04-15 05:00,dblk,-53.2,-70.8,,8.3,992.8,,509.0,"(-53.2, -70.8)",60.0,0.9999383687973022
8784528,384,2019-04-15 05:00,dbnd,54.3,10.2,,8.0,1032.3,,509.0,"(54.3, 10.2)",61.0,0.9999051690101624
8847309,10384,2019-04-15 05:00,dbnd,54.33,10.15,,8.38,1028.1,,,"(54.33, 10.15)",61.0,0.9999329442448107
8785153,10384,2019-04-15 05:00,dbnd,54.33,10.15,,8.02,1032.3,,,"(54.33, 10.15)",61.0,0.9999329442448107
8847281,10384,2019-04-15 05:00,eucde08,49.79,-4.65,,11.05,1010.9,,,"(49.79, -4.65)",,
8784509,384,2019-04-15 05:00,eucde08,50.5,0.0,,10.5,1023.1,,509.0,"(50.5, 0.0)",62.0,0.9999850392341614
8785125,10384,2019-04-15 05:00,eucde08,50.48,-0.01,,10.53,1023.1,,,"(50.48, -0.01)",62.0,0.9999850392341614
8784499,384,2019-04-15 05:00,eucde09,47.5,-70.1,,2.9,1009.0,,509.0,"(47.5, -70.1)",63.0,0.9997993111610413
8847283,10384,2019-04-15 05:00,eucde09,49.13,-67.16,,1.95,993.0,,,"(49.13, -67.16)",,
8785130,10384,2019-04-15 05:00,eucde09,47.54,-70.15,,2.92,1009.0,,,"(47.54, -70.15)",63.0,0.9997993111610413
8784527,384,2019-04-15 05:00,eucde19,32.1,134.9,,,1013.6,,509.0,"(32.1, 134.9)",64.0,0.999994158744812
8847289,10384,2019-04-15 05:00,eucde19,33.39,138.79,,,1013.5,,,"(33.39, 138.79)",,
8785126,10384,2019-04-15 05:00,eucde19,32.11,134.89,,,1013.6,,,"(32.11, 134.89)",64.0,0.999994158744812
8785128,10384,2019-04-15 05:00,eucde25,32.74,-16.71,,,1018.0,,,"(32.74, -16.71)",,
8787691,256,2019-04-15 05:00,v7wu3,33.0,159.7,,17.0,1028.0,20010.0,3.0,"(33.0, 159.7)",65.0,0.9999856948852539
8787680,10256,2019-04-15 05:00,v7wu3,33.0,159.7,9.5,17.0,1028.0,20000.0,3.0,"(33.0, 159.7)",65.0,0.9999856948852539
8789886,384,2019-04-15 06:00,6201065,54.0,6.6,,,1030.6,,509.0,"(54.0, 6.6)",,
8789887,384,2019-04-15 06:00,6201066,55.2,7.2,,,1032.8,,509.0,"(55.2, 7.2)",,
8791207,256,2019-04-15 06:00,9ha3769,36.2,121.1,,,1017.5,4010.0,5.0,"(36.2, 121.1)",66.0,0.9999876618385315
8791209,10256,2019-04-15 06:00,9ha3769,36.2,121.1,10.5,,1017.5,4000.0,5.0,"(36.2, 121.1)",66.0,0.9999876618385315
8790358,10256,2019-04-15 06:00,9ha4143,15.7,113.0,26.0,30.0,1011.0,20000.0,2.0,"(15.7, 113.0)",67.0,0.9999856948852539
8790667,256,2019-04-15 06:00,9ha4143,15.7,113.0,,30.0,1011.0,20010.0,2.0,"(15.7, 113.0)",67.0,0.9999856948852539
8885298,10256,2019-04-15 06:00,9v8402,-10.4,140.4,,29.0,1009.5,20000.0,2.0,"(-10.4, 140.4)",68.0,0.9999856948852539
8885261,256,2019-04-15 06:00,9v8402,-10.4,140.4,,29.0,1009.5,20010.0,2.0,"(-10.4, 140.4)",68.0,0.9999856948852539
8794715,10256,2019-04-15 06:00,a8gu6,33.7,-76.9,22.0,22.0,1006.0,10000.0,3.0,"(33.7, -76.9)",69.0,0.9999856948852539
8794747,256,2019-04-15 06:00,a8gu6,33.7,-76.9,,22.0,1006.0,10010.0,3.0,"(33.7, -76.9)",69.0,0.9999856948852539
8794748,256,2019-04-15 06:00,a8ie9,47.8,-172.5,,4.2,1003.5,20010.0,3.0,"(47.8, -172.5)",70.0,0.9999856948852539
8794716,10256,2019-04-15 06:00,a8ie9,47.8,-172.5,7.0,4.2,1003.5,20000.0,3.0,"(47.8, -172.5)",70.0,0.9999856948852539
8790953,10256,2019-04-15 06:00,a8km8,5.7,81.4,26.0,31.0,1013.0,4000.0,63.0,"(5.7, 81.4)",71.0,0.9999876618385315
8791537,256,2019-04-15 06:00,a8km8,5.7,81.4,,31.0,1013.0,4010.0,63.0,"(5.7, 81.4)",71.0,0.9999876618385315
8791533,256,2019-04-15 06:00,a8ky7,31.5,126.8,,12.0,1019.0,10010.0,2.0,"(31.5, 126.8)",72.0,0.9999856948852539
8789381,10256,2019-04-15 06:00,a8ky7,31.5,126.8,,12.0,1019.0,10000.0,2.0,"(31.5, 126.8)",72.0,0.9999856948852539
8803909,256,2019-04-15 06:00,a8lk7,45.0,-35.8,,,990.0,,50.0,"(45.0, -35.8)",73.0,0.9999383687973022
8803807,10256,2019-04-15 06:00,a8lk7,45.0,-35.8,12.0,,990.0,,50.0,"(45.0, -35.8)",73.0,0.9999383687973022
8797964,10256,2019-04-15 06:00,a8ln2,36.8,-9.2,15.4,17.2,1013.0,10000.0,1.0,"(36.8, -9.2)",74.0,0.9999856948852539
8797995,256,2019-04-15 06:00,a8ln2,36.8,-9.2,,17.2,1013.0,10010.0,1.0,"(36.8, -9.2)",74.0,0.9999856948852539
8790898,256,2019-04-15 06:00,a8rh6,1.5,5.5,,32.1,1012.2,20010.0,1.0,"(1.5, 5.5)",75.0,0.9999856948852539
8790644,10256,2019-04-15 06:00,a8rh6,1.5,5.5,24.5,32.1,1012.2,20000.0,1.0,"(1.5, 5.5)",75.0,0.9999856948852539
8792677,10256,2019-04-15 06:00,a8ve3,21.6,121.2,25.0,28.0,1012.0,20000.0,50.0,"(21.6, 121.2)",76.0,0.9999856948852539
8792711,256,2019-04-15 06:00,a8ve3,21.6,121.2,,28.0,1012.0,20010.0,50.0,"(21.6, 121.2)",76.0,0.9999856948852539
8789885,256,2019-04-15 06:00,cqik3,5.8,89.5,,30.0,1012.2,10010.0,2.0,"(5.8, 89.5)",77.0,0.9999856948852539
8789831,10256,2019-04-15 06:00,cqik3,5.8,89.5,25.0,30.0,1012.2,10000.0,2.0,"(5.8, 89.5)",77.0,0.9999856948852539
8792846,256,2019-04-15 06:00,cqin5,12.6,44.9,,28.0,1013.0,10010.0,3.0,"(12.6, 44.9)",78.0,0.9999856948852539
8792833,10256,2019-04-15 06:00,cqin5,12.6,44.9,27.0,28.0,1013.0,10000.0,3.0,"(12.6, 44.9)",78.0,0.9999856948852539
8792845,256,2019-04-15 06:00,cqit,-11.8,42.6,,29.0,1013.7,10010.0,3.0,"(-11.8, 42.6)",79.0,0.9999856948852539
8792835,10256,2019-04-15 06:00,cqit,-11.8,42.6,25.0,29.0,1013.7,10000.0,3.0,"(-11.8, 42.6)",79.0,0.9999856948852539
8792843,256,2019-04-15 06:00,d5qi4,4.0,52.8,,29.0,1014.1,20010.0,1.0,"(4.0, 52.8)",80.0,0.9999856948852539
8792831,10256,2019-04-15 06:00,d5qi4,4.0,52.8,,29.0,1014.1,20000.0,1.0,"(4.0, 52.8)",80.0,0.9999856948852539
8792830,10256,2019-04-15 06:00,d5rg3,36.4,-8.9,,,1015.2,10000.0,2.0,"(36.4, -8.9)",81.0,0.9999856948852539
8792844,256,2019-04-15 06:00,d5rg3,36.4,-8.9,,,1015.2,10010.0,2.0,"(36.4, -8.9)",81.0,0.9999856948852539
8794713,10256,2019-04-15 06:00,d5rz3,16.4,111.0,30.0,,1012.5,10000.0,2.0,"(16.4, 111.0)",82.0,0.9999856948852539
8794745,256,2019-04-15 06:00,d5rz3,16.4,111.0,,,1012.5,10010.0,2.0,"(16.4, 111.0)",82.0,0.9999856948852539
8794714,10256,2019-04-15 06:00,d5si8,15.3,113.1,32.0,29.0,1011.8,20000.0,509.0,"(15.3, 113.1)",83.0,0.9999856948852539
8794746,256,2019-04-15 06:00,d5si8,15.3,113.1,,29.0,1011.8,20010.0,509.0,"(15.3, 113.1)",83.0,0.9999856948852539
8788663,10384,2019-04-15 06:00,dbba,54.4,12.4,,5.8,1032.3,,509.0,"(54.4, 12.4)",,
8789918,10384,2019-04-15 06:00,dbbe,13.0,-121.5,,26.9,1012.9,,509.0,"(13.0, -121.5)",,
8789339,384,2019-04-15 06:00,dbbt,-30.0,-36.9,,24.6,1019.9,,509.0,"(-30.0, -36.9)",84.0,0.9999383687973022
8789351,10384,2019-04-15 06:00,dbbt,-30.0,-36.9,,24.6,1019.9,,509.0,"(-30.0, -36.9)",84.0,0.9999383687973022
8788431,10384,2019-04-15 06:00,dbea,54.0,8.2,,7.2,1030.7,,509.0,"(54.0, 8.2)",,
8788664,10384,2019-04-15 06:00,dbfh,53.5,8.6,,5.5,1029.5,,509.0,"(53.5, 8.6)",,
8805417,10384,2019-04-15 06:00,dbfi,53.9,8.7,,9.2,1030.8,,509.0,"(53.9, 8.7)",,
8850451,10384,2019-04-15 06:00,dbfr,53.5,8.6,,9.3,1024.5,,509.0,"(53.5, 8.6)",,
8805399,10384,2019-04-15 06:00,dbfx,53.5,8.6,,10.2,1030.3,,509.0,"(53.5, 8.6)",,
8788666,10384,2019-04-15 06:00,dbjm,54.0,8.5,,6.9,1030.4,,509.0,"(54.0, 8.5)",,
8794660,384,2019-04-15 06:00,dbkr,54.1,12.1,,8.2,1032.2,,509.0,"(54.1, 12.1)",85.0,0.9999383687973022
8794656,10384,2019-04-15 06:00,dbkr,54.1,12.1,,8.2,1032.2,,509.0,"(54.1, 12.1)",85.0,0.9999383687973022
8790140,10384,2019-04-15 06:00,dbkv,54.33,10.18,,7.71,1032.3,,,"(54.33, 10.18)",86.0,0.9999564290046692
8791567,384,2019-04-15 06:00,dbkv,54.3,10.2,,7.7,1032.3,,509.0,"(54.3, 10.2)",86.0,0.9999564290046692
8790517,10384,2019-04-15 06:00,dblk,-53.1,-70.8,,8.3,996.6,,509.0,"(-53.1, -70.8)",87.0,0.9999383687973022
8790483,384,2019-04-15 06:00,dblk,-53.1,-70.8,,8.3,996.6,,509.0,"(-53.1, -70.8)",87.0,0.9999383687973022
8790136,10384,2019-04-15 06:00,dbnd,54.33,10.18,,7.28,1032.4,,,"(54.33, 10.18)",88.0,0.9999564290046692
8791558,384,2019-04-15 06:00,dbnd,54.3,10.2,,7.3,1032.4,,509.0,"(54.3, 10.2)",88.0,0.9999564290046692
8790899,256,2019-04-15 06:00,dcpi2,6.9,-80.2,,26.0,1010.6,10010.0,2.0,"(6.9, -80.2)",89.0,0.9999856948852539
8790645,10256,2019-04-15 06:00,dcpi2,6.9,-80.2,,26.0,1010.6,10000.0,2.0,"(6.9, -80.2)",89.0,0.9999856948852539
8803908,256,2019-04-15 06:00,dcpx2,8.0,135.1,,28.0,1010.0,20010.0,2.0,"(8.0, 135.1)",90.0,0.9999856948852539
8803806,10256,2019-04-15 06:00,dcpx2,8.0,135.1,31.0,28.0,1010.0,20000.0,2.0,"(8.0, 135.1)",90.0,0.9999856948852539
8789332,256,2019-04-15 06:00,defy,39.6,-23.6,,14.6,1012.9,10010.0,1.0,"(39.6, -23.6)",91.0,0.9999856948852539
8789325,10256,2019-04-15 06:00,defy,39.6,-23.6,12.1,14.6,1012.9,10000.0,1.0,"(39.6, -23.6)",91.0,0.9999856948852539
8793136,256,2019-04-15 06:00,dfde2,36.4,35.7,,,1013.0,10010.0,3.0,"(36.4, 35.7)",,
8794883,256,2019-04-15 06:00,dfdg2,14.7,-77.9,,27.5,1012.5,10010.0,2.0,"(14.7, -77.9)",92.0,0.9999856948852539
8794276,10256,2019-04-15 06:00,dfdg2,14.7,-77.9,24.0,27.5,1012.5,10000.0,2.0,"(14.7, -77.9)",92.0,0.9999856948852539
8790897,256,2019-04-15 06:00,dfgx2,37.3,133.4,,12.0,1016.6,20010.0,2.0,"(37.3, 133.4)",93.0,0.9999856948852539
8790643,10256,2019-04-15 06:00,dfgx2,37.3,133.4,,12.0,1016.6,20000.0,2.0,"(37.3, 133.4)",93.0,0.9999856948852539
8851175,256,2019-04-15 06:00,dfph2,5.7,96.4,,32.0,1010.0,20010.0,3.0,"(5.7, 96.4)",95.0,0.9999856948852539
8791222,10256,2019-04-15 06:00,dfph2,6.0,94.0,27.0,31.5,1011.5,20000.0,15.0,"(6.0, 94.0)",94.0,0.9999856948852539
8851147,10256,2019-04-15 06:00,dfph2,5.7,96.4,25.0,32.0,1010.0,20000.0,3.0,"(5.7, 96.4)",95.0,0.9999856948852539
8791213,256,2019-04-15 06:00,dfph2,6.0,94.0,,31.5,1011.5,20010.0,15.0,"(6.0, 94.0)",94.0,0.9999856948852539
8793139,256,2019-04-15 06:00,dhdt2,37.2,11.4,,16.0,1014.1,20010.0,2.0,"(37.2, 11.4)",,
8792977,256,2019-04-15 06:00,dheb,21.7,38.6,,23.0,1011.5,20010.0,2.0,"(21.7, 38.6)",96.0,0.9999856948852539
8792971,10256,2019-04-15 06:00,dheb,21.7,38.6,,23.0,1011.5,20000.0,2.0,"(21.7, 38.6)",96.0,0.9999856948852539
8790965,10256,2019-04-15 06:00,dheh2,-43.3,-30.0,6.2,13.0,1016.3,20000.0,51.0,"(-43.3, -30.0)",97.0,0.9999856948852539
8791360,256,2019-04-15 06:00,dheh2,-43.3,-30.0,,13.0,1016.3,20010.0,51.0,"(-43.3, -30.0)",97.0,0.9999856948852539
8790464,256,2019-04-15 06:00,djpz2,48.3,-19.4,,12.0,998.1,20010.0,3.0,"(48.3, -19.4)",98.0,0.9999856948852539
8790453,10256,2019-04-15 06:00,djpz2,48.3,-19.4,,12.0,998.1,20000.0,3.0,"(48.3, -19.4)",98.0,0.9999856948852539
8791008,10256,2019-04-15 06:00,djqa2,49.8,-2.6,,9.0,1016.9,20000.0,3.0,"(49.8, -2.6)",99.0,0.9999856948852539
8790977,256,2019-04-15 06:00,djqa2,49.8,-2.6,,9.0,1016.9,20010.0,3.0,"(49.8, -2.6)",99.0,0.9999856948852539
8791383,256,2019-04-15 06:00,djqb2,16.1,-70.2,,25.0,1014.4,20010.0,2.0,"(16.1, -70.2)",100.0,0.9999856948852539
8791237,10256,2019-04-15 06:00,djqb2,16.1,-70.2,,25.0,1014.4,20000.0,2.0,"(16.1, -70.2)",100.0,0.9999856948852539
8791557,256,2019-04-15 06:00,dkbw2,-2.3,107.1,,30.0,1009.0,20010.0,2.0,"(-2.3, 107.1)",101.0,0.9999856948852539
8851061,10256,2019-04-15 06:00,dkbw2,-0.1,106.5,26.0,29.0,1010.0,20000.0,,"(-0.1, 106.5)",,
8790952,10256,2019-04-15 06:00,dkbw2,-2.3,107.1,26.0,30.0,1009.0,20000.0,2.0,"(-2.3, 107.1)",101.0,0.9999856948852539
8790127,10384,2019-04-15 06:00,eucde08,50.41,-0.41,,10.53,1022.3,,,"(50.41, -0.41)",102.0,0.9999950528144836
8791571,384,2019-04-15 06:00,eucde08,50.4,-0.4,,10.5,1022.3,,509.0,"(50.4, -0.4)",102.0,0.9999950528144836
8791545,384,2019-04-15 06:00,eucde09,47.8,-69.9,,3.1,1007.4,,509.0,"(47.8, -69.9)",103.0,0.9998069405555725
8790122,10384,2019-04-15 06:00,eucde09,47.75,-69.88,,3.1,1007.4,,,"(47.75, -69.88)",103.0,0.9998069405555725
8791535,384,2019-04-15 06:00,eucde19,32.2,135.2,,,1014.1,,509.0,"(32.2, 135.2)",104.0,0.9999837875366211
8790120,10384,2019-04-15 06:00,eucde19,32.22,135.21,,,1014.1,,,"(32.22, 135.21)",104.0,0.9999837875366211
8792847,256,2019-04-15 06:00,oxcq2,3.6,-27.3,,29.0,1011.5,20010.0,2.0,"(3.6, -27.3)",105.0,0.9999856948852539
8792834,10256,2019-04-15 06:00,oxcq2,3.6,-27.3,,29.0,1011.5,20000.0,2.0,"(3.6, -27.3)",105.0,0.9999856948852539
8792832,10256,2019-04-15 06:00,zdnc5,5.2,-10.2,,31.0,1010.5,20000.0,2.0,"(5.2, -10.2)",106.0,0.9999856948852539
8792848,256,2019-04-15 06:00,zdnc5,5.2,-10.2,,31.0,1010.5,20010.0,2.0,"(5.2, -10.2)",106.0,0.9999856948852539
8795203,384,2019-04-15 07:00,6201065,54.0,6.6,,,1031.0,,509.0,"(54.0, 6.6)",,
8795204,384,2019-04-15 07:00,6201066,55.2,7.2,,,1032.6,,509.0,"(55.2, 7.2)",,
8798229,10256,2019-04-15 07:00,a8ch2,-8.7,13.2,27.0,27.0,1013.0,10000.0,1.0,"(-8.7, 13.2)",107.0,0.9999856948852539
8798222,256,2019-04-15 07:00,a8ch2,-8.7,13.2,,27.0,1013.0,10010.0,1.0,"(-8.7, 13.2)",107.0,0.9999856948852539
8795263,10384,2019-04-15 07:00,dbbe,13.1,-121.7,,26.5,1013.2,,509.0,"(13.1, -121.7)",,
8795148,10384,2019-04-15 07:00,dbbt,-29.9,-36.9,,24.5,1019.8,,509.0,"(-29.9, -36.9)",108.0,0.9999383687973022
8795147,384,2019-04-15 07:00,dbbt,-29.9,-36.9,,24.5,1019.8,,509.0,"(-29.9, -36.9)",108.0,0.9999383687973022
8800152,384,2019-04-15 07:00,dbkr,54.1,12.1,,8.3,1032.2,,509.0,"(54.1, 12.1)",109.0,0.9999383687973022
8800139,10384,2019-04-15 07:00,dbkr,54.1,12.1,,8.3,1032.2,,509.0,"(54.1, 12.1)",109.0,0.9999383687973022
8795729,10384,2019-04-15 07:00,dbkv,54.33,10.18,,7.58,1032.5,,,"(54.33, 10.18)",110.0,0.9999564290046692
8794966,384,2019-04-15 07:00,dbkv,54.3,10.2,,7.6,1032.5,,509.0,"(54.3, 10.2)",110.0,0.9999564290046692
8795868,10384,2019-04-15 07:00,dblk,-53.2,-70.9,,8.3,996.5,,509.0,"(-53.2, -70.9)",,
8795735,10384,2019-04-15 07:00,dbnd,54.33,10.15,,7.1,1032.7,,,"(54.33, 10.15)",111.0,0.9999051690101624
8794995,384,2019-04-15 07:00,dbnd,54.3,10.2,,7.1,1032.7,,509.0,"(54.3, 10.2)",111.0,0.9999051690101624
8856470,384,2019-04-15 07:00,eucde06,49.9,-17.3,,,1001.3,,509.0,"(49.9, -17.3)",,
8794957,384,2019-04-15 07:00,eucde08,50.3,-0.8,,10.6,1021.3,,509.0,"(50.3, -0.8)",112.0,0.9999143481254578
8795704,10384,2019-04-15 07:00,eucde08,50.34,-0.81,,10.64,1021.3,,,"(50.34, -0.81)",112.0,0.9999143481254578
8795714,10384,2019-04-15 07:00,eucde09,48.01,-69.65,,3.23,1006.6,,,"(48.01, -69.65)",113.0,0.9999451041221619
8794984,384,2019-04-15 07:00,eucde09,48.0,-69.6,,3.2,1006.6,,509.0,"(48.0, -69.6)",113.0,0.9999451041221619
8795728,10384,2019-04-15 07:00,eucde10,53.53,8.58,,,1030.0,,,"(53.53, 8.58)",,
8795718,10384,2019-04-15 07:00,eucde19,32.33,135.53,,,1013.6,,,"(32.33, 135.53)",114.0,0.9999220967292786
8794962,384,2019-04-15 07:00,eucde19,32.3,135.5,,,1013.6,,509.0,"(32.3, 135.5)",114.0,0.9999220967292786
8856562,384,2019-04-15 07:00,eucde29,10.7,75.7,,,1010.2,,509.0,"(10.7, 75.7)",,
8798230,10256,2019-04-15 07:00,lxyo,-37.8,120.1,,15.0,1002.5,10000.0,3.0,"(-37.8, 120.1)",115.0,0.9999856948852539
8798223,256,2019-04-15 07:00,lxyo,-37.8,120.1,,15.0,1002.5,10010.0,3.0,"(-37.8, 120.1)",115.0,0.9999856948852539
8905730,256,2019-04-15 08:00,a8tl8,-0.7,106.7,,29.7,1009.3,20010.0,1.0,"(-0.7, 106.7)",116.0,0.9999730766406756
8906311,256,2019-04-15 08:00,a8tl8,-0.7,106.7,,29.7,1009.3,20010.0,1.0,"(-0.7, 106.7)",116.0,0.9999730766406756
8905775,10256,2019-04-15 08:00,a8tl8,-0.7,106.7,25.3,29.7,1009.3,20000.0,1.0,"(-0.7, 106.7)",116.0,0.9999856948852539
8808692,10256,2019-04-15 08:00,cqix3,6.1,58.7,26.0,31.1,1013.7,10000.0,3.0,"(6.1, 58.7)",,
8799485,10384,2019-04-15 08:00,dbba,54.2,12.1,,5.5,1032.4,,509.0,"(54.2, 12.1)",,
8799296,10384,2019-04-15 08:00,dbea,54.0,8.2,,7.2,1030.5,,509.0,"(54.0, 8.2)",,
8799486,10384,2019-04-15 08:00,dbfh,53.5,8.6,,6.1,1029.1,,509.0,"(53.5, 8.6)",,
8799495,10384,2019-04-15 08:00,dbjm,53.8,8.9,,8.0,1030.7,,509.0,"(53.8, 8.9)",,
8805241,384,2019-04-15 08:00,dbkr,54.1,12.1,,7.9,1032.0,,509.0,"(54.1, 12.1)",117.0,0.9999383687973022
8805271,10384,2019-04-15 08:00,dbkr,54.1,12.1,,7.9,1032.0,,509.0,"(54.1, 12.1)",117.0,0.9999383687973022
8801698,10384,2019-04-15 08:00,dblk,-53.2,-70.9,,8.3,996.0,,509.0,"(-53.2, -70.9)",118.0,0.9999383687973022
8863244,384,2019-04-15 08:00,dblk,-52.7,-70.0,,8.4,994.7,,509.0,"(-52.7, -70.0)",119.0,0.9999383687973022
8863329,10384,2019-04-15 08:00,dblk,-52.7,-70.0,,8.4,994.7,,509.0,"(-52.7, -70.0)",119.0,0.9999383687973022
8801621,384,2019-04-15 08:00,dblk,-53.2,-70.9,,8.3,996.0,,509.0,"(-53.2, -70.9)",118.0,0.9999383687973022
8803910,256,2019-04-15 08:00,dndd,29.8,123.1,,15.0,1018.0,10010.0,2.0,"(29.8, 123.1)",120.0,0.9999856948852539
8803808,10256,2019-04-15 08:00,dndd,29.8,123.1,12.0,15.0,1018.0,10000.0,2.0,"(29.8, 123.1)",120.0,0.9999856948852539
8801430,10384,2019-04-15 08:00,eucde10,53.53,8.58,,,1029.7,,,"(53.53, 8.58)",,
8805884,384,2019-04-15 09:00,6201065,54.0,6.6,,,1030.3,,509.0,"(54.0, 6.6)",,
8805883,384,2019-04-15 09:00,6201066,55.2,7.2,,,1032.6,,509.0,"(55.2, 7.2)",,
8868161,256,2019-04-15 09:00,a8zu9,-23.1,-43.1,,,1016.2,20010.0,2.0,"(-23.1, -43.1)",,
8808691,10256,2019-04-15 09:00,cqib6,-31.8,32.5,,24.0,1011.5,20000.0,60.0,"(-31.8, 32.5)",,
8804694,10384,2019-04-15 09:00,dbba,54.2,12.1,,5.9,1032.0,,509.0,"(54.2, 12.1)",,
8805865,10384,2019-04-15 09:00,dbbe,13.2,-122.1,,26.5,1011.8,,509.0,"(13.2, -122.1)",,
8805733,10384,2019-04-15 09:00,dbbt,-29.7,-37.0,,24.6,1020.1,,509.0,"(-29.7, -37.0)",121.0,0.9999383687973022
8805717,384,2019-04-15 09:00,dbbt,-29.7,-37.0,,24.6,1020.1,,509.0,"(-29.7, -37.0)",121.0,0.9999383687973022
8804695,10384,2019-04-15 09:00,dbfh,53.5,8.6,,9.5,1029.0,,509.0,"(53.5, 8.6)",,
8820479,10384,2019-04-15 09:00,dbfi,53.9,8.7,,9.1,1030.3,,509.0,"(53.9, 8.7)",122.0,0.9999383687973022
8820536,384,2019-04-15 09:00,dbfi,53.9,8.7,,9.1,1030.3,,509.0,"(53.9, 8.7)",122.0,0.9999383687973022
8820453,10384,2019-04-15 09:00,dbfx,53.5,8.6,,10.1,1029.7,,509.0,"(53.5, 8.6)",,
8804703,10384,2019-04-15 09:00,dbjm,53.9,8.9,,8.0,1030.3,,509.0,"(53.9, 8.9)",,
8805709,384,2019-04-15 09:00,dbkv,54.3,10.2,,7.6,1032.2,,509.0,"(54.3, 10.2)",123.0,0.9999564290046692
8806228,10384,2019-04-15 09:00,dbkv,54.33,10.18,,7.56,1032.2,,,"(54.33, 10.18)",123.0,0.9999564290046692
8806376,384,2019-04-15 09:00,dblk,-53.2,-70.9,,8.4,996.1,,509.0,"(-53.2, -70.9)",124.0,0.9999383687973022
8806459,10384,2019-04-15 09:00,dblk,-53.2,-70.9,,8.4,996.1,,509.0,"(-53.2, -70.9)",124.0,0.9999383687973022
8806226,10384,2019-04-15 09:00,dbnd,54.33,10.15,,7.51,1032.3,,,"(54.33, 10.15)",,
8806882,10256,2019-04-15 09:00,ddsd2,34.8,-10.2,,17.5,1017.0,20000.0,3.0,"(34.8, -10.2)",125.0,0.9999856948852539
8806891,256,2019-04-15 09:00,ddsd2,34.8,-10.2,,17.5,1017.0,20010.0,3.0,"(34.8, -10.2)",125.0,0.9999856948852539
8805239,256,2019-04-15 09:00,dfgx2,37.8,134.3,,12.0,1016.5,20010.0,2.0,"(37.8, 134.3)",126.0,0.9999856948852539
8805269,10256,2019-04-15 09:00,dfgx2,37.8,134.3,7.6,12.0,1016.5,20000.0,2.0,"(37.8, 134.3)",126.0,0.9999856948852539
8806827,10256,2019-04-15 09:00,dgen,54.6,8.0,4.5,5.5,1031.5,20000.0,1.0,"(54.6, 8.0)",127.0,0.9999856948852539
8806466,256,2019-04-15 09:00,dgen,54.6,8.0,,5.5,1031.5,20010.0,1.0,"(54.6, 8.0)",127.0,0.9999856948852539
8808693,10256,2019-04-15 09:00,dgqd2,3.3,100.4,25.0,32.2,1008.8,20000.0,2.0,"(3.3, 100.4)",,
8804784,10256,2019-04-15 09:00,dgwd2,11.8,109.7,,30.0,1008.2,20000.0,1.0,"(11.8, 109.7)",128.0,0.9999856948852539
8804785,256,2019-04-15 09:00,dgwd2,11.8,109.7,,30.0,1008.2,20010.0,1.0,"(11.8, 109.7)",128.0,0.9999856948852539
8806714,256,2019-04-15 09:00,djqb2,15.5,-70.8,,24.0,1014.0,20010.0,2.0,"(15.5, -70.8)",,
8806259,10256,2019-04-15 09:00,dmrx,45.5,-125.1,,11.0,1011.5,10000.0,1.0,"(45.5, -125.1)",129.0,0.9999856948852539
8806281,256,2019-04-15 09:00,dmrx,45.5,-125.1,,11.0,1011.5,10010.0,1.0,"(45.5, -125.1)",129.0,0.9999856948852539
8805707,384,2019-04-15 09:00,eucde08,50.2,-1.6,,10.8,1019.4,,509.0,"(50.2, -1.6)",130.0,0.9999979734420776
8806238,10384,2019-04-15 09:00,eucde08,50.2,-1.61,,10.82,1019.4,,,"(50.2, -1.61)",130.0,0.9999979734420776
8806216,10384,2019-04-15 09:00,eucde09,48.33,-69.2,,3.3,1004.9,,,"(48.33, -69.2)",,
8867767,10384,2019-04-15 09:00,eucde16,51.89,4.43,,,1018.6,,,"(51.89, 4.43)",,
8806211,10384,2019-04-15 09:00,eucde19,32.55,136.15,,,1014.4,,,"(32.55, 136.15)",131.0,0.9995388388633728
8805703,384,2019-04-15 09:00,eucde19,32.6,136.2,,,1014.4,,509.0,"(32.6, 136.2)",131.0,0.9995388388633728
8810797,384,2019-04-15 10:00,6201065,54.0,6.6,,,1030.3,,509.0,"(54.0, 6.6)",,
8810798,384,2019-04-15 10:00,6201066,55.2,7.2,,,1032.2,,509.0,"(55.2, 7.2)",,
8810826,10384,2019-04-15 10:00,dbbe,13.2,-122.3,,26.9,1010.8,,509.0,"(13.2, -122.3)",,
8810663,384,2019-04-15 10:00,dbbt,-29.7,-37.0,,24.6,1020.1,,509.0,"(-29.7, -37.0)",132.0,0.9999383687973022
8810664,10384,2019-04-15 10:00,dbbt,-29.7,-37.0,,24.6,1020.1,,509.0,"(-29.7, -37.0)",132.0,0.9999383687973022
8809557,10384,2019-04-15 10:00,dbea,54.0,8.2,,7.0,1030.4,,509.0,"(54.0, 8.2)",,
8811143,10384,2019-04-15 10:00,dbkv,54.33,10.18,,7.66,1031.7,,,"(54.33, 10.18)",,
8811142,10384,2019-04-15 10:00,dbnd,54.33,10.15,,7.53,1031.9,,,"(54.33, 10.15)",,
8811123,10384,2019-04-15 10:00,eucde08,50.14,-2.01,,10.82,1018.0,,,"(50.14, -2.01)",,
8811121,10384,2019-04-15 10:00,eucde09,48.47,-68.95,,3.02,1004.1,,,"(48.47, -68.95)",,
8810575,384,2019-04-15 10:00,eucde12,-29.8,31.2,,,1012.1,,509.0,"(-29.8, 31.2)",,
8811091,10384,2019-04-15 10:00,eucde19,32.65,136.47,,,1015.3,,,"(32.65, 136.47)",,
8820419,384,2019-04-15 11:00,dbkr,54.1,12.1,,8.3,1030.1,,509.0,"(54.1, 12.1)",133.0,0.9999383687973022
8820244,10384,2019-04-15 11:00,dbkr,54.1,12.1,,8.3,1030.1,,509.0,"(54.1, 12.1)",133.0,0.9999383687973022
8816415,384,2019-04-15 11:00,dblk,-53.2,-70.9,,8.4,995.5,,509.0,"(-53.2, -70.9)",134.0,0.9999383687973022
8816434,10384,2019-04-15 11:00,dblk,-53.2,-70.9,,8.4,995.5,,509.0,"(-53.2, -70.9)",134.0,0.9999383687973022
8885297,10256,2019-04-15 11:00,vrgj3,45.3,-26.3,12.0,13.0,991.0,10000.0,3.0,"(45.3, -26.3)",135.0,0.9999856948852539
8885260,256,2019-04-15 11:00,vrgj3,45.3,-26.3,,13.0,991.0,10010.0,3.0,"(45.3, -26.3)",135.0,0.9999856948852539
8759434,384,2019-04-15 12:00,6201065,54.0,6.6,,,1031.0,,509.0,"(54.0, 6.6)",136.0,0.9999383687973022
8820894,384,2019-04-15 12:00,6201065,54.0,6.6,,,1029.2,,509.0,"(54.0, 6.6)",136.0,0.9999383687973022
8759436,384,2019-04-15 12:00,6201066,55.2,7.2,,,1033.1,,509.0,"(55.2, 7.2)",137.0,0.9999383687973022
8820896,384,2019-04-15 12:00,6201066,55.2,7.2,,,1031.3,,509.0,"(55.2, 7.2)",137.0,0.9999383687973022
8763481,10256,2019-04-15 12:00,9ha3769,36.4,121.8,,7.5,1017.5,4000.0,5.0,"(36.4, 121.8)",138.0,0.9999876618385315
8763486,256,2019-04-15 12:00,9ha3769,36.4,121.8,,7.5,1017.5,4010.0,5.0,"(36.4, 121.8)",138.0,0.9999876618385315
8762481,10256,2019-04-15 12:00,9v9325,43.1,-38.9,,15.1,1000.4,20000.0,2.0,"(43.1, -38.9)",139.0,0.9999856948852539
8762306,256,2019-04-15 12:00,9v9325,43.1,-38.9,,15.1,1000.4,20010.0,2.0,"(43.1, -38.9)",139.0,0.9999856948852539
8762484,10256,2019-04-15 12:00,a8ie9,47.8,-175.0,6.0,4.0,1006.0,20000.0,2.0,"(47.8, -175.0)",140.0,0.9999856948852539
8762307,256,2019-04-15 12:00,a8ie9,47.8,-175.0,,4.0,1006.0,20010.0,2.0,"(47.8, -175.0)",140.0,0.9999856948852539
8763353,10256,2019-04-15 12:00,a8ky7,30.7,126.0,10.0,14.0,1020.0,10000.0,3.0,"(30.7, 126.0)",,
8773459,10256,2019-04-15 12:00,a8ll4,11.2,101.6,27.0,30.0,1010.0,20000.0,3.0,"(11.2, 101.6)",141.0,0.9999856948852539
8773441,256,2019-04-15 12:00,a8ll4,11.2,101.6,,30.0,1010.0,20010.0,3.0,"(11.2, 101.6)",141.0,0.9999856948852539
8762480,10256,2019-04-15 12:00,a8uc5,34.2,128.4,11.0,,1019.0,10000.0,3.0,"(34.2, 128.4)",142.0,0.9999856948852539
8762308,256,2019-04-15 12:00,a8uc5,34.2,128.4,,,1019.0,10010.0,3.0,"(34.2, 128.4)",142.0,0.9999856948852539
8824644,10256,2019-04-15 12:00,a8ul3,35.3,26.4,15.5,17.0,1012.5,20000.0,3.0,"(35.3, 26.4)",144.0,0.9999856948852539
8824874,256,2019-04-15 12:00,a8ul3,35.3,26.4,,17.0,1012.5,20010.0,3.0,"(35.3, 26.4)",144.0,0.9999856948852539
8762543,256,2019-04-15 12:00,a8ul3,37.1,23.9,,16.5,1012.0,20010.0,2.0,"(37.1, 23.9)",143.0,0.9999856948852539
8762558,10256,2019-04-15 12:00,a8ul3,37.1,23.9,13.0,16.5,1012.0,20000.0,2.0,"(37.1, 23.9)",143.0,0.9999856948852539
8759188,256,2019-04-15 12:00,a8ze4,4.7,106.3,,30.5,1008.5,50010.0,1.0,"(4.7, 106.3)",145.0,0.999994158744812
8759305,10256,2019-04-15 12:00,a8ze4,4.7,106.3,25.5,30.5,1008.5,55000.0,1.0,"(4.7, 106.3)",145.0,0.999994158744812
8763563,256,2019-04-15 12:00,cqec,17.4,40.2,,28.0,1010.0,10010.0,2.0,"(17.4, 40.2)",146.0,0.9999856948852539
8763532,10256,2019-04-15 12:00,cqec,17.4,40.2,24.5,28.0,1010.0,10000.0,2.0,"(17.4, 40.2)",146.0,0.9999856948852539
8761116,10256,2019-04-15 12:00,d5ob2,33.5,-54.6,15.0,21.1,1027.3,20000.0,1.0,"(33.5, -54.6)",147.0,0.9999856948852539
8761181,256,2019-04-15 12:00,d5ob2,33.5,-54.6,,21.1,1027.3,20010.0,1.0,"(33.5, -54.6)",147.0,0.9999856948852539
8762486,10256,2019-04-15 12:00,d5rg3,37.3,-9.5,16.0,16.0,1014.8,20000.0,3.0,"(37.3, -9.5)",148.0,0.9999856948852539
8762312,256,2019-04-15 12:00,d5rg3,37.3,-9.5,,16.0,1014.8,20010.0,3.0,"(37.3, -9.5)",148.0,0.9999856948852539
8758397,10384,2019-04-15 12:00,dbba,54.4,12.4,,6.0,1032.5,,509.0,"(54.4, 12.4)",,
8759469,10384,2019-04-15 12:00,dbbe,12.7,-120.4,,26.8,1009.4,,509.0,"(12.7, -120.4)",,
8820874,10384,2019-04-15 12:00,dbbe,13.3,-122.7,,26.8,1010.2,,509.0,"(13.3, -122.7)",,
8821311,10256,2019-04-15 12:00,dbbh,16.7,-62.0,,26.5,1017.7,20000.0,16.0,"(16.7, -62.0)",149.0,0.7528577865085502
8759667,10384,2019-04-15 12:00,dbbh,16.6,-62.0,,26.6,1016.0,,509.0,"(16.6, -62.0)",149.0,0.7528577840850004
8821326,256,2019-04-15 12:00,dbbh,16.7,-62.0,,26.5,1017.7,20010.0,16.0,"(16.7, -62.0)",149.0,0.7528577865085502
8759662,384,2019-04-15 12:00,dbbh,16.6,-62.0,,26.6,1016.0,,509.0,"(16.6, -62.0)",149.0,0.7528577840850004
8820759,384,2019-04-15 12:00,dbbt,-29.5,-37.0,,24.4,1021.1,,509.0,"(-29.5, -37.0)",150.0,0.9999383687973022
8759006,10384,2019-04-15 12:00,dbbt,-30.1,-36.4,,24.2,1021.6,,509.0,"(-30.1, -36.4)",,
8820776,10384,2019-04-15 12:00,dbbt,-29.5,-37.0,,24.4,1021.1,,509.0,"(-29.5, -37.0)",150.0,0.9999383687973022
8758061,10384,2019-04-15 12:00,dbea,54.0,8.2,,7.0,1030.7,,509.0,"(54.0, 8.2)",,
8758396,10384,2019-04-15 12:00,dbfh,53.5,8.6,,7.2,1029.3,,509.0,"(53.5, 8.6)",,
8819820,10384,2019-04-15 12:00,dbjm,53.9,8.9,,8.8,1029.4,,509.0,"(53.9, 8.9)",,
8758399,10384,2019-04-15 12:00,dbjm,54.0,8.5,,7.4,1031.1,,509.0,"(54.0, 8.5)",,
8788936,384,2019-04-15 12:00,dbkr,54.1,12.1,,8.6,1032.1,,509.0,"(54.1, 12.1)",151.0,0.9999383687973022
8789145,10384,2019-04-15 12:00,dbkr,54.1,12.1,,8.6,1032.1,,509.0,"(54.1, 12.1)",151.0,0.9999383687973022
8759926,10384,2019-04-15 12:00,dbkv,54.33,10.18,,7.61,1032.5,,,"(54.33, 10.18)",152.0,0.9999691903942857
8821266,10384,2019-04-15 12:00,dbkv,54.33,10.18,,7.71,1030.9,,,"(54.33, 10.18)",152.0,0.9999691903942857
8761173,384,2019-04-15 12:00,dbkv,54.3,10.2,,7.6,1032.5,,509.0,"(54.3, 10.2)",152.0,0.9999564290046692
8821261,10384,2019-04-15 12:00,dbnd,54.33,10.15,,7.81,1031.0,,,"(54.33, 10.15)",153.0,0.9999329442448107
8761165,384,2019-04-15 12:00,dbnd,54.3,10.2,,8.0,1032.6,,509.0,"(54.3, 10.2)",153.0,0.9999051690101624
8759920,10384,2019-04-15 12:00,dbnd,54.33,10.15,,8.03,1032.6,,,"(54.33, 10.15)",153.0,0.9999329442448107
8762487,10256,2019-04-15 12:00,dcpp2,32.5,29.4,18.0,17.0,1014.7,10000.0,2.0,"(32.5, 29.4)",154.0,0.9999856948852539
8762313,256,2019-04-15 12:00,dcpp2,32.5,29.4,,17.0,1014.7,10010.0,2.0,"(32.5, 29.4)",154.0,0.9999856948852539
8824526,256,2019-04-15 12:00,dcvj2,39.6,4.7,,,1017.6,20010.0,510.0,"(39.6, 4.7)",,
8760545,10256,2019-04-15 12:00,dcvj2,41.9,7.6,11.6,,1014.6,20000.0,510.0,"(41.9, 7.6)",155.0,0.9999856948852539
8761080,256,2019-04-15 12:00,dcvj2,41.9,7.6,,,1014.6,20010.0,510.0,"(41.9, 7.6)",155.0,0.9999856948852539
8761147,256,2019-04-15 12:00,ddkk2,50.2,-0.8,,10.0,1023.5,20010.0,1.0,"(50.2, -0.8)",156.0,0.9999856948852539
8759172,10256,2019-04-15 12:00,ddkk2,50.2,-0.8,6.6,10.0,1023.5,20000.0,1.0,"(50.2, -0.8)",156.0,0.9999856948852539
8760402,256,2019-04-15 12:00,ddsd2,33.9,-13.5,,18.1,1016.5,10010.0,2.0,"(33.9, -13.5)",,
8759128,256,2019-04-15 12:00,defy,39.4,-24.2,,14.8,1014.0,20010.0,0.0,"(39.4, -24.2)",157.0,0.9999856948852539
8759142,10256,2019-04-15 12:00,defy,39.4,-24.2,10.5,14.8,1014.0,20000.0,0.0,"(39.4, -24.2)",157.0,0.9999856948852539
8763230,10256,2019-04-15 12:00,dfde2,36.2,34.8,16.0,18.6,1012.0,10000.0,3.0,"(36.2, 34.8)",158.0,0.9999856948852539
8762959,256,2019-04-15 12:00,dfde2,36.2,34.8,,18.6,1012.0,10010.0,3.0,"(36.2, 34.8)",158.0,0.9999856948852539
8758654,10256,2019-04-15 12:00,dfgx2,36.0,131.3,8.8,14.0,1017.6,20000.0,1.0,"(36.0, 131.3)",159.0,0.9999856948852539
8758826,256,2019-04-15 12:00,dfgx2,36.0,131.3,,14.0,1017.6,20010.0,1.0,"(36.0, 131.3)",159.0,0.9999856948852539
8762231,10256,2019-04-15 12:00,dgen,54.5,8.0,5.0,7.5,1031.6,,0.0,"(54.5, 8.0)",160.0,0.9999383687973022
8762250,256,2019-04-15 12:00,dgen,54.5,8.0,,7.5,1031.6,,0.0,"(54.5, 8.0)",160.0,0.9999383687973022
8760971,256,2019-04-15 12:00,dgwd2,10.3,107.8,,29.0,1011.6,20010.0,2.0,"(10.3, 107.8)",161.0,0.9999856948852539
8760731,10256,2019-04-15 12:00,dgwd2,10.3,107.8,,29.0,1011.6,20000.0,2.0,"(10.3, 107.8)",161.0,0.9999856948852539
8759983,256,2019-04-15 12:00,dgzr2,41.3,-165.6,,9.0,1012.6,510.0,61.0,"(41.3, -165.6)",162.0,0.9999899864196777
8759984,10256,2019-04-15 12:00,dgzr2,41.3,-165.6,,9.0,1012.6,500.0,61.0,"(41.3, -165.6)",162.0,0.9999899864196777
8759265,256,2019-04-15 12:00,dhbn,-34.2,168.4,,21.0,1023.0,20010.0,2.0,"(-34.2, 168.4)",163.0,0.9999856948852539
8759039,10256,2019-04-15 12:00,dhbn,-34.2,168.4,,21.0,1023.0,20000.0,2.0,"(-34.2, 168.4)",163.0,0.9999856948852539
8759094,10256,2019-04-15 12:00,dihc,46.7,159.9,,2.0,1024.9,20000.0,3.0,"(46.7, 159.9)",164.0,0.9999856948852539
8759110,256,2019-04-15 12:00,dihc,46.7,159.9,,2.0,1024.9,20010.0,3.0,"(46.7, 159.9)",164.0,0.9999856948852539
8824699,10256,2019-04-15 12:00,diti2,28.0,-94.4,18.0,,1018.6,20000.0,1.0,"(28.0, -94.4)",,
8763620,256,2019-04-15 12:00,diti2,25.8,-95.6,,,1016.5,20010.0,1.0,"(25.8, -95.6)",165.0,0.9999856948852539
8763164,10256,2019-04-15 12:00,diti2,25.8,-95.6,18.0,,1016.5,20000.0,1.0,"(25.8, -95.6)",165.0,0.9999856948852539
8759634,256,2019-04-15 12:00,djpz2,48.7,-16.8,,12.0,1001.1,10010.0,2.0,"(48.7, -16.8)",166.0,0.9999856948852539
8759571,10256,2019-04-15 12:00,djpz2,48.7,-16.8,,12.0,1001.1,10000.0,2.0,"(48.7, -16.8)",166.0,0.9999856948852539
8759135,10256,2019-04-15 12:00,djqb2,17.4,-68.9,,24.0,1015.0,20000.0,1.0,"(17.4, -68.9)",,
8759122,256,2019-04-15 12:00,djqc2,-20.8,-75.0,,21.0,1014.4,20010.0,2.0,"(-20.8, -75.0)",167.0,0.9999856948852539
8759134,10256,2019-04-15 12:00,djqc2,-20.8,-75.0,15.5,21.0,1014.4,20000.0,2.0,"(-20.8, -75.0)",167.0,0.9999856948852539
8820436,10256,2019-04-15 12:00,djqc2,-16.8,-76.0,19.0,23.0,1012.2,20000.0,1.0,"(-16.8, -76.0)",168.0,0.9999856948852539
8820424,256,2019-04-15 12:00,djqc2,-16.8,-76.0,,23.0,1012.2,20010.0,1.0,"(-16.8, -76.0)",168.0,0.9999856948852539
8821247,10384,2019-04-15 12:00,eucde08,50.03,-2.73,,10.92,1014.7,,,"(50.03, -2.73)",,
8759925,10384,2019-04-15 12:00,eucde08,51.18,1.68,,10.23,1026.4,,,"(51.18, 1.68)",169.0,0.9999803304672241
8761172,384,2019-04-15 12:00,eucde08,51.2,1.7,,10.2,1026.4,,509.0,"(51.2, 1.7)",169.0,0.9999803304672241
8759874,10384,2019-04-15 12:00,eucde09,46.72,-71.38,,3.42,1011.7,,,"(46.72, -71.38)",170.0,0.9999790191650391
8761134,384,2019-04-15 12:00,eucde09,46.7,-71.4,,3.4,1011.7,,509.0,"(46.7, -71.4)",170.0,0.9999790191650391
8821235,10384,2019-04-15 12:00,eucde09,48.7,-68.41,,3.06,1002.4,,,"(48.7, -68.41)",,
8759863,10384,2019-04-15 12:00,eucde19,31.6,133.24,,,1014.1,,,"(31.6, 133.24)",171.0,0.9999488592147827
8821249,10384,2019-04-15 12:00,eucde19,32.86,137.1,,,1016.7,,,"(32.86, 137.1)",,
8761121,384,2019-04-15 12:00,eucde19,31.6,133.2,,,1014.1,,509.0,"(31.6, 133.2)",171.0,0.9999488592147827
8822575,384,2019-04-15 12:00,eucde25,32.7,-16.7,,,1020.9,,509.0,"(32.7, -16.7)",,
8762482,10256,2019-04-15 12:00,lxvq,39.0,-10.0,,16.0,1012.9,10000.0,2.0,"(39.0, -10.0)",172.0,0.9999856948852539
8762309,256,2019-04-15 12:00,lxvq,39.0,-10.0,,16.0,1012.9,10010.0,2.0,"(39.0, -10.0)",172.0,0.9999856948852539
8762310,256,2019-04-15 12:00,oxcq2,5.4,-26.5,,28.0,1014.0,20010.0,3.0,"(5.4, -26.5)",173.0,0.9999856948852539
8762485,10256,2019-04-15 12:00,oxcq2,5.4,-26.5,,28.0,1014.0,20000.0,3.0,"(5.4, -26.5)",173.0,0.9999856948852539
8787522,256,2019-04-15 12:00,vrgj3,42.1,-35.0,,16.0,1005.0,10010.0,2.0,"(42.1, -35.0)",174.0,0.9999765168793774
8822007,256,2019-04-15 12:00,vrgj3,43.9,-30.5,,14.0,992.0,10010.0,3.0,"(43.9, -30.5)",,
8787582,10256,2019-04-15 12:00,vrgj3,42.1,-35.0,16.0,16.0,1005.0,10000.0,2.0,"(42.1, -35.0)",174.0,0.9999765168793774
8782214,256,2019-04-15 12:00,vrgj3,42.1,-35.0,,16.0,1005.0,10010.0,2.0,"(42.1, -35.0)",174.0,0.9999765168793774
8782095,10256,2019-04-15 12:00,vrgj3,42.1,-35.0,16.0,16.0,1005.0,10000.0,2.0,"(42.1, -35.0)",174.0,0.9999765168793774
8762483,10256,2019-04-15 12:00,zdnc5,6.0,-11.4,,30.0,1012.1,20000.0,1.0,"(6.0, -11.4)",175.0,0.9999856948852539
8762311,256,2019-04-15 12:00,zdnc5,6.0,-11.4,,30.0,1012.1,20010.0,1.0,"(6.0, -11.4)",175.0,0.9999856948852539
8902702,10384,2019-04-16 01:00,dbfi,53.9,8.7,,9.0,1025.0,,509.0,"(53.9, 8.7)",,
8916005,256,2019-04-16 01:00,dcpp2,34.3,20.3,,16.0,1011.2,10010.0,2.0,"(34.3, 20.3)",176.0,0.9999856948852539
8916191,10256,2019-04-16 01:00,dcpp2,34.3,20.3,14.5,16.0,1011.2,10000.0,2.0,"(34.3, 20.3)",176.0,0.9999856948852539
8907668,10384,2019-04-16 02:00,dbfi,53.9,8.7,,9.1,1024.9,,509.0,"(53.9, 8.7)",,
8905777,10256,2019-04-16 02:00,dcpx2,12.2,131.0,29.0,28.0,1014.0,20000.0,2.0,"(12.2, 131.0)",177.0,0.9999856948852539
8905732,256,2019-04-16 02:00,dcpx2,12.2,131.0,,28.0,1014.0,20010.0,2.0,"(12.2, 131.0)",177.0,0.9999856948852539
8898779,384,2019-04-16 03:00,dblk,-52.8,-67.9,,9.0,994.7,,509.0,"(-52.8, -67.9)",178.0,0.9999383687973022
8898740,10384,2019-04-16 03:00,dblk,-52.8,-67.9,,9.0,994.7,,509.0,"(-52.8, -67.9)",178.0,0.9999383687973022
8899222,10256,2019-04-16 03:00,defy,40.3,-21.2,14.1,12.9,998.9,,2.0,"(40.3, -21.2)",179.0,0.9999383687973022
8899648,256,2019-04-16 03:00,defy,40.3,-21.2,,12.9,998.9,,2.0,"(40.3, -21.2)",179.0,0.9999383687973022
8900985,256,2019-04-16 03:00,dgqd2,5.7,96.6,,31.7,1012.6,20010.0,2.0,"(5.7, 96.6)",180.0,0.9999856948852539
8900995,10256,2019-04-16 03:00,dgqd2,5.7,96.6,25.0,31.7,1012.6,20000.0,2.0,"(5.7, 96.6)",180.0,0.9999856948852539
8902754,256,2019-04-16 03:00,dgzr2,39.9,-176.9,,10.0,1022.0,20010.0,2.0,"(39.9, -176.9)",181.0,0.9999856948852539
8902750,10256,2019-04-16 03:00,dgzr2,39.9,-176.9,,10.0,1022.0,20000.0,2.0,"(39.9, -176.9)",181.0,0.9999856948852539
8901231,256,2019-04-16 03:00,djpz2,45.1,-28.0,,15.0,992.9,10010.0,51.0,"(45.1, -28.0)",182.0,0.9999856948852539
8901504,10256,2019-04-16 03:00,djpz2,45.1,-28.0,,15.0,992.9,10000.0,51.0,"(45.1, -28.0)",182.0,0.9999856948852539
8905774,10256,2019-04-16 03:00,vrex7,10.0,-78.3,22.0,28.0,1013.5,20000.0,2.0,"(10.0, -78.3)",183.0,0.9999856948852539
8905729,256,2019-04-16 03:00,vrex7,10.0,-78.3,,28.0,1013.5,20010.0,2.0,"(10.0, -78.3)",183.0,0.9999856948852539
8903157,384,2019-04-16 04:00,6201065,54.0,6.6,,,1023.6,,509.0,"(54.0, 6.6)",,
8903159,384,2019-04-16 04:00,6201066,55.2,7.2,,,1026.9,,509.0,"(55.2, 7.2)",,
8901850,10384,2019-04-16 04:00,dbba,54.1,12.1,,8.6,1026.2,,509.0,"(54.1, 12.1)",,
8903210,10384,2019-04-16 04:00,dbbe,14.1,-125.7,,26.6,1014.0,,509.0,"(14.1, -125.7)",,
8902565,10384,2019-04-16 04:00,dbbt,-28.7,-36.9,,25.3,1020.2,,509.0,"(-28.7, -36.9)",,
8901736,10384,2019-04-16 04:00,dbea,54.0,8.2,,7.2,1024.1,,509.0,"(54.0, 8.2)",,
8918037,10384,2019-04-16 04:00,dbfi,53.9,8.7,,9.3,1024.4,,509.0,"(53.9, 8.7)",,
8901883,10384,2019-04-16 04:00,dbjm,53.9,8.9,,8.7,1024.8,,509.0,"(53.9, 8.9)",,
8902546,10384,2019-04-16 04:00,dbkr,54.1,12.1,,8.1,1026.2,,509.0,"(54.1, 12.1)",184.0,0.9999383687973022
8902547,384,2019-04-16 04:00,dbkr,54.1,12.1,,8.1,1026.2,,509.0,"(54.1, 12.1)",184.0,0.9999383687973022
8903477,10384,2019-04-16 04:00,dbkv,54.33,10.18,,8.07,1026.2,,,"(54.33, 10.18)",185.0,0.9999564290046692
8902925,384,2019-04-16 04:00,dbkv,54.3,10.2,,8.1,1026.2,,509.0,"(54.3, 10.2)",185.0,0.9999564290046692
8903752,10384,2019-04-16 04:00,dblk,-52.9,-67.6,,9.0,994.5,,509.0,"(-52.9, -67.6)",186.0,0.9999383687973022
8903783,384,2019-04-16 04:00,dblk,-52.9,-67.6,,9.0,994.5,,509.0,"(-52.9, -67.6)",186.0,0.9999383687973022
8903474,10384,2019-04-16 04:00,dbnd,54.33,10.15,,8.38,1026.3,,,"(54.33, 10.15)",187.0,0.9999051690101624
8902922,384,2019-04-16 04:00,dbnd,54.3,10.2,,8.4,1026.3,,509.0,"(54.3, 10.2)",187.0,0.9999051690101624
8902899,384,2019-04-16 04:00,eucde08,49.8,-9.3,,11.2,1012.5,,509.0,"(49.8, -9.3)",188.0,0.9999849796295166
8903441,10384,2019-04-16 04:00,eucde08,49.82,-9.29,,11.2,1012.5,,,"(49.82, -9.29)",188.0,0.9999849796295166
8903445,10384,2019-04-16 04:00,eucde09,49.28,-64.17,,0.1,987.2,,,"(49.28, -64.17)",189.0,0.999970018863678
8902909,384,2019-04-16 04:00,eucde09,49.3,-64.2,,0.1,987.2,,509.0,"(49.3, -64.2)",189.0,0.999970018863678
8902895,384,2019-04-16 04:00,eucde16,52.1,3.9,,,1016.4,,509.0,"(52.1, 3.9)",,
8903448,10384,2019-04-16 04:00,eucde19,34.19,142.59,,,1019.0,,,"(34.19, 142.59)",190.0,0.9999942183494568
8902888,384,2019-04-16 04:00,eucde19,34.2,142.6,,,1019.0,,509.0,"(34.2, 142.6)",190.0,0.9999942183494568
8903597,10384,2019-04-16 04:00,eucde20,21.01,-72.95,,,1017.2,,,"(21.01, -72.95)",,
8903082,10256,2019-04-16 04:00,v7wu3,32.4,165.4,12.0,17.0,1025.0,20000.0,3.0,"(32.4, 165.4)",191.0,0.9999856948852539
8903079,256,2019-04-16 04:00,v7wu3,32.4,165.4,,17.0,1025.0,20010.0,3.0,"(32.4, 165.4)",191.0,0.9999856948852539
8916008,256,2019-04-16 05:00,cqib6,-34.2,26.6,,24.0,1013.4,20010.0,3.0,"(-34.2, 26.6)",192.0,0.9999856948852539
8916194,10256,2019-04-16 05:00,cqib6,-34.2,26.6,19.0,24.0,1013.4,20000.0,3.0,"(-34.2, 26.6)",192.0,0.9999856948852539
8906963,10384,2019-04-16 05:00,dbba,54.1,12.1,,8.6,1026.0,,509.0,"(54.1, 12.1)",193.0,0.9999383687973022
8906961,384,2019-04-16 05:00,dbba,54.1,12.1,,8.6,1026.0,,509.0,"(54.1, 12.1)",193.0,0.9999383687973022
8907657,10384,2019-04-16 05:00,dbbt,-28.7,-36.9,,25.1,1019.7,,509.0,"(-28.7, -36.9)",,
8906852,10384,2019-04-16 05:00,dbea,54.0,8.2,,7.2,1023.3,,509.0,"(54.0, 8.2)",,
8923631,10384,2019-04-16 05:00,dbfi,53.9,8.7,,9.4,1024.1,,509.0,"(53.9, 8.7)",,
8906967,10384,2019-04-16 05:00,dbjm,53.9,8.9,,8.7,1024.6,,509.0,"(53.9, 8.9)",,
8907644,384,2019-04-16 05:00,dbkr,54.1,12.1,,8.3,1025.9,,509.0,"(54.1, 12.1)",,
8908543,10384,2019-04-16 05:00,dbkv,54.33,10.18,,8.07,1025.9,,,"(54.33, 10.18)",194.0,0.9999564290046692
8907931,384,2019-04-16 05:00,dbkv,54.3,10.2,,8.1,1025.9,,509.0,"(54.3, 10.2)",194.0,0.9999564290046692
8907894,384,2019-04-16 05:00,dbnd,54.3,10.2,,8.0,1026.0,,509.0,"(54.3, 10.2)",195.0,0.9999051690101624
8908536,10384,2019-04-16 05:00,dbnd,54.33,10.15,,8.04,1026.0,,,"(54.33, 10.15)",195.0,0.9999051690101624
8907879,384,2019-04-16 05:00,eucde08,49.9,-9.7,,11.5,1012.5,,509.0,"(49.9, -9.7)",196.0,0.9997398853302002
8908511,10384,2019-04-16 05:00,eucde08,49.85,-9.74,,11.48,1012.5,,,"(49.85, -9.74)",196.0,0.9997398853302002
8908518,10384,2019-04-16 05:00,eucde09,49.18,-63.91,,-0.1,986.6,,,"(49.18, -63.91)",197.0,0.9999849200248718
8907898,384,2019-04-16 05:00,eucde09,49.2,-63.9,,-0.1,986.6,,509.0,"(49.2, -63.9)",197.0,0.9999849200248718
8907914,384,2019-04-16 05:00,eucde19,34.2,143.0,,,1018.8,,509.0,"(34.2, 143.0)",198.0,0.9998717308044434
8908509,10384,2019-04-16 05:00,eucde19,34.22,142.95,,,1018.8,,,"(34.22, 142.95)",198.0,0.9998717308044434
8908554,10384,2019-04-16 05:00,eucde26,19.12,-96.05,,,1018.3,,,"(19.12, -96.05)",,
8913439,10256,2019-04-16 06:00,9ha4143,10.2,109.9,27.0,30.0,1009.5,20000.0,0.0,"(10.2, 109.9)",,
8914681,256,2019-04-16 06:00,a8un3,17.4,-72.7,,27.0,1015.0,20010.0,2.0,"(17.4, -72.7)",,
8916053,10256,2019-04-16 06:00,a8ve3,26.9,123.0,20.0,22.0,1010.5,4000.0,63.0,"(26.9, 123.0)",199.0,0.9999876618385315
8915957,256,2019-04-16 06:00,a8ve3,26.9,123.0,,22.0,1010.5,4010.0,63.0,"(26.9, 123.0)",199.0,0.9999876618385315
8916197,10256,2019-04-16 06:00,cqin5,12.6,44.9,27.0,28.0,1011.0,10000.0,3.0,"(12.6, 44.9)",200.0,0.9999856948852539
8916010,256,2019-04-16 06:00,cqin5,12.6,44.9,,28.0,1011.0,10010.0,3.0,"(12.6, 44.9)",200.0,0.9999856948852539
8911590,10384,2019-04-16 06:00,dbea,54.0,8.2,,7.0,1023.3,,509.0,"(54.0, 8.2)",,
8914879,384,2019-04-16 06:00,dbkv,54.3,10.2,,8.0,1025.8,,509.0,"(54.3, 10.2)",201.0,0.9999564290046692
8913541,10384,2019-04-16 06:00,dbkv,54.33,10.18,,7.99,1025.8,,,"(54.33, 10.18)",201.0,0.9999564290046692
8913765,384,2019-04-16 06:00,dblk,-52.9,-67.0,,9.2,994.3,,509.0,"(-52.9, -67.0)",,
8913551,10384,2019-04-16 06:00,dbnd,54.33,10.16,,7.3,1025.8,,,"(54.33, 10.16)",202.0,0.9999294877052307
8914890,384,2019-04-16 06:00,dbnd,54.3,10.2,,7.3,1025.8,,509.0,"(54.3, 10.2)",202.0,0.9999294877052307
8913764,256,2019-04-16 06:00,dcpi2,19.4,-86.8,,28.0,1011.1,10010.0,2.0,"(19.4, -86.8)",,
8916009,256,2019-04-16 06:00,dcqp2,34.4,123.9,,10.0,1013.8,10010.0,3.0,"(34.4, 123.9)",203.0,0.9999856948852539
8916195,10256,2019-04-16 06:00,dcqp2,34.4,123.9,,10.0,1013.8,10000.0,3.0,"(34.4, 123.9)",203.0,0.9999856948852539
8914135,256,2019-04-16 06:00,defy,40.3,-20.9,,14.1,996.0,,0.0,"(40.3, -20.9)",,
8916209,256,2019-04-16 06:00,dfdh2,45.1,154.3,,1.5,998.7,1010.0,42.0,"(45.1, 154.3)",,
8916006,256,2019-04-16 06:00,dgqd2,5.9,95.7,,31.6,1011.3,10010.0,2.0,"(5.9, 95.7)",204.0,0.9999856948852539
8916192,10256,2019-04-16 06:00,dgqd2,5.9,95.7,25.0,31.6,1011.3,10000.0,2.0,"(5.9, 95.7)",204.0,0.9999856948852539
8913672,256,2019-04-16 06:00,dmrx,40.4,-124.5,,13.0,1011.7,10010.0,1.0,"(40.4, -124.5)",205.0,0.9999856948852539
8913677,10256,2019-04-16 06:00,dmrx,40.4,-124.5,,13.0,1011.7,10000.0,1.0,"(40.4, -124.5)",205.0,0.9999856948852539
8914872,384,2019-04-16 06:00,eucde08,49.9,-10.2,,11.6,1012.6,,509.0,"(49.9, -10.2)",206.0,0.9999546408653259
8913503,10384,2019-04-16 06:00,eucde08,49.87,-10.18,,11.61,1012.6,,,"(49.87, -10.18)",206.0,0.9999546408653259
8914849,384,2019-04-16 06:00,eucde09,49.1,-63.6,,0.6,984.6,,509.0,"(49.1, -63.6)",207.0,0.9999534487724304
8913508,10384,2019-04-16 06:00,eucde09,49.08,-63.64,,0.64,984.6,,,"(49.08, -63.64)",207.0,0.9999534487724304
8913500,10384,2019-04-16 06:00,eucde19,34.24,143.32,,,1018.8,,,"(34.24, 143.32)",208.0,0.9998943209648132
8914844,384,2019-04-16 06:00,eucde19,34.2,143.3,,,1018.8,,509.0,"(34.2, 143.3)",208.0,0.9998943209648132
8914865,256,2019-04-16 06:00,lxyo,-38.4,129.6,,15.0,1001.3,10010.0,3.0,"(-38.4, 129.6)",,
8916007,256,2019-04-16 06:00,oxcq2,-2.5,-30.2,,30.0,1010.8,20010.0,0.0,"(-2.5, -30.2)",209.0,0.9999856948852539
8916193,10256,2019-04-16 06:00,oxcq2,-2.5,-30.2,,30.0,1010.8,20000.0,0.0,"(-2.5, -30.2)",209.0,0.9999856948852539
8917999,256,2019-04-16 06:00,vreo9,31.8,-37.3,,22.0,1016.1,20010.0,2.0,"(31.8, -37.3)",210.0,0.9999856948852539
8918155,10256,2019-04-16 06:00,vreo9,31.8,-37.3,16.0,22.0,1016.1,20000.0,2.0,"(31.8, -37.3)",210.0,0.9999730766406756
8918019,10256,2019-04-16 06:00,vreo9,31.8,-37.3,16.0,22.0,1016.1,20000.0,2.0,"(31.8, -37.3)",210.0,0.9999730766406756
8916011,256,2019-04-16 06:00,zdnc5,4.2,-4.1,,31.0,1010.7,20010.0,13.0,"(4.2, -4.1)",211.0,0.9999856948852539
8916196,10256,2019-04-16 06:00,zdnc5,4.2,-4.1,,31.0,1010.7,20000.0,13.0,"(4.2, -4.1)",211.0,0.9999856948852539
8917998,10384,2019-04-16 07:00,dbbt,-28.7,-37.2,,25.1,1019.5,,509.0,"(-28.7, -37.2)",,
8917988,10384,2019-04-16 07:00,dbkr,54.2,12.1,,6.8,1025.6,,509.0,"(54.2, 12.1)",,
8918357,384,2019-04-16 07:00,dbkv,54.3,10.2,,7.9,1025.5,,509.0,"(54.3, 10.2)",,
8918336,384,2019-04-16 07:00,eucde08,49.9,-10.6,,11.7,1012.6,,509.0,"(49.9, -10.6)",,
8918356,384,2019-04-16 07:00,eucde09,49.0,-63.3,,0.0,984.3,,509.0,"(49.0, -63.3)",,
8986703,10384,2019-04-16 07:00,eucde27,41.38,-36.68,,,1013.7,,,"(41.38, -36.68)",,
8923611,10384,2019-04-16 08:00,dbbt,-28.7,-37.4,,25.1,1019.8,,509.0,"(-28.7, -37.4)",,
8923606,10384,2019-04-16 08:00,dbkr,54.3,12.1,,6.0,1025.7,,509.0,"(54.3, 12.1)",,
8993195,10384,2019-04-16 08:00,eucde33,26.26,-87.56,,,1018.6,,,"(26.26, -87.56)",,
9052620,10256,2019-04-16 09:00,cqib6,-34.8,21.8,17.5,18.0,1022.1,20000.0,1.0,"(-34.8, 21.8)",212.0,0.9999856948852539
9052574,256,2019-04-16 09:00,cqib6,-34.8,21.8,,18.0,1022.1,20010.0,1.0,"(-34.8, 21.8)",212.0,0.9999856948852539
8928822,384,2019-04-16 09:00,eucde13,53.6,8.5,,,1023.0,,509.0,"(53.6, 8.5)",,
8934517,10384,2019-04-16 10:00,eucde17,64.15,-21.86,,,1000.8,,,"(64.15, -21.86)",,
8933886,256,2019-04-16 10:00,eucde31,-9.6,-79.1,,,1012.3,,508.0,"(-9.6, -79.1)",,
8938771,384,2019-04-16 11:00,eucde12,-29.9,31.0,,,1013.6,,509.0,"(-29.9, 31.0)",,
8939388,10384,2019-04-16 11:00,eucde20,22.82,-71.49,,,1017.3,,,"(22.82, -71.49)",,
8943839,384,2019-04-16 12:00,6201065,54.0,6.6,,,1022.6,,509.0,"(54.0, 6.6)",,
8943840,384,2019-04-16 12:00,6201066,55.2,7.2,,,1025.2,,509.0,"(55.2, 7.2)",,
8885262,256,2019-04-16 12:00,a8ie9,47.1,-165.2,,5.8,1005.5,20010.0,2.0,"(47.1, -165.2)",213.0,0.9999856948852539
8885307,10256,2019-04-16 12:00,a8ie9,47.1,-165.2,7.0,5.8,1005.5,20000.0,2.0,"(47.1, -165.2)",213.0,0.9999856948852539
8952525,256,2019-04-16 12:00,a8ln2,42.9,-9.7,,14.1,1015.5,10010.0,3.0,"(42.9, -9.7)",,
8905776,10256,2019-04-16 12:00,a8tl8,0.0,106.1,26.0,29.2,1010.0,20000.0,509.0,"(0.0, 106.1)",214.0,0.9999856948852539
8905731,256,2019-04-16 12:00,a8tl8,0.0,106.1,,29.2,1010.0,20010.0,509.0,"(0.0, 106.1)",214.0,0.9999856948852539
8943665,10256,2019-04-16 12:00,a8ze4,12.5,111.2,28.0,31.5,1007.0,20000.0,2.0,"(12.5, 111.2)",,
8884054,10256,2019-04-16 12:00,cqec,12.7,43.2,26.0,28.0,1008.0,20000.0,3.0,"(12.7, 43.2)",,
8885263,256,2019-04-16 12:00,cqhf,41.1,-21.5,,,999.0,10010.0,2.0,"(41.1, -21.5)",215.0,0.9999856948852539
8885308,10256,2019-04-16 12:00,cqhf,41.1,-21.5,,,999.0,10000.0,2.0,"(41.1, -21.5)",215.0,0.9999856948852539
8885264,256,2019-04-16 12:00,cqhw,-5.7,111.4,,28.0,1007.0,20010.0,1.0,"(-5.7, 111.4)",216.0,0.9999856948852539
8885305,10256,2019-04-16 12:00,cqhw,-5.7,111.4,,28.0,1007.0,20000.0,1.0,"(-5.7, 111.4)",216.0,0.9999856948852539
8885309,10256,2019-04-16 12:00,cqit,-6.4,46.0,24.0,29.0,1010.2,,3.0,"(-6.4, 46.0)",217.0,0.9999383687973022
8885265,256,2019-04-16 12:00,cqit,-6.4,46.0,,29.0,1010.2,,3.0,"(-6.4, 46.0)",217.0,0.9999383687973022
8885299,10256,2019-04-16 12:00,d5rg3,35.8,-6.4,15.0,18.0,1020.9,20000.0,3.0,"(35.8, -6.4)",218.0,0.9999856948852539
8885259,256,2019-04-16 12:00,d5rg3,35.8,-6.4,,18.0,1020.9,20010.0,3.0,"(35.8, -6.4)",218.0,0.9999856948852539
8943768,10384,2019-04-16 12:00,dbbe,14.1,-125.9,,26.1,1012.1,,509.0,"(14.1, -125.9)",219.0,0.9999383687973022
8943841,384,2019-04-16 12:00,dbbe,14.1,-125.9,,26.1,1012.1,,509.0,"(14.1, -125.9)",219.0,0.9999383687973022
8944185,10384,2019-04-16 12:00,dbkv,54.33,10.18,,7.86,1024.6,,,"(54.33, 10.18)",,
8944178,10384,2019-04-16 12:00,dbnd,54.69,10.38,,6.76,1025.6,,,"(54.69, 10.38)",,
8944212,256,2019-04-16 12:00,dfgx2,42.4,144.9,,7.0,1011.2,20010.0,2.0,"(42.4, 144.9)",220.0,0.9999856948852539
8943849,10256,2019-04-16 12:00,dfgx2,42.4,144.9,3.1,7.0,1011.2,20000.0,2.0,"(42.4, 144.9)",220.0,0.9999856948852539
8944157,10384,2019-04-16 12:00,eucde08,49.97,-12.96,,12.02,1009.0,,,"(49.97, -12.96)",,
8944158,10384,2019-04-16 12:00,eucde09,48.41,-62.02,,-0.27,981.5,,,"(48.41, -62.02)",,
8944161,10384,2019-04-16 12:00,eucde19,34.67,145.25,,,1021.9,,,"(34.67, 145.25)",,
8885266,256,2019-04-16 12:00,lxvq,36.2,-3.1,,17.0,1017.2,20010.0,3.0,"(36.2, -3.1)",221.0,0.9999856948852539
8885306,10256,2019-04-16 12:00,lxvq,36.2,-3.1,,17.0,1017.2,20000.0,3.0,"(36.2, -3.1)",221.0,0.9999856948852539
8885267,256,2019-04-16 12:00,oxcr2,19.2,113.3,,26.0,1011.7,20010.0,2.0,"(19.2, 113.3)",222.0,0.9999856948852539
8885303,10256,2019-04-16 12:00,oxcr2,19.2,113.3,26.0,26.0,1011.7,20000.0,2.0,"(19.2, 113.3)",222.0,0.9999856948852539
9052613,10256,2019-04-17 02:00,dcpp2,37.5,11.2,16.0,15.0,1018.8,10000.0,2.0,"(37.5, 11.2)",223.0,0.9999856948852539
9052572,256,2019-04-17 02:00,dcpp2,37.5,11.2,,15.0,1018.8,10010.0,2.0,"(37.5, 11.2)",223.0,0.9999856948852539
9029562,10384,2019-04-17 02:00,eucde10,53.53,8.58,,,1023.5,,,"(53.53, 8.58)",,
9034468,384,2019-04-17 03:00,6201065,54.0,6.6,,,1023.0,,509.0,"(54.0, 6.6)",,
9034467,384,2019-04-17 03:00,6201066,55.2,7.2,,,1025.9,,509.0,"(55.2, 7.2)",,
9035799,10256,2019-04-17 03:00,9ha3769,34.4,124.6,,12.0,1014.0,10000.0,2.0,"(34.4, 124.6)",,
9034469,384,2019-04-17 03:00,dbbe,14.1,-125.9,,26.3,1014.4,,509.0,"(14.1, -125.9)",224.0,0.9999383687973022
9034457,10384,2019-04-17 03:00,dbbe,14.1,-125.9,,26.3,1014.4,,509.0,"(14.1, -125.9)",224.0,0.9999383687973022
9034891,384,2019-04-17 03:00,dbbh,16.6,-62.0,,26.4,1017.1,,509.0,"(16.6, -62.0)",225.0,0.9999383687973022
9035017,10384,2019-04-17 03:00,dbbh,16.6,-62.0,,26.4,1017.1,,509.0,"(16.6, -62.0)",225.0,0.9999383687973022
9034985,10384,2019-04-17 03:00,dbkv,54.33,10.18,,8.24,1026.9,,,"(54.33, 10.18)",,
9035219,384,2019-04-17 03:00,dblk,-53.4,-60.9,,6.8,985.1,,509.0,"(-53.4, -60.9)",226.0,0.9999383687973022
9035180,10384,2019-04-17 03:00,dblk,-53.4,-60.9,,6.8,985.1,,509.0,"(-53.4, -60.9)",226.0,0.9999383687973022
9034289,384,2019-04-17 03:00,dbnd,54.5,11.4,,5.7,1028.0,,509.0,"(54.5, 11.4)",227.0,0.9998356103897095
9034992,10384,2019-04-17 03:00,dbnd,54.46,11.35,,5.66,1028.0,,,"(54.46, 11.35)",227.0,0.9998356103897095
9038389,10256,2019-04-17 03:00,dfpg2,8.2,75.0,,33.0,1011.0,10000.0,3.0,"(8.2, 75.0)",,
9034967,10384,2019-04-17 03:00,eucde08,49.02,-19.83,,12.9,996.8,,,"(49.02, -19.83)",,
9034948,10384,2019-04-17 03:00,eucde19,36.06,150.61,,,1021.0,,,"(36.06, 150.61)",,
9052696,10256,2019-04-17 04:00,cqdb,21.0,114.3,24.0,27.0,1014.0,20000.0,510.0,"(21.0, 114.3)",,
9038478,10384,2019-04-17 04:00,dbea,54.0,8.2,,7.6,1024.2,,509.0,"(54.0, 8.2)",,
9043381,10384,2019-04-17 05:00,dbea,54.0,8.2,,7.6,1025.1,,509.0,"(54.0, 8.2)",,
9105833,384,2019-04-17 05:00,eucde18,9.5,-87.0,,,1010.6,,509.0,"(9.5, -87.0)",,
9105974,384,2019-04-17 05:00,eucde25,28.9,-14.2,,,1015.2,,509.0,"(28.9, -14.2)",,
9051338,256,2019-04-17 06:00,a8km8,6.2,93.0,,30.0,1012.0,20010.0,2.0,"(6.2, 93.0)",,
9051335,256,2019-04-17 06:00,a8km9,24.2,61.0,,25.0,1013.0,20010.0,510.0,"(24.2, 61.0)",,
9052576,256,2019-04-17 06:00,a8ky3,32.1,133.5,,23.2,1011.0,2010.0,61.0,"(32.1, 133.5)",228.0,0.9999876618385315
9052617,10256,2019-04-17 06:00,a8ky3,32.1,133.5,17.0,23.2,1011.0,2000.0,61.0,"(32.1, 133.5)",228.0,0.9999876618385315
9052573,256,2019-04-17 06:00,d5qi4,-12.6,54.5,,30.0,1013.8,20010.0,3.0,"(-12.6, 54.5)",229.0,0.9999856948852539
9052614,10256,2019-04-17 06:00,d5qi4,-12.6,54.5,,30.0,1013.8,20000.0,3.0,"(-12.6, 54.5)",229.0,0.9999856948852539
9051337,256,2019-04-17 06:00,dheh2,-41.3,-14.3,,14.0,1002.0,2010.0,58.0,"(-41.3, -14.3)",,
9052622,10256,2019-04-17 06:00,dkbw2,2.1,104.4,25.0,30.0,1009.0,20000.0,2.0,"(2.1, 104.4)",,
9050049,10384,2019-04-17 06:00,eucde12,-29.88,31.02,,,1020.6,,,"(-29.88, 31.02)",,
9051339,384,2019-04-17 06:00,eucde19,36.3,151.8,,,1020.1,,509.0,"(36.3, 151.8)",,
9051456,10256,2019-04-17 06:00,lxyo,-39.0,137.6,,14.0,1015.5,10000.0,3.0,"(-39.0, 137.6)",,
9052578,256,2019-04-17 06:00,oxcq2,-8.8,-33.3,,30.0,1010.7,20010.0,3.0,"(-8.8, -33.3)",230.0,0.9999856948852539
9052619,10256,2019-04-17 06:00,oxcq2,-8.8,-33.3,,30.0,1010.7,20000.0,3.0,"(-8.8, -33.3)",230.0,0.9999856948852539
9052579,256,2019-04-17 06:00,zdnc5,5.9,1.9,,31.0,1009.3,20010.0,3.0,"(5.9, 1.9)",231.0,0.9999856948852539
9052615,10256,2019-04-17 06:00,zdnc5,5.9,1.9,,31.0,1009.3,20000.0,3.0,"(5.9, 1.9)",231.0,0.9999856948852539
9055704,384,2019-04-17 07:00,dblk,-53.5,-59.7,,6.8,982.5,,509.0,"(-53.5, -59.7)",,
9055027,384,2019-04-17 07:00,eucde09,47.5,-58.5,,-0.2,987.1,,509.0,"(47.5, -58.5)",,
9121511,384,2019-04-17 08:00,eucde10,53.5,8.6,,,1027.5,,509.0,"(53.5, 8.6)",,
9070932,10384,2019-04-17 10:00,eucde13,52.93,4.0,,,1022.6,,,"(52.93, 4.0)",,
9073946,10384,2019-04-17 11:00,dbea,54.0,8.2,,7.4,1026.3,,509.0,"(54.0, 8.2)",,
9161264,384,2019-04-17 11:00,dbkr,54.9,13.7,,6.7,1032.9,,509.0,"(54.9, 13.7)",,
9208242,384,2019-04-18 01:00,eucde06,53.6,-4.3,,,1025.2,,509.0,"(53.6, -4.3)",,
9157604,384,2019-04-18 03:00,6201065,54.0,6.6,,,1029.6,,509.0,"(54.0, 6.6)",,
9157603,384,2019-04-18 03:00,6201066,55.2,7.2,,,1031.6,,509.0,"(55.2, 7.2)",,
9157282,10384,2019-04-18 03:00,dbbe,14.1,-125.9,,26.3,1012.6,,509.0,"(14.1, -125.9)",232.0,0.9999383687973022
9157605,384,2019-04-18 03:00,dbbe,14.1,-125.9,,26.3,1012.6,,509.0,"(14.1, -125.9)",232.0,0.9999383687973022
9157689,10384,2019-04-18 03:00,dbbh,16.6,-61.9,,26.5,1016.0,,509.0,"(16.6, -61.9)",233.0,0.9999383687973022
9157653,384,2019-04-18 03:00,dbbh,16.6,-61.9,,26.5,1016.0,,509.0,"(16.6, -61.9)",233.0,0.9999383687973022
9157195,10384,2019-04-18 03:00,dbbt,-27.3,-39.0,,25.7,1011.4,,509.0,"(-27.3, -39.0)",,
9157154,384,2019-04-18 03:00,dbkv,54.3,10.2,,8.7,1031.6,,509.0,"(54.3, 10.2)",234.0,0.9999564290046692
9157724,10384,2019-04-18 03:00,dbkv,54.33,10.18,,8.66,1031.6,,,"(54.33, 10.18)",234.0,0.9999564290046692
9157181,384,2019-04-18 03:00,dbnd,54.8,13.1,,5.5,1033.1,,509.0,"(54.8, 13.1)",235.0,0.9999305009841919
9157716,10384,2019-04-18 03:00,dbnd,54.83,13.06,,5.53,1033.1,,,"(54.83, 13.06)",235.0,0.9999305009841919
9157117,384,2019-04-18 03:00,eucde07,39.2,-76.5,,,1021.0,,509.0,"(39.2, -76.5)",,
9157699,10384,2019-04-18 03:00,eucde08,45.64,-30.07,,14.26,1007.2,,,"(45.64, -30.07)",236.0,0.9998785853385925
9157184,384,2019-04-18 03:00,eucde08,45.6,-30.1,,14.3,1007.2,,509.0,"(45.6, -30.1)",236.0,0.9998785853385925
9157704,10384,2019-04-18 03:00,eucde09,45.71,-54.63,,0.41,1010.4,,,"(45.71, -54.63)",237.0,0.9999811053276062
9157152,384,2019-04-18 03:00,eucde09,45.7,-54.6,,0.4,1010.4,,509.0,"(45.7, -54.6)",237.0,0.9999811053276062
9157200,384,2019-04-18 03:00,eucde19,36.6,159.5,,,1015.5,,509.0,"(36.6, 159.5)",238.0,0.9996809959411621
9157702,10384,2019-04-18 03:00,eucde19,36.55,159.54,,,1015.5,,,"(36.55, 159.54)",238.0,0.9996809959411621
9161263,10384,2019-04-18 04:00,dbba,54.2,12.0,,5.8,1031.9,,509.0,"(54.2, 12.0)",,
9161212,10384,2019-04-18 04:00,dbbc,53.8,7.7,,7.9,1029.5,,509.0,"(53.8, 7.7)",,
9162748,10384,2019-04-18 04:00,eucde13,51.95,4.0,,,1023.9,,,"(51.95, 4.0)",,
9168071,384,2019-04-18 05:00,dblk,-53.7,-53.2,,4.9,982.4,,509.0,"(-53.7, -53.2)",239.0,0.9999383687973022
9167937,10384,2019-04-18 05:00,dblk,-53.7,-53.2,,4.9,982.4,,509.0,"(-53.7, -53.2)",239.0,0.9999383687973022
9228581,384,2019-04-18 05:00,eucde12,-29.9,31.0,,,1018.6,,509.0,"(-29.9, 31.0)",,
9183811,10384,2019-04-18 08:00,eucde18,7.45,-82.94,,,1008.1,,,"(7.45, -82.94)",,
9254313,384,2019-04-18 10:00,eucde20,35.0,-55.1,,,1022.9,,509.0,"(35.0, -55.1)",,
9203515,10384,2019-04-18 12:00,eucde39,31.83,34.65,,,1016.8,,,"(31.83, 34.65)",,
9276455,10384,2019-04-19 02:00,eucde13,50.09,-2.4,,,1024.6,,,"(50.09, -2.4)",,
9339270,10384,2019-04-19 02:00,eucde30,51.65,2.23,,,1028.9,,,"(51.65, 2.23)",,
9349019,10384,2019-04-19 04:00,eucde04,49.14,-24.13,,,1025.2,,,"(49.14, -24.13)",,
9349050,10384,2019-04-19 04:00,eucde22,0.63,54.77,,,1010.2,,,"(0.63, 54.77)",,
9358919,10384,2019-04-19 06:00,eucde30,50.86,1.09,,,1029.2,,,"(50.86, 1.09)",,
9297535,384,2019-04-19 06:00,eucde39,31.8,34.7,,,1016.6,,509.0,"(31.8, 34.7)",,
9363778,384,2019-04-19 07:00,eucde27,49.2,-6.9,,,1028.2,,509.0,"(49.2, -6.9)",,
9376073,10384,2019-04-19 09:00,eucde34,51.28,4.38,,,1028.2,,,"(51.28, 4.38)",,
9459525,10384,2019-04-20 01:00,eucde29,23.63,58.57,,,1005.9,,,"(23.63, 58.57)",,
9424088,384,2019-04-20 06:00,eucde16,58.3,4.4,,,1034.5,,509.0,"(58.3, 4.4)",,
9434236,10384,2019-04-20 08:00,eucde04,47.65,-29.6,,,1026.7,,,"(47.65, -29.6)",,
9434242,10384,2019-04-20 08:00,eucde35,52.73,3.92,,,1030.6,,,"(52.73, 3.92)",,
9438580,256,2019-04-20 09:00,eucde35,52.5,3.8,,,1030.2,,508.0,"(52.5, 3.8)",,
9444119,10384,2019-04-20 10:00,eucde35,52.24,3.78,,,1029.9,,,"(52.24, 3.78)",,
9449383,10384,2019-04-20 11:00,eucde28,-7.74,120.47,,,1009.5,,,"(-7.74, 120.47)",,
9583761,384,2019-04-21 01:00,eucde23,47.3,-13.4,,,1019.5,,509.0,"(47.3, -13.4)",,
9527528,10256,2019-04-21 02:00,eucde34,51.3,4.3,,,1024.3,,2.0,"(51.3, 4.3)",,
9532045,384,2019-04-21 03:00,eucde10,53.5,8.6,,,1026.5,,509.0,"(53.5, 8.6)",,
9599891,10384,2019-04-21 04:00,eucde04,43.61,-39.59,,,1030.8,,,"(43.61, -39.59)",,
9543117,10384,2019-04-21 05:00,eucde33,26.53,-78.77,,,1017.7,,,"(26.53, -78.77)",,
9614553,384,2019-04-21 07:00,eucde12,-28.0,43.4,,,1017.2,,509.0,"(-28.0, 43.4)",,
9558495,384,2019-04-21 08:00,eucde10,53.5,8.6,,,1024.9,,509.0,"(53.5, 8.6)",,
9559146,10384,2019-04-21 08:00,eucde18,17.98,-76.83,,,1016.1,,,"(17.98, -76.83)",,
9563865,10384,2019-04-21 09:00,eucde33,26.46,-78.76,,,1017.4,,,"(26.46, -78.76)",,
9635150,384,2019-04-21 11:00,eucde29,25.9,55.5,,,1003.2,,509.0,"(25.9, 55.5)",,
9516372,10384,2019-04-21 12:00,eucde03,53.54,9.95,,,1028.8,,,"(53.54, 9.95)",,
9707737,10384,2019-04-22 01:00,eucde13,43.09,-26.23,,,1019.2,,,"(43.09, -26.23)",,
9717500,384,2019-04-22 03:00,eucde17,51.9,4.4,,,1004.8,,509.0,"(51.9, 4.4)",,
9727928,10384,2019-04-22 05:00,eucde32,52.07,3.34,,,1004.2,,,"(52.07, 3.34)",,
9676253,384,2019-04-22 07:00,eucde14,-14.2,-76.7,,,1011.8,,509.0,"(-14.2, -76.7)",,
9742954,384,2019-04-22 08:00,eucde07,42.9,-58.2,,,1026.3,,509.0,"(42.9, -58.2)",,
9687605,10384,2019-04-22 09:00,eucde14,-14.64,-76.5,,,1011.1,,,"(-14.64, -76.5)",,
9686961,384,2019-04-22 09:00,eucde27,51.4,1.9,,,1007.4,,509.0,"(51.4, 1.9)",,
9686949,384,2019-04-22 09:00,eucde39,36.7,13.4,,,1006.5,,509.0,"(36.7, 13.4)",,
9752584,10256,2019-04-22 10:00,eucde35,51.4,3.8,,,1001.3,,2.0,"(51.4, 3.8)",,
9833705,10384,2019-04-23 02:00,eucde03,53.54,9.95,,,1005.4,,,"(53.54, 9.95)",,
9773272,384,2019-04-23 02:00,eucde04,41.5,-50.8,,,1029.7,,509.0,"(41.5, -50.8)",,
9833654,10384,2019-04-23 02:00,eucde34,43.34,-3.03,,,995.6,,,"(43.34, -3.03)",,
9846408,384,2019-04-23 05:00,eucde22,-20.9,55.3,,,1015.2,,509.0,"(-20.9, 55.3)",,
9852245,10384,2019-04-23 06:00,eucde39,38.92,3.31,,,1002.5,,,"(38.92, 3.31)",,
9856303,384,2019-04-23 07:00,eucde14,-22.5,-73.4,,,1014.3,,509.0,"(-22.5, -73.4)",,
9803392,10384,2019-04-23 08:00,eucde10,53.53,8.58,,,1007.6,,,"(53.53, 8.58)",,
9802752,384,2019-04-23 08:00,eucde14,-19.9,-74.2,,,1013.3,,509.0,"(-19.9, -74.2)",,
9869183,384,2019-04-23 10:00,eucde24,38.2,122.3,,,1010.5,,509.0,"(38.2, 122.3)",,
9817237,384,2019-04-23 11:00,eucde06,51.3,4.2,,,997.7,,509.0,"(51.3, 4.2)",,
9764486,384,2019-04-23 12:00,eucde06,51.3,4.2,,,1001.7,,509.0,"(51.3, 4.2)",,
9947544,10384,2019-04-24 01:00,eucde14,-26.88,-72.72,,,1018.5,,,"(-26.88, -72.72)",,
9946900,384,2019-04-24 01:00,eucde26,23.9,-84.6,,,1015.9,,509.0,"(23.9, -84.6)",,
9887441,10384,2019-04-24 01:00,eucde34,43.34,-3.03,,,1000.3,,,"(43.34, -3.03)",,
9966927,256,2019-04-24 05:00,eucde35,49.6,-0.2,,,997.2,,508.0,"(49.6, -0.2)",,
9912862,384,2019-04-24 06:00,eucde08,45.6,-73.5,,5.6,999.9,,509.0,"(45.6, -73.5)",,
9911698,10384,2019-04-24 06:00,eucde34,43.34,-3.03,,,998.9,,,"(43.34, -3.03)",,
9976769,384,2019-04-24 07:00,eucde08,45.6,-73.5,,5.6,1006.9,,509.0,"(45.6, -73.5)",,
9916402,384,2019-04-24 07:00,eucde16,64.2,-21.9,,,995.7,,509.0,"(64.2, -21.9)",,
9922807,10384,2019-04-24 08:00,eucde23,40.18,-35.72,,,1020.0,,,"(40.18, -35.72)",,
9982423,384,2019-04-24 08:00,eucde27,51.9,4.4,,,1001.8,,509.0,"(51.9, 4.4)",,
9927411,10384,2019-04-24 09:00,eucde04,44.02,-61.7,,,1005.5,,,"(44.02, -61.7)",,
9927410,10384,2019-04-24 09:00,eucde32,49.97,-2.74,,,991.8,,,"(49.97, -2.74)",,
9927399,10384,2019-04-24 09:00,eucde39,39.42,-0.2,,,1010.4,,,"(39.42, -0.2)",,
9931894,384,2019-04-24 10:00,eucde14,-26.1,-72.8,,,1017.0,,509.0,"(-26.1, -72.8)",,
9992043,384,2019-04-24 10:00,eucde24,36.1,121.3,,,1008.1,,509.0,"(36.1, 121.3)",,
9992121,384,2019-04-24 10:00,eucde29,25.0,53.1,,,1011.7,,509.0,"(25.0, 53.1)",,
9997816,10384,2019-04-24 11:00,eucde04,44.67,-63.63,,,1005.3,,,"(44.67, -63.63)",,
9997110,384,2019-04-24 11:00,eucde14,-29.6,-72.3,,,1017.6,,509.0,"(-29.6, -72.3)",,
9937586,10384,2019-04-24 11:00,eucde25,28.86,-13.82,,,1017.8,,,"(28.86, -13.82)",,
9942212,10384,2019-04-24 12:00,eucde28,1.69,102.86,,,1008.7,,,"(1.69, 102.86)",,
10068234,10384,2019-04-25 01:00,eucde18,32.14,-81.14,,,1016.4,,,"(32.14, -81.14)",,
10012012,384,2019-04-25 02:00,eucde16,64.2,-21.9,,,999.1,,509.0,"(64.2, -21.9)",,
10072972,256,2019-04-25 02:00,eucde33,42.7,-41.1,,,1018.6,,508.0,"(42.7, -41.1)",,
10087131,10384,2019-04-25 05:00,eucde28,2.8,101.22,,,1010.0,,,"(2.8, 101.22)",,
10038396,384,2019-04-25 07:00,eucde07,45.9,-35.8,,,1017.0,,509.0,"(45.9, -35.8)",,
10097295,384,2019-04-25 07:00,eucde18,32.1,-81.1,,,1014.3,,509.0,"(32.1, -81.1)",,
10043265,384,2019-04-25 08:00,eucde26,26.7,-79.4,,,1015.0,,509.0,"(26.7, -79.4)",,
10043331,256,2019-04-25 08:00,eucde34,43.3,-3.0,,,1004.1,,508.0,"(43.3, -3.0)",,
10048498,10384,2019-04-25 09:00,eucde22,-21.52,57.36,,,1014.3,,,"(-21.52, 57.36)",,
10058196,10384,2019-04-25 11:00,eucde05,53.53,10.0,,,1009.9,,,"(53.53, 10.0)",,
10143374,384,2019-04-26 04:00,eucde12,-13.4,69.8,,,1012.0,,509.0,"(-13.4, 69.8)",,
10203918,384,2019-04-26 04:00,eucde16,61.1,-14.1,,,993.6,,509.0,"(61.1, -14.1)",,
10203972,10384,2019-04-26 04:00,eucde35,45.4,-6.0,,,1020.8,,,"(45.4, -6.0)",,
10143909,10384,2019-04-26 04:00,eucde36,49.48,0.16,,,1009.6,,,"(49.48, 0.16)",,
10154701,384,2019-04-26 06:00,eucde12,-13.1,70.2,,,1012.2,,509.0,"(-13.1, 70.2)",,
10154688,384,2019-04-26 06:00,eucde13,40.3,-53.2,,,1011.3,,509.0,"(40.3, -53.2)",,
10234102,10384,2019-04-26 10:00,eucde20,51.81,1.81,,,1010.5,,,"(51.81, 1.81)",,
10233405,256,2019-04-26 10:00,eucde34,43.6,-3.5,,,1027.8,,508.0,"(43.6, -3.5)",,
10308113,10384,2019-04-27 01:00,eucde27,50.04,-2.79,,,1016.6,,,"(50.04, -2.79)",,
10313330,10384,2019-04-27 02:00,eucde05,51.28,4.22,,,1011.2,,,"(51.28, 4.22)",,
10254935,10384,2019-04-27 02:00,eucde07,50.14,-19.1,,,1022.7,,,"(50.14, -19.1)",,
10258755,384,2019-04-27 03:00,eucde06,51.3,4.2,,,1011.4,,509.0,"(51.3, 4.2)",,
10258699,384,2019-04-27 03:00,eucde39,40.3,-10.1,,,1028.2,,509.0,"(40.3, -10.1)",,
10277545,256,2019-04-27 07:00,eucde36,50.0,-1.6,,,1011.6,,508.0,"(50.0, -1.6)",,
10283889,10384,2019-04-27 08:00,eucde09,53.83,6.55,,10.07,1008.4,,,"(53.83, 6.55)",,
10288325,10384,2019-04-27 09:00,eucde13,40.14,-59.55,,,1016.4,,,"(40.14, -59.55)",,
10355916,10384,2019-04-27 09:00,eucde23,32.59,-61.1,,,1016.0,,,"(32.59, -61.1)",,
10292930,10384,2019-04-27 10:00,eucde28,1.26,103.78,,,1008.9,,,"(1.26, 103.78)",,
10352081,256,2019-04-27 10:00,eucde32,43.6,-25.4,,,1020.1,,508.0,"(43.6, -25.4)",,
10302857,10384,2019-04-27 12:00,eucde34,43.56,-5.69,,,1030.1,,,"(43.56, -5.69)",,
10367438,10384,2019-04-28 01:00,eucde14,-37.03,-73.15,,,1016.9,,,"(-37.03, -73.15)",,
10376825,256,2019-04-28 03:00,eucde33,49.4,-11.4,,,1024.0,,508.0,"(49.4, -11.4)",,
10393154,256,2019-04-28 06:00,eucde32,43.1,-28.9,,,1013.0,,508.0,"(43.1, -28.9)",,
10461785,384,2019-04-28 08:00,eucde16,51.9,4.4,,,1022.3,,509.0,"(51.9, 4.4)",,
10406939,384,2019-04-28 09:00,eucde30,31.8,-10.6,,,1015.8,,509.0,"(31.8, -10.6)",,
10411793,384,2019-04-28 10:00,eucde04,40.5,-74.0,,,1014.5,,509.0,"(40.5, -74.0)",,
10412279,10384,2019-04-28 10:00,eucde32,42.88,-30.66,,,1015.5,,,"(42.88, -30.66)",,
10363309,384,2019-04-28 12:00,eucde04,40.7,-74.1,,,1008.7,,509.0,"(40.7, -74.1)",,
10363323,384,2019-04-28 12:00,eucde16,55.5,0.2,,,1010.7,,509.0,"(55.5, 0.2)",,
10423165,384,2019-04-28 12:00,eucde18,30.4,-81.5,,,1019.0,,509.0,"(30.4, -81.5)",,
10544379,384,2019-04-29 01:00,eucde07,53.5,-3.0,,,1025.6,,509.0,"(53.5, -3.0)",,
10554726,10384,2019-04-29 03:00,eucde39,51.81,1.79,,,1026.8,,,"(51.81, 1.79)",,
10500936,384,2019-04-29 04:00,eucde03,53.5,10.0,,,1022.6,,509.0,"(53.5, 10.0)",,
10501530,10384,2019-04-29 04:00,eucde05,51.28,4.22,,,1024.4,,,"(51.28, 4.22)",,
10501535,10384,2019-04-29 04:00,eucde16,51.89,4.43,,,1024.8,,,"(51.89, 4.43)",,
10510989,10384,2019-04-29 06:00,eucde16,51.89,4.43,,,1025.6,,,"(51.89, 4.43)",,
10583842,10384,2019-04-29 09:00,eucde33,49.59,-0.2,,,1024.8,,,"(49.59, -0.2)",,
10530764,10384,2019-04-29 10:00,eucde12,0.63,88.08,,,1007.9,,,"(0.63, 88.08)",,
10588603,10384,2019-04-29 10:00,eucde27,42.04,-20.09,,,1023.8,,,"(42.04, -20.09)",,
10588654,10384,2019-04-29 10:00,eucde28,-5.69,113.35,,,1009.8,,,"(-5.69, 113.35)",,
10540163,10384,2019-04-29 12:00,eucde13,40.58,-69.73,,,1028.6,,,"(40.58, -69.73)",,
10617907,384,2019-04-30 04:00,eucde13,40.5,-73.2,,,1025.5,,509.0,"(40.5, -73.2)",,
10618476,10384,2019-04-30 04:00,eucde17,64.15,-21.86,,,1021.1,,,"(64.15, -21.86)",,
10618486,10384,2019-04-30 04:00,eucde18,33.61,-78.04,,,1025.4,,,"(33.61, -78.04)",,
10623478,10384,2019-04-30 05:00,eucde03,53.54,9.96,,,1021.3,,,"(53.54, 9.96)",,
10682489,256,2019-04-30 05:00,eucde31,14.6,-61.0,,,1016.5,,508.0,"(14.6, -61.0)",,
10632377,384,2019-04-30 07:00,eucde28,-7.2,115.0,,,1008.3,,509.0,"(-7.2, 115.0)",,
10638038,384,2019-04-30 08:00,eucde04,39.2,-76.5,,,1020.9,,509.0,"(39.2, -76.5)",,
10657732,10384,2019-04-30 12:00,eucde33,51.38,2.74,,,1024.4,,,"(51.38, 2.74)",,
10776421,384,2019-05-01 01:00,eucde23,23.6,-82.2,,,1018.5,,509.0,"(23.6, -82.2)",,
10726038,10384,2019-05-01 02:00,eucde12,5.52,97.56,,,1012.0,,,"(5.52, 97.56)",,
10734775,10384,2019-05-01 04:00,eucde31,14.79,-61.31,,,1017.0,,,"(14.79, -61.31)",,
10758174,10384,2019-05-01 09:00,eucde24,29.81,122.63,,,1012.2,,,"(29.81, 122.63)",,
10818154,10384,2019-05-01 10:00,eucde03,53.54,9.96,,,1010.4,,,"(53.54, 9.96)",,
10762761,10384,2019-05-01 10:00,eucde12,4.35,99.36,,,1007.8,,,"(4.35, 99.36)",,
10822930,10384,2019-05-01 11:00,eucde04,36.86,-76.33,,,1022.6,,,"(36.86, -76.33)",,
10837177,384,2019-05-02 02:00,eucde03,53.5,10.0,,,1007.3,,509.0,"(53.5, 10.0)",,
10837780,10384,2019-05-02 02:00,eucde24,29.81,122.63,,,1018.0,,,"(29.81, 122.63)",,
10845948,256,2019-05-02 04:00,eucde32,34.9,-66.3,,,1028.5,,508.0,"(34.9, -66.3)",,
10908314,10384,2019-05-02 05:00,eucde36,48.08,-28.93,,,1008.3,,,"(48.08, -28.93)",,
10855662,10384,2019-05-02 06:00,eucde36,48.62,-24.01,,,1016.5,,,"(48.62, -24.01)",,
10870069,10384,2019-05-02 09:00,eucde05,53.46,-3.02,,,1014.4,,,"(53.46, -3.02)",,
10927420,10384,2019-05-02 09:00,eucde16,56.03,12.69,,,998.8,,,"(56.03, 12.69)",,
10931201,10384,2019-05-02 09:00,eucde25,28.86,-13.82,,,1014.1,,,"(28.86, -13.82)",,
10874296,384,2019-05-02 10:00,eucde06,53.5,10.0,,,1007.0,,509.0,"(53.5, 10.0)",,
10879585,10384,2019-05-02 11:00,eucde18,31.22,-77.0,,,1023.6,,,"(31.22, -77.0)",,
10879604,10384,2019-05-02 11:00,eucde30,5.58,-12.02,,,1012.6,,,"(5.58, -12.02)",,
10827492,10384,2019-05-02 12:00,eucde26,48.78,-19.87,,,1021.7,,,"(48.78, -19.87)",,
10884604,10384,2019-05-02 12:00,eucde28,-7.8,128.59,,,1013.3,,,"(-7.8, 128.59)",,
11003353,256,2019-05-03 01:00,eucde31,16.2,-61.5,,,1018.4,,508.0,"(16.2, -61.5)",,
10970155,10384,2019-05-03 06:00,eucde30,3.2,-7.02,,,1010.6,,,"(3.2, -7.02)",,
11050182,10384,2019-05-03 09:00,eucde16,56.23,11.34,,,997.5,,,"(56.23, 11.34)",,
10984364,384,2019-05-03 09:00,eucde16,56.2,10.2,,,1003.7,,509.0,"(56.2, 10.2)",,
10988780,10256,2019-05-03 10:00,eucde37,53.5,9.9,,,1009.1,,2.0,"(53.5, 9.9)",,
11051961,10384,2019-05-03 11:00,eucde20,52.33,3.15,,,1012.5,,,"(52.33, 3.15)",,
11051303,384,2019-05-03 11:00,eucde34,33.7,-40.0,,,1012.5,,509.0,"(33.7, -40.0)",,
11117918,10384,2019-05-04 01:00,eucde07,51.26,4.23,,,1013.8,,,"(51.26, 4.23)",,
11123470,10384,2019-05-04 02:00,eucde23,19.21,-96.13,,,1007.1,,,"(19.21, -96.13)",,
11066903,10384,2019-05-04 02:00,eucde27,25.68,-48.1,,,1021.9,,,"(25.68, -48.1)",,
11075836,10384,2019-05-04 04:00,eucde07,51.26,4.23,,,1011.2,,,"(51.26, 4.23)",,
11075816,10384,2019-05-04 04:00,eucde14,-23.66,-70.97,,,1014.8,,,"(-23.66, -70.97)",,
11141651,10384,2019-05-04 06:00,eucde03,53.54,9.96,,,1009.8,,,"(53.54, 9.96)",,
11141636,10384,2019-05-04 06:00,eucde24,34.19,122.3,,,1016.6,,,"(34.19, 122.3)",,
11094700,384,2019-05-04 08:00,eucde32,32.8,-79.9,,,1012.5,,509.0,"(32.8, -79.9)",,
11095362,10384,2019-05-04 08:00,eucde39,53.53,9.91,,,1005.4,,,"(53.53, 9.91)",,
11102975,384,2019-05-04 10:00,eucde25,28.9,-13.8,,,1018.3,,509.0,"(28.9, -13.8)",,
11161069,10384,2019-05-04 10:00,eucde29,26.42,35.11,,,1008.6,,,"(26.42, 35.11)",,
11160390,384,2019-05-04 10:00,eucde31,18.0,-58.3,,,1017.2,,509.0,"(18.0, -58.3)",,
11233502,10384,2019-05-05 01:00,eucde06,51.28,4.22,,,1023.1,,,"(51.28, 4.22)",,
11233460,10384,2019-05-05 01:00,eucde20,49.65,-10.86,,,1027.2,,,"(49.65, -10.86)",,
11175834,10384,2019-05-05 01:00,eucde21,53.91,14.26,,,1011.5,,,"(53.91, 14.26)",,
11233491,10384,2019-05-05 01:00,eucde29,27.23,33.85,,,1009.0,,,"(27.23, 33.85)",,
11175855,10384,2019-05-05 01:00,eucde29,26.96,34.38,,,1008.4,,,"(26.96, 34.38)",,
11232858,384,2019-05-05 01:00,eucde30,5.6,0.1,,,1009.8,,509.0,"(5.6, 0.1)",,
11248038,10384,2019-05-05 04:00,eucde37,51.42,3.97,,,1022.1,,,"(51.42, 3.97)",,
11252890,10384,2019-05-05 05:00,eucde25,28.86,-13.82,,,1018.8,,,"(28.86, -13.82)",,
11194806,10384,2019-05-05 05:00,eucde36,46.28,-54.35,,,1011.6,,,"(46.28, -54.35)",,
11252866,10384,2019-05-05 05:00,eucde37,51.38,4.15,,,1022.4,,,"(51.38, 4.15)",,
11199348,10384,2019-05-05 06:00,eucde35,32.13,33.84,,,1014.0,,,"(32.13, 33.84)",,
11262101,10384,2019-05-05 07:00,eucde23,22.48,-97.88,,,1009.7,,,"(22.48, -97.88)",,
11267568,10384,2019-05-05 08:00,eucde28,-11.59,146.58,,,1010.4,,,"(-11.59, 146.58)",,
11214492,10384,2019-05-05 09:00,eucde23,21.53,-96.96,,,1007.3,,,"(21.53, -96.96)",,
11213944,384,2019-05-05 09:00,eucde33,53.6,8.5,,,1017.6,,509.0,"(53.6, 8.5)",,
11229544,384,2019-05-05 12:00,eucde39,53.9,6.6,,,1019.6,,509.0,"(53.9, 6.6)",,
11296528,10384,2019-05-06 02:00,eucde04,43.01,-52.04,,,1014.4,,,"(43.01, -52.04)",,
11367994,10384,2019-05-06 05:00,eucde13,9.36,-79.88,,,1010.7,,,"(9.36, -79.88)",,
11310105,10384,2019-05-06 05:00,eucde21,55.37,13.15,,,1011.5,,,"(55.37, 13.15)",,
11316377,384,2019-05-06 06:00,eucde07,51.3,4.2,,,1021.9,,509.0,"(51.3, 4.2)",,
11324484,384,2019-05-06 08:00,eucde34,27.6,-52.0,,,1022.0,,509.0,"(27.6, -52.0)",,
11394734,10384,2019-05-06 09:00,eucde34,26.19,-54.74,,,1022.7,,,"(26.19, -54.74)",,
11334028,10384,2019-05-06 10:00,eucde31,21.83,-52.84,,,1021.6,,,"(21.83, -52.84)",,
11338218,384,2019-05-06 11:00,eucde17,51.9,4.4,,,1019.9,,509.0,"(51.9, 4.4)",,
11407710,10384,2019-05-07 01:00,eucde12,20.04,113.98,,,1007.6,,,"(20.04, 113.98)",,
11407700,10384,2019-05-07 01:00,eucde14,-15.35,-75.99,,,1012.5,,,"(-15.35, -75.99)",,
11471672,384,2019-05-07 02:00,eucde17,53.7,6.2,,,1015.8,,509.0,"(53.7, 6.2)",,
11490959,10384,2019-05-07 06:00,eucde33,55.56,-17.31,,,1007.7,,,"(55.56, -17.31)",,
11496300,10384,2019-05-07 07:00,eucde27,12.12,-68.92,,,1010.3,,,"(12.12, -68.92)",,
11495830,384,2019-05-07 07:00,eucde31,25.4,-47.6,,,1020.9,,509.0,"(25.4, -47.6)",,
11501381,384,2019-05-07 08:00,eucde03,53.5,10.0,,,1013.9,,509.0,"(53.5, 10.0)",,
11515716,10384,2019-05-07 11:00,eucde04,46.89,-35.13,,,1008.8,,,"(46.89, -35.13)",,
11515145,384,2019-05-07 11:00,eucde25,28.9,-13.8,,,1021.5,,509.0,"(28.9, -13.8)",,
11456340,384,2019-05-07 11:00,eucde29,29.5,35.0,,,1012.5,,509.0,"(29.5, 35.0)",,
11515148,384,2019-05-07 11:00,eucde30,5.6,0.0,,,1011.5,,509.0,"(5.6, 0.0)",,
11462676,384,2019-05-07 12:00,eucde21,55.4,13.2,,,1013.5,,509.0,"(55.4, 13.2)",,
11525698,10384,2019-05-08 01:00,eucde32,19.21,-96.13,,,1006.9,,,"(19.21, -96.13)",,
11594243,384,2019-05-08 03:00,eucde39,49.5,0.1,,,996.2,,509.0,"(49.5, 0.1)",,
11598984,384,2019-05-08 04:00,eucde28,-23.6,160.1,,,1015.6,,509.0,"(-23.6, 160.1)",,
11550134,10384,2019-05-08 06:00,eucde34,22.64,-61.35,,,1017.4,,,"(22.64, -61.35)",,
11610381,384,2019-05-08 06:00,eucde34,21.4,-63.7,,,1016.7,,509.0,"(21.4, -63.7)",,
11619380,384,2019-05-08 08:00,eucde23,21.4,-89.7,,,1007.4,,509.0,"(21.4, -89.7)",,
11565461,10384,2019-05-08 09:00,eucde03,53.54,9.96,,,1006.0,,,"(53.54, 9.96)",,
11704578,10384,2019-05-09 01:00,eucde24,31.62,123.89,,,1012.9,,,"(31.62, 123.89)",,
11649674,384,2019-05-09 02:00,eucde29,29.9,32.6,,,1013.2,,509.0,"(29.9, 32.6)",,
11714559,384,2019-05-09 03:00,eucde32,22.5,-97.9,,,1003.8,,509.0,"(22.5, -97.9)",,
11724339,384,2019-05-09 05:00,eucde04,50.4,-19.0,,,1005.5,,509.0,"(50.4, -19.0)",,
11670710,384,2019-05-09 06:00,eucde03,53.5,10.0,,,996.2,,509.0,"(53.5, 10.0)",,
11730697,384,2019-05-09 06:00,eucde27,12.5,-70.0,,,1010.3,,509.0,"(12.5, -70.0)",,
11734774,10384,2019-05-09 07:00,eucde03,53.54,9.96,,,998.8,,,"(53.54, 9.96)",,
11734770,10384,2019-05-09 07:00,eucde08,51.34,4.27,,14.46,1001.4,,,"(51.34, 4.27)",,
11739888,384,2019-05-09 08:00,eucde05,44.0,-57.8,,,1015.2,,509.0,"(44.0, -57.8)",,
11745504,384,2019-05-09 09:00,eucde09,45.6,-73.5,,8.5,1019.9,,509.0,"(45.6, -73.5)",,
11684479,10384,2019-05-09 09:00,eucde12,23.19,117.76,,,1006.7,,,"(23.19, 117.76)",,
11684466,10384,2019-05-09 09:00,eucde29,30.46,32.36,,,1014.2,,,"(30.46, 32.36)",,
11754825,10384,2019-05-09 11:00,eucde06,52.39,-5.95,,,1005.9,,,"(52.39, -5.95)",,
11754823,10384,2019-05-09 11:00,eucde36,45.56,-73.52,,,1018.5,,,"(45.56, -73.52)",,
11700605,384,2019-05-09 12:00,eucde30,5.2,-4.1,,,1010.7,,509.0,"(5.2, -4.1)",,
11640425,384,2019-05-09 12:00,eucde34,20.7,-64.8,,,1016.9,,509.0,"(20.7, -64.8)",,
11830425,10384,2019-05-10 02:00,eucde16,62.24,-15.34,,,1018.1,,,"(62.24, -15.34)",,
11770706,10384,2019-05-10 02:00,eucde30,5.27,-4.01,,,1010.3,,,"(5.27, -4.01)",,
11770028,384,2019-05-10 02:00,eucde35,32.9,35.0,,,1013.7,,509.0,"(32.9, 35.0)",,
11835081,10384,2019-05-10 03:00,eucde39,45.18,-8.72,,,1013.3,,,"(45.18, -8.72)",,
11844283,384,2019-05-10 05:00,eucde24,31.3,121.8,,,1013.1,,509.0,"(31.3, 121.8)",,
11859706,384,2019-05-10 08:00,eucde14,-5.1,-82.5,,,1010.6,,509.0,"(-5.1, -82.5)",,
11870369,384,2019-05-10 09:00,eucde25,28.9,-13.8,,,1016.6,,509.0,"(28.9, -13.8)",,
11945974,10384,2019-05-11 01:00,eucde34,11.65,-74.38,,,1011.7,,,"(11.65, -74.38)",,
11890113,384,2019-05-11 02:00,eucde03,53.5,10.0,,,1012.3,,509.0,"(53.5, 10.0)",,
11905445,10384,2019-05-11 05:00,eucde24,31.32,121.73,,,1012.8,,,"(31.32, 121.73)",,
11909998,10384,2019-05-11 06:00,eucde12,30.61,122.08,,,1013.0,,,"(30.61, 122.08)",,
11921055,10384,2019-05-11 08:00,eucde24,31.09,122.44,,,1013.0,,,"(31.09, 122.44)",,
11920528,384,2019-05-11 08:00,eucde29,34.6,20.6,,,1015.3,,509.0,"(34.6, 20.6)",,
11989389,10384,2019-05-11 09:00,eucde13,29.36,-72.25,,,1018.5,,,"(29.36, -72.25)",,
11991194,10384,2019-05-11 10:00,eucde26,56.82,-9.77,,,1031.9,,,"(56.82, -9.77)",,
11930092,384,2019-05-11 10:00,eucde31,34.3,-33.8,,,1006.3,,509.0,"(34.3, -33.8)",,
11935125,384,2019-05-11 11:00,eucde12,30.6,122.1,,,1013.2,,509.0,"(30.6, 122.1)",,
11995679,384,2019-05-11 11:00,eucde16,55.7,0.0,,,1030.7,,509.0,"(55.7, 0.0)",,
11995672,384,2019-05-11 11:00,eucde26,56.6,-10.2,,,1031.8,,509.0,"(56.6, -10.2)",,
11879610,10384,2019-05-11 12:00,eucde25,28.86,-13.82,,,1017.0,,,"(28.86, -13.82)",,
12072952,10384,2019-05-12 02:00,eucde23,16.46,-88.38,,,1010.8,,,"(16.46, -88.38)",,
12016003,384,2019-05-12 03:00,eucde22,-37.4,150.3,,,1024.9,,509.0,"(-37.4, 150.3)",,
12032275,384,2019-05-12 06:00,eucde36,47.0,-58.1,,,1000.0,,509.0,"(47.0, -58.1)",,
12036767,10384,2019-05-12 07:00,eucde14,2.64,-89.01,,,1010.9,,,"(2.64, -89.01)",,
12103002,10384,2019-05-12 08:00,eucde34,10.98,-74.76,,,1008.5,,,"(10.98, -74.76)",,
12041743,10384,2019-05-12 08:00,eucde37,38.4,-10.0,,,1017.1,,,"(38.4, -10.0)",,
12051478,10384,2019-05-12 10:00,eucde26,54.05,-14.89,,,1024.2,,,"(54.05, -14.89)",,
12117861,10384,2019-05-12 11:00,eucde05,40.5,-73.94,,,1011.4,,,"(40.5, -73.94)",,
12000969,10384,2019-05-12 12:00,eucde16,55.43,0.28,,,1031.4,,,"(55.43, 0.28)",,
12002256,384,2019-05-12 12:00,eucde28,-36.8,174.8,,,1014.6,,509.0,"(-36.8, 174.8)",,
12127687,384,2019-05-13 01:00,eucde25,28.9,-13.8,,,1013.5,,509.0,"(28.9, -13.8)",,
12127441,10384,2019-05-13 01:00,eucde37,35.9,-5.8,,,1013.8,,,"(35.9, -5.8)",,
12133756,384,2019-05-13 02:00,eucde12,30.9,130.5,,,1015.3,,509.0,"(30.9, 130.5)",,
12194520,10384,2019-05-13 02:00,eucde33,35.62,-68.07,,,1008.8,,,"(35.62, -68.07)",,
12134127,10384,2019-05-13 02:00,eucde39,36.35,-2.33,,,1018.3,,,"(36.35, -2.33)",,
12199016,10384,2019-05-13 03:00,eucde26,47.91,-25.25,,,1005.7,,,"(47.91, -25.25)",,
12138637,10384,2019-05-13 03:00,eucde32,29.91,-90.11,,,1009.7,,,"(29.91, -90.11)",,
12148903,10384,2019-05-13 05:00,eucde39,36.46,-1.4,,,1018.6,,,"(36.46, -1.4)",,
12164147,384,2019-05-13 08:00,eucde29,39.8,13.7,,,1008.2,,509.0,"(39.8, 13.7)",,
12239633,384,2019-05-13 11:00,eucde32,29.5,-89.6,,,1011.6,,509.0,"(29.5, -89.6)",,
12183953,10384,2019-05-13 12:00,eucde13,39.6,-75.57,,,1010.9,,,"(39.6, -75.57)",,
12124050,384,2019-05-13 12:00,eucde18,16.7,-100.5,,,1008.2,,509.0,"(16.7, -100.5)",,
12122715,10384,2019-05-13 12:00,eucde24,24.61,119.48,,,1012.1,,,"(24.61, 119.48)",,
12310241,10384,2019-05-14 01:00,eucde24,22.01,113.89,,,1008.6,,,"(22.01, 113.89)",,
12320205,384,2019-05-14 03:00,eucde05,38.1,-74.6,,,1012.0,,509.0,"(38.1, -74.6)",,
12260258,10384,2019-05-14 03:00,eucde26,45.68,-28.49,,,1010.0,,,"(45.68, -28.49)",,
12276030,384,2019-05-14 06:00,eucde07,54.0,7.9,,,1038.1,,509.0,"(54.0, 7.9)",,
12276032,384,2019-05-14 06:00,eucde15,54.0,8.5,,,1037.3,,509.0,"(54.0, 8.5)",,
12346493,10384,2019-05-14 08:00,eucde25,28.86,-13.82,,,1012.3,,,"(28.86, -13.82)",,
12346040,384,2019-05-14 08:00,eucde35,37.5,11.1,,,1013.2,,509.0,"(37.5, 11.1)",,
12430886,10384,2019-05-15 01:00,eucde12,33.38,135.62,,,1014.1,,,"(33.38, 135.62)",,
12493005,384,2019-05-15 01:00,eucde14,-13.8,66.7,,,1012.9,,509.0,"(-13.8, 66.7)",,
12461738,384,2019-05-15 06:00,eucde17,64.4,-21.8,,,1014.6,,509.0,"(64.4, -21.8)",,
12466343,384,2019-05-15 07:00,eucde06,43.3,-52.3,,,1004.9,,509.0,"(43.3, -52.3)",,
12466365,384,2019-05-15 07:00,eucde35,39.0,2.8,,,1013.0,,509.0,"(39.0, 2.8)",,
12472850,384,2019-05-15 08:00,eucde32,28.6,-86.7,,,1015.8,,509.0,"(28.6, -86.7)",,
12478943,10384,2019-05-15 09:00,eucde18,26.41,-116.38,,,1016.5,,,"(26.41, -116.38)",,
12478935,10384,2019-05-15 09:00,eucde36,46.81,-21.89,,,1022.9,,,"(46.81, -21.89)",,
12483992,384,2019-05-15 10:00,eucde06,43.4,-53.3,,,1006.5,,509.0,"(43.4, -53.3)",,
12367033,384,2019-05-15 12:00,eucde16,53.6,8.5,,,1031.7,,509.0,"(53.6, 8.5)",,
12511303,384,2019-05-16 02:00,eucde03,53.5,10.0,,,1022.6,,509.0,"(53.5, 10.0)",,
12574424,10384,2019-05-16 02:00,eucde14,19.07,-104.29,,,1013.2,,,"(19.07, -104.29)",,
12577518,384,2019-05-16 03:00,eucde29,41.2,13.6,,,1009.8,,509.0,"(41.2, 13.6)",,
12534144,384,2019-05-16 06:00,eucde07,52.3,-5.4,,,1020.2,,509.0,"(52.3, -5.4)",,
12598186,384,2019-05-16 07:00,eucde37,33.8,24.9,,,1011.6,,509.0,"(33.8, 24.9)",,
